{"type":"FeatureCollection","features":[{"type":"Feature","geometry":{"type":"Point","coordinates":[126.9917,37.31265]},"properties":{"id":"202437400000101276","name":"중부지방국세청","address":"경기도 수원시 장안구 경수대로 1110-17","category":"공중화장실","openHours":"09:00~18:00","owner":"공공기관-지방자치단체","hasDiaperTable":false,"geocodeType":"road"}},{"type":"Feature","geometry":{"type":"Point","coordinates":[127.04826,37.29444]},"properties":{"id":"202437400000101277","name":"차세대융합기술연구원","address":"경기도 수원시 영통구 광교로145","category":"공중화장실","openHours":"상시","owner":"공공기관-지방자치단체","hasDiaperTable":false,"geocodeType":"road"}},{"type":"Feature","geometry":{"type":"Point","coordinates":[127.00702,37.28064]},"properties":{"id":"202437400000101278","name":"경인지방병무청","address":"경기도 수원시 팔달구 고화로 120","category":"공중화장실","openHours":"09:00~18:00","owner":"공공기관-지방자치단체","hasDiaperTable":false,"geocodeType":"road"}},{"type":"Feature","geometry":{"type":"Point","coordinates":[127.04206,37.28788]},"properties":{"id":"202437400000101279","name":"월드컵주유소","address":"경기도 수원시 영통구 광교로 66(이의동)","category":"공중화장실","openHours":"상시","owner":"공공기관-지방자치단체","hasDiaperTable":false,"geocodeType":"road"}},{"type":"Feature","geometry":{"type":"Point","coordinates":[127,37.27339]},"properties":{"id":"202437400000101280","name":"쌍우물","address":"경기도 수원시 팔달구 고등로 31 (고등동)","category":"공중화장실","openHours":"상시","owner":"공공기관-지방자치단체","hasDiaperTable":true,"geocodeType":"road"}},{"type":"Feature","geometry":{"type":"Point","coordinates":[126.98757,37.31468]},"properties":{"id":"202437400000101281","name":"노송","address":"경기도 수원시 장안구 장안로346번길 70","category":"공중화장실","openHours":"상시","owner":"공공기관-지방자치단체","hasDiaperTable":true,"geocodeType":"parcel"}},{"type":"Feature","geometry":{"type":"Point","coordinates":[126.99274,37.28963]},"properties":{"id":"202437400000101282","name":"111CM","address":"경기도 수원시 장안구 수성로 195","category":"공중화장실","openHours":"상시","owner":"공공기관-지방자치단체","hasDiaperTable":true,"geocodeType":"road"}},{"type":"Feature","geometry":{"type":"Point","coordinates":[126.99274,37.28963]},"properties":{"id":"202437400000101283","name":"대유평","address":"경기도 수원시 장안구 수성로 195, 111CM (정자동)","category":"공중화장실","openHours":"상시","owner":"공공기관-지방자치단체","hasDiaperTable":true,"geocodeType":"road"}},{"type":"Feature","geometry":{"type":"Point","coordinates":[126.96977,37.23042]},"properties":{"id":"202437400000101284","name":"희망주유소","address":"경기도 수원시 권선구 서수원로63번길 171(오목천동)","category":"공중화장실","openHours":"상시","owner":"공공기관-지방자치단체","hasDiaperTable":false,"geocodeType":"road"}},{"type":"Feature","geometry":{"type":"Point","coordinates":[127.03009,37.26285]},"properties":{"id":"202437400000101285","name":"흠플러스 동수원점","address":"경기도 수원시 팔달구 효원로 257(인계동)","category":"공중화장실","openHours":"10:00~24:.00","owner":"공공기관-지방자치단체","hasDiaperTable":false,"geocodeType":"road"}},{"type":"Feature","geometry":{"type":"Point","coordinates":[127.02182,37.26453]},"properties":{"id":"202437400000101286","name":"효원주유소","address":"경기도 수원시 팔달구 효원로 181 (인계동)","category":"공중화장실","openHours":"06:00~22:00","owner":"공공기관-지방자치단체","hasDiaperTable":false,"geocodeType":"road"}},{"type":"Feature","geometry":{"type":"Point","coordinates":[126.98118,37.2863]},"properties":{"id":"202437400000101287","name":"황새말","address":"경기도 수원시 팔달구 일월로22번길 23, 녹색교통회관 (화서동)","category":"공중화장실","openHours":"상시","owner":"공공기관-지방자치단체","hasDiaperTable":true,"geocodeType":"road"}},{"type":"Feature","geometry":{"type":"Point","coordinates":[126.99092,37.28541]},"properties":{"id":"202437400000101288","name":"화서환승","address":"경기도 수원시 팔달구 덕영대로 691-13(화서2동)","category":"공중화장실","openHours":"상시","owner":"공공기관-지방자치단체","hasDiaperTable":false,"geocodeType":"road"}},{"type":"Feature","geometry":{"type":"Point","coordinates":[126.99294,37.28005]},"properties":{"id":"202437400000101289","name":"화서제일주유소","address":"경기도 수원시 팔달구 덕영대로749번길 2 (화서동)","category":"공중화장실","openHours":"06:00~22:00","owner":"공공기관-지방자치단체","hasDiaperTable":false,"geocodeType":"road"}},{"type":"Feature","geometry":{"type":"Point","coordinates":[126.9892,37.28489]},"properties":{"id":"202437400000101290","name":"화서역","address":"경기도 수원시 팔달구 덕영대로 692, 화서역 (화서동)","category":"공중화장실","openHours":"20시간","owner":"공공기관-지방자치단체","hasDiaperTable":false,"geocodeType":"road"}},{"type":"Feature","geometry":{"type":"Point","coordinates":[126.99316,37.28687]},"properties":{"id":"202437400000101291","name":"화서문지구대","address":"경기도 수원시 팔달구 수성로182번길 3(화서동)","category":"공중화장실","openHours":"상시","owner":"공공기관-지방자치단체","hasDiaperTable":false,"geocodeType":"road"}},{"type":"Feature","geometry":{"type":"Point","coordinates":[127.00874,37.2858]},"properties":{"id":"202437400000101292","name":"화서문","address":"경기도 수원시 장안구 화서문로 5(영화동)","category":"공중화장실","openHours":"상시","owner":"공공기관-지방자치단체","hasDiaperTable":true,"geocodeType":"road"}},{"type":"Feature","geometry":{"type":"Point","coordinates":[126.99744,37.28559]},"properties":{"id":"202437400000101293","name":"화서다산도서관","address":"경기도 수원시 팔달구 화양로68번길 7-35(화서동)","category":"공중화장실","openHours":"09:00~18:00(첫째, 셋째주 월요일 휴무)","owner":"공공기관-지방자치단체","hasDiaperTable":true,"geocodeType":"road"}},{"type":"Feature","geometry":{"type":"Point","coordinates":[126.9863,37.28509]},"properties":{"id":"202437400000101294","name":"화서2동행정복지센터","address":"경기도 수원시 팔달구 화산로6번길 6 (화서동)","category":"공중화장실","openHours":"평일 09:00~18:00","owner":"공공기관-지방자치단체","hasDiaperTable":false,"geocodeType":"road"}},{"type":"Feature","geometry":{"type":"Point","coordinates":[126.99501,37.27645]},"properties":{"id":"202437400000101295","name":"화서1동행정복지센터","address":"경기도 수원시 팔달구 동말로4번길 10(화서동)","category":"공중화장실","openHours":"평일 09:00~18:00","owner":"공공기관-지방자치단체","hasDiaperTable":true,"geocodeType":"road"}},{"type":"Feature","geometry":{"type":"Point","coordinates":[127.02577,37.21395]},"properties":{"id":"202437400000101296","name":"화산공원중앙","address":"경기도 화성시 태안로263번길 화산체육공원(송산동)","category":"공중화장실","openHours":"상시","owner":"공공기관-지방자치단체","hasDiaperTable":true,"geocodeType":"parcel"}},{"type":"Feature","geometry":{"type":"Point","coordinates":[127.02577,37.21395]},"properties":{"id":"202437400000101297","name":"화산공원","address":"경기도 화성시 태안로263번길 화산체육공원(송산동)","category":"공중화장실","openHours":"상시","owner":"공공기관-지방자치단체","hasDiaperTable":true,"geocodeType":"parcel"}},{"type":"Feature","geometry":{"type":"Point","coordinates":[127.0726,37.25181]},"properties":{"id":"202437400000101299","name":"홈플러스 영통점","address":"경기도 수원시 영통구 봉영로 1576(영통동)","category":"공중화장실","openHours":"10:00~24:.00","owner":"공공기관-지방자치단체","hasDiaperTable":false,"geocodeType":"road"}},{"type":"Feature","geometry":{"type":"Point","coordinates":[126.95586,37.27441]},"properties":{"id":"202437400000101300","name":"홈플러스 서수원점","address":"경기도 수원시 권선구 금곡로 236, 홈플러스 (금곡동)","category":"공중화장실","openHours":"10:00~12:00","owner":"공공기관-지방자치단체","hasDiaperTable":false,"geocodeType":"road"}},{"type":"Feature","geometry":{"type":"Point","coordinates":[127.0088,37.30277]},"properties":{"id":"202437400000101301","name":"홈플러스 북수원점","address":"경기도 수원시 장안구 경수대로 930(조원동)","category":"공중화장실","openHours":"10:00~24:00","owner":"공공기관-지방자치단체","hasDiaperTable":false,"geocodeType":"road"}},{"type":"Feature","geometry":{"type":"Point","coordinates":[126.95145,37.27321]},"properties":{"id":"202437400000101302","name":"호매실지구대","address":"경기도 수원시 권선구 금곡로 190(금곡동)","category":"공중화장실","openHours":"상시","owner":"공공기관-지방자치단체","hasDiaperTable":false,"geocodeType":"road"}},{"type":"Feature","geometry":{"type":"Point","coordinates":[126.95673,37.26317]},"properties":{"id":"202437400000101304","name":"호매실장애인종합복지관 1층","address":"경기도 수원시 권선구 호매실로 211(호매실동)","category":"공중화장실","openHours":"06:00~22:00","owner":"공공기관-지방자치단체","hasDiaperTable":true,"geocodeType":"road"}},{"type":"Feature","geometry":{"type":"Point","coordinates":[126.95706,37.26624]},"properties":{"id":"202437400000101305","name":"호매실동행정복지센터","address":"경기도 수원시 권선구 칠보로 161(호매실동)","category":"공중화장실","openHours":"평일 09:00~18:00","owner":"공공기관-지방자치단체","hasDiaperTable":true,"geocodeType":"road"}},{"type":"Feature","geometry":{"type":"Point","coordinates":[126.95793,37.26643]},"properties":{"id":"202437400000101306","name":"호매실도서관","address":"경기도 수원시 권선구 칠보로 169(호매실동)","category":"공중화장실","openHours":"평일 07:00 - 23:00, 주말 07:00 - 21:00","owner":"공공기관-지방자치단체","hasDiaperTable":false,"geocodeType":"road"}},{"type":"Feature","geometry":{"type":"Point","coordinates":[127.04526,37.28824]},"properties":{"id":"202437400000101307","name":"혜령","address":"경기도 수원시 영통구 에듀타운로 91(이의동)","category":"공중화장실","openHours":"06:00~22:00","owner":"공공기관-지방자치단체","hasDiaperTable":false,"geocodeType":"road"}},{"type":"Feature","geometry":{"type":"Point","coordinates":[126.95902,37.29255]},"properties":{"id":"202437400000101308","name":"형제주유소","address":"경기도 수원시 권선구 수인로 446 (입북동)","category":"공중화장실","openHours":"06:00~22:00","owner":"공공기관-지방자치단체","hasDiaperTable":false,"geocodeType":"road"}},{"type":"Feature","geometry":{"type":"Point","coordinates":[127.03658,37.25776]},"properties":{"id":"202437400000101309","name":"현충탑공원","address":"경기도 수원시 팔달구 동수원로 335(인계동)","category":"공중화장실","openHours":"상시","owner":"공공기관-지방자치단체","hasDiaperTable":true,"geocodeType":"road"}},{"type":"Feature","geometry":{"type":"Point","coordinates":[127.03531,37.27183]},"properties":{"id":"202437400000101310","name":"현대오일뱅크(주)직영 수원제일주유소","address":"경기도 수원시 팔달구 권광로 273 (인계동)","category":"공중화장실","openHours":"06:00~22:00","owner":"공공기관-지방자치단체","hasDiaperTable":false,"geocodeType":"road"}},{"type":"Feature","geometry":{"type":"Point","coordinates":[126.98367,37.31655]},"properties":{"id":"202437400000101311","name":"현대석유 서광주유소","address":"경기도 수원시 장안구 서부로 2370 (이목동, LG주유소)","category":"공중화장실","openHours":"상시","owner":"공공기관-지방자치단체","hasDiaperTable":false,"geocodeType":"road"}},{"type":"Feature","geometry":{"type":"Point","coordinates":[127.0009,37.3061]},"properties":{"id":"202437400000101312","name":"현대삼성주유소(태양제2)","address":"경기도 수원시 장안구 경수대로 1011 (송죽동)","category":"공중화장실","openHours":"06:00~22:00","owner":"공공기관-지방자치단체","hasDiaperTable":false,"geocodeType":"road"}},{"type":"Feature","geometry":{"type":"Point","coordinates":[126.96316,37.26097]},"properties":{"id":"202437400000101313","name":"행정타운주유소","address":"경기도 수원시 권선구 권선로 98 (호매실동)","category":"공중화장실","openHours":"상시","owner":"공공기관-지방자치단체","hasDiaperTable":false,"geocodeType":"road"}},{"type":"Feature","geometry":{"type":"Point","coordinates":[127.06599,37.28067]},"properties":{"id":"202437400000101314","name":"행복한들","address":"경기도 수원시 영통구 광교호수로 127(하동)","category":"공중화장실","openHours":"상시","owner":"공공기관-지방자치단체","hasDiaperTable":true,"geocodeType":"road"}},{"type":"Feature","geometry":{"type":"Point","coordinates":[127.0214,37.28307]},"properties":{"id":"202437400000101315","name":"행궁파출소","address":"경기도 수원시 팔달구 창룡대로 48(남수동)","category":"공중화장실","openHours":"상시","owner":"공공기관-지방자치단체","hasDiaperTable":false,"geocodeType":"road"}},{"type":"Feature","geometry":{"type":"Point","coordinates":[127.01264,37.28404]},"properties":{"id":"202437400000101316","name":"행궁동행정복지센터","address":"경기도 수원시 팔달구 신풍로23번길 40(신풍동)","category":"공중화장실","openHours":"평일 09:00~18:00","owner":"공공기관-지방자치단체","hasDiaperTable":false,"geocodeType":"road"}},{"type":"Feature","geometry":{"type":"Point","coordinates":[126.97796,37.31866]},"properties":{"id":"202437400000101317","name":"해우재","address":"경기도 수원시 장안구 장안로 463(이목동)","category":"공중화장실","openHours":"상시","owner":"공공기관-지방자치단체","hasDiaperTable":true,"geocodeType":"road"}},{"type":"Feature","geometry":{"type":"Point","coordinates":[127.00293,37.31636]},"properties":{"id":"202437400000101319","name":"항아리","address":"경기도 수원시 장안구 파장천로144-8(파장동)","category":"공중화장실","openHours":"상시","owner":"공공기관-지방자치단체","hasDiaperTable":true,"geocodeType":"road"}},{"type":"Feature","geometry":{"type":"Point","coordinates":[127.04805,37.29577]},"properties":{"id":"202437400000101320","name":"한미석유 동수원톨게이트","address":"경기도 수원시 영통구 창룡대로 363(이의동)","category":"공중화장실","openHours":"상시","owner":"공공기관-지방자치단체","hasDiaperTable":false,"geocodeType":"road"}},{"type":"Feature","geometry":{"type":"Point","coordinates":[127.02509,37.23769]},"properties":{"id":"202437400000101321","name":"한림도서관","address":"경기도 수원시 권선구 동수원로25번길 32-110, 한림도서관 (권선동)","category":"공중화장실","openHours":"평일 7:00~23:00, 주말 7:00~21:00","owner":"공공기관-지방자치단체","hasDiaperTable":false,"geocodeType":"road"}},{"type":"Feature","geometry":{"type":"Point","coordinates":[127.02698,37.26964]},"properties":{"id":"202437400000101322","name":"한독병원","address":"경기도 수원시 팔달구 경수대로 487, 한독병원 (인계동)","category":"공중화장실","openHours":"09:00~18:00","owner":"공공기관-지방자치단체","hasDiaperTable":false,"geocodeType":"road"}},{"type":"Feature","geometry":{"type":"Point","coordinates":[126.96137,37.24546]},"properties":{"id":"202437400000101323","name":"하이웨이주유소","address":"경기도 수원시 권선구 매송고색로 513 (오목천동)","category":"공중화장실","openHours":"06:00~22:00","owner":"공공기관-지방자치단체","hasDiaperTable":false,"geocodeType":"road"}},{"type":"Feature","geometry":{"type":"Point","coordinates":[127.02744,37.2863]},"properties":{"id":"202437400000101324","name":"하늘에너지(주)대창주유소","address":"경기도 수원시 팔달구 경수대로 682(우만동)","category":"공중화장실","openHours":"상시","owner":"공공기관-지방자치단체","hasDiaperTable":false,"geocodeType":"road"}},{"type":"Feature","geometry":{"type":"Point","coordinates":[127.00457,37.2808]},"properties":{"id":"202437400000101325","name":"푸른현대주유소","address":"경기도 수원시 팔달구 팔달로 137 (화서동)","category":"공중화장실","openHours":"상시","owner":"공공기관-지방자치단체","hasDiaperTable":false,"geocodeType":"road"}},{"type":"Feature","geometry":{"type":"Point","coordinates":[126.99436,37.25796]},"properties":{"id":"202437400000101327","name":"평동행정복지센터","address":"경기도 수원시 권선구 수원시 권선구 평동로76번길 13(평동)","category":"공중화장실","openHours":"평일 09:00~18:00","owner":"공공기관-지방자치단체","hasDiaperTable":false,"geocodeType":"road"}},{"type":"Feature","geometry":{"type":"Point","coordinates":[126.99721,37.25753]},"properties":{"id":"202437400000101328","name":"평동그린주유소","address":"경기도 수원시 권선구 매송고색로 864 (평동)","category":"공중화장실","openHours":"06:00~22:00","owner":"공공기관-지방자치단체","hasDiaperTable":false,"geocodeType":"road"}},{"type":"Feature","geometry":{"type":"Point","coordinates":[127.02387,37.27554]},"properties":{"id":"202437400000101329","name":"팔달주유소","address":"경기도 수원시 팔달구 중부대로 64 (인계동)","category":"공중화장실","openHours":"상시","owner":"공공기관-지방자치단체","hasDiaperTable":false,"geocodeType":"road"}},{"type":"Feature","geometry":{"type":"Point","coordinates":[127.018,37.27803]},"properties":{"id":"202437400000101330","name":"팔달문시장 고객지원센터","address":"경기도 수원시 팔달구 팔달문로9(팔달로2가)","category":"공중화장실","openHours":"평일09:00~18:00/토요일09:00~13:00","owner":"공공기관-지방자치단체","hasDiaperTable":true,"geocodeType":"road"}},{"type":"Feature","geometry":{"type":"Point","coordinates":[127.01934,37.27514]},"properties":{"id":"202437400000101331","name":"팔달문","address":"경기도 수원시 팔달구 팔달로3가 103(행궁동)","category":"공중화장실","openHours":"상시","owner":"공공기관-지방자치단체","hasDiaperTable":true,"geocodeType":"parcel"}},{"type":"Feature","geometry":{"type":"Point","coordinates":[127.01734,37.28396]},"properties":{"id":"202437400000101333","name":"팔달노인복지관 지하1층","address":"경기도 수원시 팔달구 수원천로 343(북수동)","category":"공중화장실","openHours":"평일09:00~18:00/토요일09:00~13:00","owner":"공공기관-지방자치단체","hasDiaperTable":false,"geocodeType":"road"}},{"type":"Feature","geometry":{"type":"Point","coordinates":[127.01734,37.28396]},"properties":{"id":"202437400000101335","name":"팔달노인복지관 2층","address":"경기도 수원시 팔달구 수원천로 343(북수동)","category":"공중화장실","openHours":"평일09:00~18:00/토요일09:00~13:00","owner":"공공기관-지방자치단체","hasDiaperTable":false,"geocodeType":"road"}},{"type":"Feature","geometry":{"type":"Point","coordinates":[127.01734,37.28396]},"properties":{"id":"202437400000101337","name":"팔달노인복지관 1층","address":"경기도 수원시 팔달구 수원천로 343(북수동)","category":"공중화장실","openHours":"평일09:00~18:00/토요일09:00~13:00","owner":"공공기관-지방자치단체","hasDiaperTable":false,"geocodeType":"road"}},{"type":"Feature","geometry":{"type":"Point","coordinates":[127.01999,37.28249]},"properties":{"id":"202437400000101338","name":"팔달구청","address":"경기도 수원시 팔달구 창룡대로 23 (매향동, 팔달구청)","category":"공중화장실","openHours":"상시","owner":"공공기관-지방자치단체","hasDiaperTable":true,"geocodeType":"road"}},{"type":"Feature","geometry":{"type":"Point","coordinates":[127.01257,37.27151]},"properties":{"id":"202437400000101339","name":"팔달구보건소","address":"경기도 수원시 팔달구 팔달산로 6(교동)","category":"공중화장실","openHours":"평일 09:00~18:00","owner":"공공기관-지방자치단체","hasDiaperTable":true,"geocodeType":"road"}},{"type":"Feature","geometry":{"type":"Point","coordinates":[126.99742,37.31032]},"properties":{"id":"202437400000101340","name":"파장동행정복지센터","address":"경기도 수원시 장안구 파장천로60(파장동)","category":"공중화장실","openHours":"평일 09:00~18:00","owner":"공공기관-지방자치단체","hasDiaperTable":false,"geocodeType":"road"}},{"type":"Feature","geometry":{"type":"Point","coordinates":[127.02575,37.29193]},"properties":{"id":"202437400000101341","name":"퉁소바위","address":"경기도 수원시 장안구 창룡대로151번길 13","category":"공중화장실","openHours":"상시","owner":"공공기관-지방자치단체","hasDiaperTable":false,"geocodeType":"road"}},{"type":"Feature","geometry":{"type":"Point","coordinates":[126.97409,37.28558]},"properties":{"id":"202437400000101342","name":"텃밭","address":"경기도 수원시 권선구 구운동 56-1(일월공원)","category":"공중화장실","openHours":"상시","owner":"공공기관-지방자치단체","hasDiaperTable":true,"geocodeType":"parcel"}},{"type":"Feature","geometry":{"type":"Point","coordinates":[127.05542,37.24036]},"properties":{"id":"202437400000101343","name":"태장파출소","address":"경기도 수원시 영통구 영통로143(망포동)","category":"공중화장실","openHours":"상시","owner":"공공기관-지방자치단체","hasDiaperTable":false,"geocodeType":"road"}},{"type":"Feature","geometry":{"type":"Point","coordinates":[127.05121,37.2387]},"properties":{"id":"202437400000101344","name":"태장마루도서관","address":"경기도 수원시 영통구 태장로 46(망포동)","category":"공중화장실","openHours":"07:00~23:00(첫째, 셋째주 월요일 휴무)","owner":"공공기관-지방자치단체","hasDiaperTable":true,"geocodeType":"road"}},{"type":"Feature","geometry":{"type":"Point","coordinates":[126.97209,37.26686]},"properties":{"id":"202437400000101345","name":"탑주유소","address":"경기도 수원시 권선구 서부로 1774 (탑동)","category":"공중화장실","openHours":"상시","owner":"공공기관-지방자치단체","hasDiaperTable":false,"geocodeType":"road"}},{"type":"Feature","geometry":{"type":"Point","coordinates":[126.97202,37.26777]},"properties":{"id":"202437400000101346","name":"탑동충전소","address":"경기도 수원시 권선구 서부로 1782 (탑동)","category":"공중화장실","openHours":"00:00~24:00","owner":"공공기관-지방자치단체","hasDiaperTable":false,"geocodeType":"road"}},{"type":"Feature","geometry":{"type":"Point","coordinates":[126.97082,37.27266]},"properties":{"id":"202437400000101347","name":"탑동","address":"경기도 수원시 권선구 탑동로57번길 35(탑동)","category":"공중화장실","openHours":"상시","owner":"공공기관-지방자치단체","hasDiaperTable":false,"geocodeType":"road"}},{"type":"Feature","geometry":{"type":"Point","coordinates":[127.03658,37.25776]},"properties":{"id":"202437400000101348","name":"클래식(서쪽)","address":"경기도 수원시 팔달구 동수원로335(인계동)","category":"공중화장실","openHours":"상시","owner":"공공기관-지방자치단체","hasDiaperTable":false,"geocodeType":"road"}},{"type":"Feature","geometry":{"type":"Point","coordinates":[127.03658,37.25776]},"properties":{"id":"202437400000101349","name":"클래식(동쪽)","address":"경기도 수원시 팔달구 동수원로335(인계동)","category":"공중화장실","openHours":"상시","owner":"공공기관-지방자치단체","hasDiaperTable":false,"geocodeType":"road"}},{"type":"Feature","geometry":{"type":"Point","coordinates":[127.03877,37.28595]},"properties":{"id":"202437400000101350","name":"축구공(함성)","address":"경기도 수원시 팔달구 월드컵로310(우만동)","category":"공중화장실","openHours":"06:00~23:00","owner":"공공기관-지방자치단체","hasDiaperTable":true,"geocodeType":"road"}},{"type":"Feature","geometry":{"type":"Point","coordinates":[127.03877,37.28595]},"properties":{"id":"202437400000101351","name":"축구공(하나)","address":"경기도 수원시 팔달구 월드컵로310(우만동)","category":"공중화장실","openHours":"상시","owner":"공공기관-지방자치단체","hasDiaperTable":true,"geocodeType":"road"}},{"type":"Feature","geometry":{"type":"Point","coordinates":[127.03877,37.28595]},"properties":{"id":"202437400000101352","name":"축구공(감동)","address":"경기도 수원시 팔달구 월드컵로310(우만동)","category":"공중화장실","openHours":"06:00~23:00","owner":"공공기관-지방자치단체","hasDiaperTable":true,"geocodeType":"road"}},{"type":"Feature","geometry":{"type":"Point","coordinates":[126.99207,37.27096]},"properties":{"id":"202437400000101353","name":"청호주유소","address":"경기도 수원시 권선구 수인로 57 (서둔동)","category":"공중화장실","openHours":"상시","owner":"공공기관-지방자치단체","hasDiaperTable":false,"geocodeType":"road"}},{"type":"Feature","geometry":{"type":"Point","coordinates":[126.98818,37.25983]},"properties":{"id":"202437400000101354","name":"청송주유소","address":"경기도 수원시 권선구 권선로 331 (서둔동)","category":"공중화장실","openHours":"상시","owner":"공공기관-지방자치단체","hasDiaperTable":false,"geocodeType":"road"}},{"type":"Feature","geometry":{"type":"Point","coordinates":[127.03363,37.27173]},"properties":{"id":"202437400000101355","name":"청소년문화","address":"경기도 수원시 팔달구 인계동 351-1","category":"공중화장실","openHours":"상시","owner":"공공기관-지방자치단체","hasDiaperTable":true,"geocodeType":"parcel"}},{"type":"Feature","geometry":{"type":"Point","coordinates":[127.06397,37.23961]},"properties":{"id":"202437400000101356","name":"청명역 화장실","address":"경기도 수원시 영통구 봉영로 지하 1670(영통동)","category":"공중화장실","openHours":"20시간","owner":"공공기관-지방자치단체","hasDiaperTable":false,"geocodeType":"road"}},{"type":"Feature","geometry":{"type":"Point","coordinates":[127.01729,37.24776]},"properties":{"id":"202437400000101357","name":"청담아이파크주유소","address":"경기도 수원시 권선구 경수대로 229 (세류동)","category":"공중화장실","openHours":"상시","owner":"공공기관-지방자치단체","hasDiaperTable":false,"geocodeType":"road"}},{"type":"Feature","geometry":{"type":"Point","coordinates":[126.97051,37.30706]},"properties":{"id":"202437400000101358","name":"청개구리","address":"경기도 수원시 장안구 상률로 37-18, 청개구리 공중화장실(밤밭청개구리공원) (율전동)","category":"공중화장실","openHours":"상시","owner":"공공기관-지방자치단체","hasDiaperTable":true,"geocodeType":"road"}},{"type":"Feature","geometry":{"type":"Point","coordinates":[126.98199,37.2952]},"properties":{"id":"202437400000101359","name":"천천주유소","address":"경기도 수원시 장안구 덕영대로 557 (천천동)","category":"공중화장실","openHours":"상시","owner":"공공기관-지방자치단체","hasDiaperTable":false,"geocodeType":"road"}},{"type":"Feature","geometry":{"type":"Point","coordinates":[126.98622,37.29124]},"properties":{"id":"202437400000101360","name":"천천3","address":"경기도 수원시 장안구 정자천로 82, 천천3 (정자동)","category":"공중화장실","openHours":"상시","owner":"공공기관-지방자치단체","hasDiaperTable":true,"geocodeType":"road"}},{"type":"Feature","geometry":{"type":"Point","coordinates":[126.98143,37.23316]},"properties":{"id":"202437400000101361","name":"창진가스에너지","address":"경기도 수원시 권선구 서수원로 21 (오목천동)","category":"공중화장실","openHours":"00:00~24:00","owner":"공공기관-지방자치단체","hasDiaperTable":false,"geocodeType":"road"}},{"type":"Feature","geometry":{"type":"Point","coordinates":[127.02204,37.29111]},"properties":{"id":"202437400000101362","name":"연무지구대","address":"경기도 수원시 장안구 경수대로 758(연무동)","category":"공중화장실","openHours":"상시","owner":"공공기관-지방자치단체","hasDiaperTable":false,"geocodeType":"road"}},{"type":"Feature","geometry":{"type":"Point","coordinates":[127.02575,37.28731]},"properties":{"id":"202437400000101363","name":"창룡문외성","address":"경기도 수원시 팔달구 경수대로 697(지동)","category":"공중화장실","openHours":"상시","owner":"공공기관-지방자치단체","hasDiaperTable":true,"geocodeType":"road"}},{"type":"Feature","geometry":{"type":"Point","coordinates":[127.02755,37.29074]},"properties":{"id":"202437400000101364","name":"창룡도서관","address":"경기도 수원시 팔달구 월드컵로 381번길 36(우만동)","category":"공중화장실","openHours":"07:00~23:00(매주 금요일 휴무)","owner":"공공기관-지방자치단체","hasDiaperTable":true,"geocodeType":"road"}},{"type":"Feature","geometry":{"type":"Point","coordinates":[127.01382,37.26237]},"properties":{"id":"202437400000101365","name":"참좋은주유소","address":"경기도 수원시 권선구 정조로 599 (세류동)","category":"공중화장실","openHours":"05:00~24:00","owner":"공공기관-지방자치단체","hasDiaperTable":false,"geocodeType":"road"}},{"type":"Feature","geometry":{"type":"Point","coordinates":[127.07868,37.26644]},"properties":{"id":"202437400000101366","name":"참새(황골공원)","address":"경기도 수원시 영통구 영통로 530(영통동)","category":"공중화장실","openHours":"상시","owner":"공공기관-지방자치단체","hasDiaperTable":false,"geocodeType":"road"}},{"type":"Feature","geometry":{"type":"Point","coordinates":[126.98014,37.27535]},"properties":{"id":"202437400000101367","name":"진흥주유소","address":"경기도 수원시 권선구 수인로 173 (서둔동, 진흥주유소)","category":"공중화장실","openHours":"06:00~22:00","owner":"공공기관-지방자치단체","hasDiaperTable":false,"geocodeType":"road"}},{"type":"Feature","geometry":{"type":"Point","coordinates":[127.01012,37.27827]},"properties":{"id":"202437400000101368","name":"진달래","address":"경기도 수원시 팔달구 고등동42-140","category":"공중화장실","openHours":"상시","owner":"공공기관-지방자치단체","hasDiaperTable":true,"geocodeType":"parcel"}},{"type":"Feature","geometry":{"type":"Point","coordinates":[126.99262,37.25374]},"properties":{"id":"202437400000101369","name":"직영G&G(수원햄스터)주유소","address":"경기도 수원시 권선구 매송고색로 810 (고색동)","category":"공중화장실","openHours":"상시","owner":"공공기관-지방자치단체","hasDiaperTable":false,"geocodeType":"road"}},{"type":"Feature","geometry":{"type":"Point","coordinates":[127.04019,37.24793]},"properties":{"id":"202437400000101370","name":"지혜샘도서관 3층","address":"경기도 수원시 권선구 동탄원천로 818(권선동)","category":"공중화장실","openHours":"평일 09:00~18:00(매주 월요일 휴무)","owner":"공공기관-지방자치단체","hasDiaperTable":false,"geocodeType":"road"}},{"type":"Feature","geometry":{"type":"Point","coordinates":[127.04019,37.24793]},"properties":{"id":"202437400000101371","name":"지혜샘도서관 2층","address":"경기도 수원시 권선구 동탄원천로 818(권선동)","category":"공중화장실","openHours":"평일 09:00~18:00(매주 월요일 휴무)","owner":"공공기관-지방자치단체","hasDiaperTable":false,"geocodeType":"road"}},{"type":"Feature","geometry":{"type":"Point","coordinates":[127.04019,37.24793]},"properties":{"id":"202437400000101372","name":"지혜샘도서관 1층","address":"경기도 수원시 권선구 동탄원천로 818(권선동)","category":"공중화장실","openHours":"평일 09:00~18:00(매주 월요일 휴무)","owner":"공공기관-지방자치단체","hasDiaperTable":false,"geocodeType":"road"}},{"type":"Feature","geometry":{"type":"Point","coordinates":[126.98769,37.32465]},"properties":{"id":"202437400000101373","name":"지지대","address":"경기도 수원시 장안구 경수대로 1274, 수원시립북수원전시관(관리사무실) (파장동)","category":"공중화장실","openHours":"상시","owner":"공공기관-지방자치단체","hasDiaperTable":true,"geocodeType":"road"}},{"type":"Feature","geometry":{"type":"Point","coordinates":[127.076,37.25536]},"properties":{"id":"202437400000101374","name":"지에스칼텍스(주) 영통주유소","address":"경기도 수원시 영통구 청명로 107(영통동)","category":"공중화장실","openHours":"상시","owner":"공공기관-지방자치단체","hasDiaperTable":false,"geocodeType":"road"}},{"type":"Feature","geometry":{"type":"Point","coordinates":[127.00513,37.25958]},"properties":{"id":"202437400000101375","name":"지에스칼텍스(주) 수원역주유소","address":"경기도 수원시 권선구 덕영대로 1003 (세류동)","category":"공중화장실","openHours":"상시","owner":"공공기관-지방자치단체","hasDiaperTable":false,"geocodeType":"road"}},{"type":"Feature","geometry":{"type":"Point","coordinates":[126.99388,37.25529]},"properties":{"id":"202437400000101376","name":"지에스칼텍스(주) 경향주유소","address":"경기도 수원시 권선구 매송고색로 827 (평동)","category":"공중화장실","openHours":"상시","owner":"공공기관-지방자치단체","hasDiaperTable":false,"geocodeType":"road"}},{"type":"Feature","geometry":{"type":"Point","coordinates":[127.04632,37.23883]},"properties":{"id":"202437400000101377","name":"지성","address":"경기도 수원시 영통구 동탄지성로 520","category":"공중화장실","openHours":"상시","owner":"공공기관-지방자치단체","hasDiaperTable":false,"geocodeType":"road"}},{"type":"Feature","geometry":{"type":"Point","coordinates":[127.02464,37.28151]},"properties":{"id":"202437400000101378","name":"지동행정복지센터","address":"경기도 수원시 팔달구 세지로 339(지동)","category":"공중화장실","openHours":"평일 09:00~18:00","owner":"공공기관-지방자치단체","hasDiaperTable":true,"geocodeType":"road"}},{"type":"Feature","geometry":{"type":"Point","coordinates":[127.01214,37.27357]},"properties":{"id":"202437400000101379","name":"중앙도서관","address":"경기도 수원시 팔달구 팔달산로 318(교동)","category":"공중화장실","openHours":"07:00~23:00(첫째, 셋째주 월요일 휴무)","owner":"공공기관-지방자치단체","hasDiaperTable":false,"geocodeType":"road"}},{"type":"Feature","geometry":{"type":"Point","coordinates":[126.98553,37.24638]},"properties":{"id":"202437400000101380","name":"중보들B","address":"경기도 수원시 권선구 산업로155번길 161(고색동)","category":"공중화장실","openHours":"상시","owner":"공공기관-지방자치단체","hasDiaperTable":false,"geocodeType":"road"}},{"type":"Feature","geometry":{"type":"Point","coordinates":[126.98553,37.24638]},"properties":{"id":"202437400000101381","name":"중보들A","address":"경기도 수원시 권선구 산업로155번길 161(고색동)","category":"공중화장실","openHours":"상시","owner":"공공기관-지방자치단체","hasDiaperTable":false,"geocodeType":"road"}},{"type":"Feature","geometry":{"type":"Point","coordinates":[127.00958,37.30562]},"properties":{"id":"202437400000101382","name":"조원2동행정복지센터","address":"경기도 수원시 장안구 송원로 109-5(조원동)","category":"공중화장실","openHours":"평일 09:00~18:00","owner":"공공기관-지방자치단체","hasDiaperTable":false,"geocodeType":"parcel"}},{"type":"Feature","geometry":{"type":"Point","coordinates":[127.01648,37.30179]},"properties":{"id":"202437400000101383","name":"조원1동행정복지센터","address":"경기도 수원시 장안구 경기도 수원시 장안구 금당로 56(조원동)","category":"공중화장실","openHours":"평일 09:00~18:00","owner":"공공기관-지방자치단체","hasDiaperTable":true,"geocodeType":"road"}},{"type":"Feature","geometry":{"type":"Point","coordinates":[127.01551,37.30319]},"properties":{"id":"202437400000101384","name":"조원","address":"경기도 수원시 장안구 금당로38번길7(조원동)","category":"공중화장실","openHours":"상시","owner":"공공기관-지방자치단체","hasDiaperTable":false,"geocodeType":"parcel"}},{"type":"Feature","geometry":{"type":"Point","coordinates":[126.99229,37.25871]},"properties":{"id":"202437400000101385","name":"제14호문화","address":"경기도 수원시 권선구 평동로77번길 14-9 (평동)","category":"공중화장실","openHours":"상시","owner":"공공기관-지방자치단체","hasDiaperTable":false,"geocodeType":"road"}},{"type":"Feature","geometry":{"type":"Point","coordinates":[126.98642,37.30966]},"properties":{"id":"202437400000101386","name":"정자문화","address":"경기도 수원시 장안구 이목로 24-25(정자1동)","category":"공중화장실","openHours":"상시","owner":"공공기관-지방자치단체","hasDiaperTable":true,"geocodeType":"road"}},{"type":"Feature","geometry":{"type":"Point","coordinates":[126.99267,37.29556]},"properties":{"id":"202437400000101387","name":"정자3동행정복지센터","address":"경기도 수원시 장안구 대평로85(정자동)","category":"공중화장실","openHours":"평일 09:00~19:00","owner":"공공기관-지방자치단체","hasDiaperTable":false,"geocodeType":"road"}},{"type":"Feature","geometry":{"type":"Point","coordinates":[127.00045,37.29506]},"properties":{"id":"202437400000101388","name":"정자2동행정복지센터","address":"경기도 수원시 장안구 송정로24번길 34(정자동)","category":"공중화장실","openHours":"평일 09:00~18:00","owner":"공공기관-지방자치단체","hasDiaperTable":false,"geocodeType":"road"}},{"type":"Feature","geometry":{"type":"Point","coordinates":[126.99124,37.30219]},"properties":{"id":"202437400000101389","name":"정자1동행정복지센터","address":"경기도 수원시 장안구 정자로130번길 209(정자동)","category":"공중화장실","openHours":"평일 09:00~18:00","owner":"공공기관-지방자치단체","hasDiaperTable":false,"geocodeType":"parcel"}},{"type":"Feature","geometry":{"type":"Point","coordinates":[127.06599,37.28067]},"properties":{"id":"202437400000101390","name":"정다운","address":"경기도 수원시 영통구 영통구 광교호수로 127(하동)","category":"공중화장실","openHours":"상시","owner":"공공기관-지방자치단체","hasDiaperTable":true,"geocodeType":"road"}},{"type":"Feature","geometry":{"type":"Point","coordinates":[127.01177,37.27983]},"properties":{"id":"202437400000101391","name":"전망좋은","address":"경기도 수원시 팔달구 팔달산로 228(남창동)","category":"공중화장실","openHours":"상시","owner":"공공기관-지방자치단체","hasDiaperTable":true,"geocodeType":"road"}},{"type":"Feature","geometry":{"type":"Point","coordinates":[127.06599,37.28067]},"properties":{"id":"202437400000101392","name":"전망대","address":"경기도 수원시 영통구 광교호수로 127(하동)","category":"공중화장실","openHours":"상시","owner":"공공기관-지방자치단체","hasDiaperTable":true,"geocodeType":"road"}},{"type":"Feature","geometry":{"type":"Point","coordinates":[127.06599,37.28067]},"properties":{"id":"202437400000101393","name":"재미난밭","address":"경기도 수원시 영통구 광교호수로 127(하동)","category":"공중화장실","openHours":"상시","owner":"공공기관-지방자치단체","hasDiaperTable":true,"geocodeType":"road"}},{"type":"Feature","geometry":{"type":"Point","coordinates":[127.0366,37.2548]},"properties":{"id":"202437400000101394","name":"재난안전본부(남부119안전센터)","address":"경기도 수원시 권선구 동수원로 286, 수원남부소방서 (권선동)","category":"공중화장실","openHours":"09:00~18:00","owner":"공공기관-지방자치단체","hasDiaperTable":false,"geocodeType":"road"}},{"type":"Feature","geometry":{"type":"Point","coordinates":[127.00956,37.29581]},"properties":{"id":"202437400000101396","name":"장안문지구대","address":"경기도 수원시 장안구 송정로 113(조원동)","category":"공중화장실","openHours":"상시","owner":"공공기관-지방자치단체","hasDiaperTable":false,"geocodeType":"road"}},{"type":"Feature","geometry":{"type":"Point","coordinates":[127.01303,37.28711]},"properties":{"id":"202437400000101397","name":"장안문","address":"경기도 수원시 팔달구 정조로905번길8(장안동)","category":"공중화장실","openHours":"상시","owner":"공공기관-지방자치단체","hasDiaperTable":true,"geocodeType":"road"}},{"type":"Feature","geometry":{"type":"Point","coordinates":[127.00957,37.30338]},"properties":{"id":"202437400000101398","name":"장안구청","address":"경기도 수원시 장안구 송원로 101(조원동)","category":"공중화장실","openHours":"평일 09:00~18:00","owner":"공공기관-지방자치단체","hasDiaperTable":false,"geocodeType":"road"}},{"type":"Feature","geometry":{"type":"Point","coordinates":[127.00957,37.30338]},"properties":{"id":"202437400000101399","name":"장안구보건소","address":"경기도 수원시 장안구 송원로 101(조원동)","category":"공중화장실","openHours":"평일 09:00~18:00","owner":"공공기관-지방자치단체","hasDiaperTable":false,"geocodeType":"road"}},{"type":"Feature","geometry":{"type":"Point","coordinates":[127.01021,37.28744]},"properties":{"id":"202437400000101400","name":"장안공원주유소","address":"경기도 수원시 장안구 팔달로 227 (영화동)","category":"공중화장실","openHours":"상시","owner":"공공기관-지방자치단체","hasDiaperTable":false,"geocodeType":"road"}},{"type":"Feature","geometry":{"type":"Point","coordinates":[127.01179,37.28748]},"properties":{"id":"202437400000101401","name":"장안공원","address":"경기도 수원시 장안구 팔달로238 (영화동)","category":"공중화장실","openHours":"상시","owner":"공공기관-지방자치단체","hasDiaperTable":true,"geocodeType":"road"}},{"type":"Feature","geometry":{"type":"Point","coordinates":[127.01887,37.25919]},"properties":{"id":"202437400000101402","name":"장교둑","address":"경기도 수원시 권선구 세지로82번길 15-5 (권선동)","category":"공중화장실","openHours":"09~18시","owner":"공공기관-지방자치단체","hasDiaperTable":false,"geocodeType":"road"}},{"type":"Feature","geometry":{"type":"Point","coordinates":[127.06599,37.28067]},"properties":{"id":"202437400000101403","name":"자작나무쉼터","address":"경기도 수원시 영통구 영통구 광교호수로 127(하동)","category":"공중화장실","openHours":"상시","owner":"공공기관-지방자치단체","hasDiaperTable":false,"geocodeType":"road"}},{"type":"Feature","geometry":{"type":"Point","coordinates":[126.96535,37.24618]},"properties":{"id":"202437400000101405","name":"자유에너지(주) 선화주유소","address":"경기도 수원시 권선구 매송고색로 552 (오목천동)","category":"공중화장실","openHours":"상시","owner":"공공기관-지방자치단체","hasDiaperTable":false,"geocodeType":"road"}},{"type":"Feature","geometry":{"type":"Point","coordinates":[127.02391,37.26897]},"properties":{"id":"202437400000101406","name":"SK 청담에너지 직영","address":"경기도 수원시 팔달구 인계로 58 (인계동)","category":"공중화장실","openHours":"상시","owner":"공공기관-지방자치단체","hasDiaperTable":false,"geocodeType":"road"}},{"type":"Feature","geometry":{"type":"Point","coordinates":[126.95966,37.29332]},"properties":{"id":"202437400000101407","name":"입북동행정복지센터","address":"경기도 수원시 권선구 입북로 17(입북동)","category":"공중화장실","openHours":"평일 09:00~18:00","owner":"공공기관-지방자치단체","hasDiaperTable":false,"geocodeType":"road"}},{"type":"Feature","geometry":{"type":"Point","coordinates":[126.97779,37.28689]},"properties":{"id":"202437400000101408","name":"일월도서관","address":"경기도 수원시 장안구 일월천로 77, 일월도서관 (천천동)","category":"공중화장실","openHours":"09:00~18:00","owner":"공공기관-지방자치단체","hasDiaperTable":true,"geocodeType":"road"}},{"type":"Feature","geometry":{"type":"Point","coordinates":[127.01097,37.26336]},"properties":{"id":"202437400000101410","name":"인성주유소","address":"경기도 수원시 권선구 권선로 541(세류동)","category":"공중화장실","openHours":"06:00~22:00","owner":"공공기관-지방자치단체","hasDiaperTable":false,"geocodeType":"road"}},{"type":"Feature","geometry":{"type":"Point","coordinates":[127.0274,37.27249]},"properties":{"id":"202437400000101411","name":"인도래작은도서관","address":"경기도 수원시 팔달구 장다리로 258(인계동)","category":"공중화장실","openHours":"매 09:00~18:00(매주 월요일 휴무)","owner":"공공기관-지방자치단체","hasDiaperTable":true,"geocodeType":"road"}},{"type":"Feature","geometry":{"type":"Point","coordinates":[127.02698,37.26182]},"properties":{"id":"202437400000101412","name":"인도래","address":"경기도 수원시 권선구 효원로 240, 88배드민턴클럽 (권선동)","category":"공중화장실","openHours":"상시","owner":"공공기관-지방자치단체","hasDiaperTable":false,"geocodeType":"road"}},{"type":"Feature","geometry":{"type":"Point","coordinates":[127.03144,37.27576]},"properties":{"id":"202437400000101414","name":"인계지구대","address":"경기도 수원시 팔달구 장다리로 312(인계동)","category":"공중화장실","openHours":"상시","owner":"공공기관-지방자치단체","hasDiaperTable":false,"geocodeType":"road"}},{"type":"Feature","geometry":{"type":"Point","coordinates":[127.03178,37.27049]},"properties":{"id":"202437400000101415","name":"인계동행정복지센터","address":"경기도 수원시 팔달구 인계로123(인계동)","category":"공중화장실","openHours":"평일 09:00~18:00","owner":"공공기관-지방자치단체","hasDiaperTable":false,"geocodeType":"road"}},{"type":"Feature","geometry":{"type":"Point","coordinates":[127.03288,37.26729]},"properties":{"id":"202437400000101416","name":"인계동주유소","address":"경기도 수원시 팔달구 인계로 139 (인계동)","category":"공중화장실","openHours":"상시","owner":"공공기관-지방자치단체","hasDiaperTable":false,"geocodeType":"road"}},{"type":"Feature","geometry":{"type":"Point","coordinates":[127.01573,37.27191]},"properties":{"id":"202437400000101417","name":"이춘택병원","address":"경기도 수원시 팔달구 매산로 138 (교동)","category":"공중화장실","openHours":"09:00~18:00","owner":"공공기관-지방자치단체","hasDiaperTable":false,"geocodeType":"road"}},{"type":"Feature","geometry":{"type":"Point","coordinates":[127.04856,37.24629]},"properties":{"id":"202437400000101418","name":"이마트 트레이더스 수원점","address":"경기도 수원시 영통구 삼성로 2(신동)","category":"공중화장실","openHours":"10:00~23:.00","owner":"공공기관-지방자치단체","hasDiaperTable":true,"geocodeType":"road"}},{"type":"Feature","geometry":{"type":"Point","coordinates":[127.01964,37.25051]},"properties":{"id":"202437400000101419","name":"이마트 수원점","address":"경기도 수원시 권선구 경수대로 270(권선동)","category":"공중화장실","openHours":"10:00~23:.00","owner":"공공기관-지방자치단체","hasDiaperTable":true,"geocodeType":"road"}},{"type":"Feature","geometry":{"type":"Point","coordinates":[126.97116,37.28253]},"properties":{"id":"202437400000101420","name":"이마트 서수원점","address":"경기도 수원시 권선구 수인로 291(구운동)","category":"공중화장실","openHours":"10:00~23:.00","owner":"공공기관-지방자치단체","hasDiaperTable":true,"geocodeType":"road"}},{"type":"Feature","geometry":{"type":"Point","coordinates":[127.04688,37.29627]},"properties":{"id":"202437400000101421","name":"이마트 광교점","address":"경기도 수원시 영통구 광교로 191(이의동)","category":"공중화장실","openHours":"10:00~23:.00","owner":"공공기관-지방자치단체","hasDiaperTable":true,"geocodeType":"road"}},{"type":"Feature","geometry":{"type":"Point","coordinates":[126.99412,37.25626]},"properties":{"id":"202437400000101422","name":"은하수","address":"경기도 수원시 권선구 평동로68번길 38(평동)","category":"공중화장실","openHours":"상시","owner":"공공기관-지방자치단체","hasDiaperTable":true,"geocodeType":"road"}},{"type":"Feature","geometry":{"type":"Point","coordinates":[126.9735,37.30275]},"properties":{"id":"202437400000101423","name":"율천파출소","address":"경기도 수원시 장안구 하률로 2, 율천파출소 (천천동)","category":"공중화장실","openHours":"상시","owner":"공공기관-지방자치단체","hasDiaperTable":false,"geocodeType":"road"}},{"type":"Feature","geometry":{"type":"Point","coordinates":[126.97265,37.29922]},"properties":{"id":"202437400000101424","name":"율전","address":"경기도 수원시 장안구 서부로2142(율전동)","category":"공중화장실","openHours":"상시","owner":"공공기관-지방자치단체","hasDiaperTable":true,"geocodeType":"road"}},{"type":"Feature","geometry":{"type":"Point","coordinates":[127.01439,37.26915]},"properties":{"id":"202437400000101425","name":"매교파출소","address":"경기도 수원시 팔달구 매산로116번길 50(매교동)","category":"공중화장실","openHours":"상시","owner":"공공기관-지방자치단체","hasDiaperTable":false,"geocodeType":"road"}},{"type":"Feature","geometry":{"type":"Point","coordinates":[127.06117,37.25296]},"properties":{"id":"202437400000101427","name":"유신주유소","address":"경기도 수원시 영통구 영통로 299(매탄동)","category":"공중화장실","openHours":"상시","owner":"공공기관-지방자치단체","hasDiaperTable":false,"geocodeType":"road"}},{"type":"Feature","geometry":{"type":"Point","coordinates":[127.02553,37.2653]},"properties":{"id":"202437400000101428","name":"윌스기념병원","address":"경기도 수원시 팔달구 경수대로 437, 윌스기념병원 (인계동)","category":"공중화장실","openHours":"09:00~18:00","owner":"공공기관-지방자치단체","hasDiaperTable":false,"geocodeType":"road"}},{"type":"Feature","geometry":{"type":"Point","coordinates":[127.06599,37.28067]},"properties":{"id":"202437400000101429","name":"원천호수","address":"경기도 수원시 영통구 광교호수로 127(하동)","category":"공중화장실","openHours":"상시","owner":"공공기관-지방자치단체","hasDiaperTable":true,"geocodeType":"road"}},{"type":"Feature","geometry":{"type":"Point","coordinates":[127.05326,37.27349]},"properties":{"id":"202437400000101430","name":"원천동행정복지센터","address":"경기도 수원시 영통구 중부대로 339(원천동)","category":"공중화장실","openHours":"평일 09:00~18:00","owner":"공공기관-지방자치단체","hasDiaperTable":false,"geocodeType":"road"}},{"type":"Feature","geometry":{"type":"Point","coordinates":[127.05173,37.26652]},"properties":{"id":"202437400000101431","name":"원천4공원(매미)","address":"경기도 수원시 영통구 매탄동 1217-6","category":"공중화장실","openHours":"상시","owner":"공공기관-지방자치단체","hasDiaperTable":false,"geocodeType":"parcel"}},{"type":"Feature","geometry":{"type":"Point","coordinates":[127.05389,37.27156]},"properties":{"id":"202437400000101432","name":"원천2공원(우정)","address":"경기도 수원시 영통구 매봉로46번길 14(매탄2동)","category":"공중화장실","openHours":"상시","owner":"공공기관-지방자치단체","hasDiaperTable":false,"geocodeType":"road"}},{"type":"Feature","geometry":{"type":"Point","coordinates":[126.9954,37.26985]},"properties":{"id":"202437400000101433","name":"우성충전소","address":"경기도 수원시 권선구 서호동로 65 (서둔동)","category":"공중화장실","openHours":"00:00~24:00","owner":"공공기관-지방자치단체","hasDiaperTable":false,"geocodeType":"road"}},{"type":"Feature","geometry":{"type":"Point","coordinates":[127.04344,37.2779]},"properties":{"id":"202437400000101434","name":"우만솔밭","address":"경기도 수원시 팔달구 아주로 35(우만2동)","category":"공중화장실","openHours":"상시","owner":"공공기관-지방자치단체","hasDiaperTable":true,"geocodeType":"road"}},{"type":"Feature","geometry":{"type":"Point","coordinates":[127.03973,37.27782]},"properties":{"id":"202437400000101435","name":"우만2동행정복지센터","address":"경기도 수원시 팔달구 중부대로207번길 33(우만동)","category":"공중화장실","openHours":"평일 09:00~18:00","owner":"공공기관-지방자치단체","hasDiaperTable":false,"geocodeType":"road"}},{"type":"Feature","geometry":{"type":"Point","coordinates":[127.02941,37.28535]},"properties":{"id":"202437400000101436","name":"우만1동행정복지센터","address":"경기도 수원시 팔달구 세지로406(우만동)","category":"공중화장실","openHours":"평일 09:00~18:00","owner":"공공기관-지방자치단체","hasDiaperTable":false,"geocodeType":"road"}},{"type":"Feature","geometry":{"type":"Point","coordinates":[127.01513,37.25134]},"properties":{"id":"202437400000101437","name":"스파이더맨주유소","address":"경기도 수원시 권선구 덕영대로 1136(세류동)","category":"공중화장실","openHours":"05:00~22:00","owner":"공공기관-지방자치단체","hasDiaperTable":false,"geocodeType":"road"}},{"type":"Feature","geometry":{"type":"Point","coordinates":[127.02785,37.26147]},"properties":{"id":"202437400000101438","name":"올림피아","address":"경기도 수원시 권선구 효원로 256번길(권선동)","category":"공중화장실","openHours":"상시","owner":"공공기관-지방자치단체","hasDiaperTable":true,"geocodeType":"parcel"}},{"type":"Feature","geometry":{"type":"Point","coordinates":[126.99521,37.25656]},"properties":{"id":"202437400000101439","name":"오션주유소","address":"경기도 수원시 권선구 매송고색로 843 (평동)","category":"공중화장실","openHours":"상시","owner":"공공기관-지방자치단체","hasDiaperTable":false,"geocodeType":"road"}},{"type":"Feature","geometry":{"type":"Point","coordinates":[126.96456,37.24818]},"properties":{"id":"202437400000101440","name":"오목호수","address":"경기도 수원시 권선구 오목천동 1171","category":"공중화장실","openHours":"상시","owner":"공공기관-지방자치단체","hasDiaperTable":false,"geocodeType":"parcel"}},{"type":"Feature","geometry":{"type":"Point","coordinates":[126.96675,37.23977]},"properties":{"id":"202437400000101441","name":"오목천주유소","address":"경기도 수원시 권선구 오목천로 40 (오목천동)","category":"공중화장실","openHours":"06:00~22:00","owner":"공공기관-지방자치단체","hasDiaperTable":false,"geocodeType":"road"}},{"type":"Feature","geometry":{"type":"Point","coordinates":[126.98144,37.23711]},"properties":{"id":"202437400000101442","name":"오목내","address":"경기도 수원시 권선구 서부로 1433-3(고색동)","category":"공중화장실","openHours":"상시","owner":"공공기관-지방자치단체","hasDiaperTable":false,"geocodeType":"road"}},{"type":"Feature","geometry":{"type":"Point","coordinates":[127.00437,37.29072]},"properties":{"id":"202437400000101443","name":"영화셀프주유소","address":"경기도 수원시 장안구 수성로290번길 3 (영화동)","category":"공중화장실","openHours":"상시","owner":"공공기관-지방자치단체","hasDiaperTable":false,"geocodeType":"road"}},{"type":"Feature","geometry":{"type":"Point","coordinates":[127.01393,37.29317]},"properties":{"id":"202437400000101444","name":"영화동행정복지센터","address":"경기도 수원시 장안구 수성로382번길 24(영화동)","category":"공중화장실","openHours":"평일 09:00~18:00","owner":"공공기관-지방자치단체","hasDiaperTable":true,"geocodeType":"road"}},{"type":"Feature","geometry":{"type":"Point","coordinates":[127.014,37.29048]},"properties":{"id":"202437400000101446","name":"영화동 복합문화공간","address":"경기도 수원시 장안구 정조로922번길 13(영화동)","category":"공중화장실","openHours":"상시","owner":"공공기관-지방자치단체","hasDiaperTable":false,"geocodeType":"road"}},{"type":"Feature","geometry":{"type":"Point","coordinates":[127.07793,37.25487]},"properties":{"id":"202437400000101447","name":"영통지구대","address":"경기도 수원시 영통구 청명로92(영통동)","category":"공중화장실","openHours":"상시","owner":"공공기관-지방자치단체","hasDiaperTable":false,"geocodeType":"road"}},{"type":"Feature","geometry":{"type":"Point","coordinates":[127.07046,37.25471]},"properties":{"id":"202437400000101448","name":"영통중앙","address":"경기도수원시 영통구 청명로 151(영통3동)","category":"공중화장실","openHours":"상시","owner":"공공기관-지방자치단체","hasDiaperTable":false,"geocodeType":"parcel"}},{"type":"Feature","geometry":{"type":"Point","coordinates":[127.0625,37.25445]},"properties":{"id":"202437400000101449","name":"영통제일셀프주유소","address":"경기도 수원시 영통구 영통로 317(매탄동)","category":"공중화장실","openHours":"상시","owner":"공공기관-지방자치단체","hasDiaperTable":false,"geocodeType":"road"}},{"type":"Feature","geometry":{"type":"Point","coordinates":[127.07131,37.25136]},"properties":{"id":"202437400000101450","name":"영통역 화장실","address":"경기도 수원시 영통구 봉영로 1560 지하 1층 (영통동)","category":"공중화장실","openHours":"20시간","owner":"공공기관-지방자치단체","hasDiaperTable":false,"geocodeType":"road"}},{"type":"Feature","geometry":{"type":"Point","coordinates":[127.07046,37.25471]},"properties":{"id":"202437400000101451","name":"영통도서관","address":"경기도 수원시 영통구 청명로 151(영통동)","category":"공중화장실","openHours":"07:00~23:00(둘째, 네째주 월요일 휴무)","owner":"공공기관-지방자치단체","hasDiaperTable":true,"geocodeType":"parcel"}},{"type":"Feature","geometry":{"type":"Point","coordinates":[127.04635,37.25965]},"properties":{"id":"202437400000101452","name":"영통구청","address":"경기도 수원시 영통구 효원로 407(매탄동)","category":"공중화장실","openHours":"평일 09:00~18:00","owner":"공공기관-지방자치단체","hasDiaperTable":false,"geocodeType":"road"}},{"type":"Feature","geometry":{"type":"Point","coordinates":[127.0697,37.25685]},"properties":{"id":"202437400000101453","name":"영통구보건소","address":"경기도 수원시 영통구 영통로 396(영통동)","category":"공중화장실","openHours":"평일 09:00~18:00","owner":"공공기관-지방자치단체","hasDiaperTable":false,"geocodeType":"road"}},{"type":"Feature","geometry":{"type":"Point","coordinates":[127.07692,37.25256]},"properties":{"id":"202437400000101454","name":"영통3동행정복지센터","address":"경기도 수원시 영통구 반달로 105(영통동)","category":"공중화장실","openHours":"평일 09:00~18:00","owner":"공공기관-지방자치단체","hasDiaperTable":false,"geocodeType":"road"}},{"type":"Feature","geometry":{"type":"Point","coordinates":[127.05633,37.24699]},"properties":{"id":"202437400000101455","name":"영통2동행정복지센터","address":"경기도 수원시 영통구 영통로217번길 12(영통동)","category":"공중화장실","openHours":"평일 09:00~18:00","owner":"공공기관-지방자치단체","hasDiaperTable":false,"geocodeType":"road"}},{"type":"Feature","geometry":{"type":"Point","coordinates":[127.08056,37.26632]},"properties":{"id":"202437400000101456","name":"영통1동행정복지센터","address":"경기도 수원시 영통구 봉영로1759번길 23(영통동)","category":"공중화장실","openHours":"평일 09:00~18:00","owner":"공공기관-지방자치단체","hasDiaperTable":false,"geocodeType":"road"}},{"type":"Feature","geometry":{"type":"Point","coordinates":[127.03658,37.25776]},"properties":{"id":"202437400000101457","name":"염원","address":"경기도 수원시 팔달구 동수원로335(인계동)","category":"공중화장실","openHours":"상시","owner":"공공기관-지방자치단체","hasDiaperTable":true,"geocodeType":"road"}},{"type":"Feature","geometry":{"type":"Point","coordinates":[127.04315,37.30556]},"properties":{"id":"202437400000101458","name":"열림","address":"경기도 수원시 영통구 웰빙타운로 73(이의동)","category":"공중화장실","openHours":"평일 09:00~18:00","owner":"공공기관-지방자치단체","hasDiaperTable":false,"geocodeType":"road"}},{"type":"Feature","geometry":{"type":"Point","coordinates":[127.03643,37.2945]},"properties":{"id":"202437400000101459","name":"연암(소)","address":"경기도 수원시 영통구 창룡대로 246(광교1동)","category":"공중화장실","openHours":"평일 09:00~18:00","owner":"공공기관-지방자치단체","hasDiaperTable":false,"geocodeType":"road"}},{"type":"Feature","geometry":{"type":"Point","coordinates":[127.03643,37.2945]},"properties":{"id":"202437400000101460","name":"연암","address":"경기도 수원시 영통구 창룡대로 246(광교1동)","category":"공중화장실","openHours":"평일 09:00~18:00","owner":"공공기관-지방자치단체","hasDiaperTable":false,"geocodeType":"road"}},{"type":"Feature","geometry":{"type":"Point","coordinates":[127.02144,37.29039]},"properties":{"id":"202437400000101461","name":"연무동행정복지센터","address":"경기도 수원시 장안구 경수대로 757 (연무동)","category":"공중화장실","openHours":"평일 09:00~18:00","owner":"공공기관-지방자치단체","hasDiaperTable":false,"geocodeType":"road"}},{"type":"Feature","geometry":{"type":"Point","coordinates":[127.02409,37.28784]},"properties":{"id":"202437400000101462","name":"연무대","address":"경기도 수원시 팔달구 창룡대로105(매향동)","category":"공중화장실","openHours":"상시","owner":"공공기관-지방자치단체","hasDiaperTable":true,"geocodeType":"road"}},{"type":"Feature","geometry":{"type":"Point","coordinates":[126.99781,37.30154]},"properties":{"id":"202437400000101463","name":"연꽃","address":"경기도 수원시 장안구 송죽동 434","category":"공중화장실","openHours":"상시","owner":"공공기관-지방자치단체","hasDiaperTable":true,"geocodeType":"parcel"}},{"type":"Feature","geometry":{"type":"Point","coordinates":[126.98323,37.28334]},"properties":{"id":"202437400000101464","name":"여기산2(동)","address":"경기도 수원시 권선구 서둔동 365","category":"공중화장실","openHours":"상시","owner":"공공기관-지방자치단체","hasDiaperTable":false,"geocodeType":"parcel"}},{"type":"Feature","geometry":{"type":"Point","coordinates":[126.97989,37.2805]},"properties":{"id":"202437400000101465","name":"여기산1(서)","address":"경기도 수원시 권선구 여기산로26번길 30(서둔동)","category":"공중화장실","openHours":"상시","owner":"공공기관-지방자치단체","hasDiaperTable":true,"geocodeType":"road"}},{"type":"Feature","geometry":{"type":"Point","coordinates":[127.0578,37.28703]},"properties":{"id":"202437400000101466","name":"엘포트몰","address":"경기도 수원시 영통구 광교중앙로 145(이의동)","category":"공중화장실","openHours":"08:00~23:00","owner":"공공기관-지방자치단체","hasDiaperTable":true,"geocodeType":"road"}},{"type":"Feature","geometry":{"type":"Point","coordinates":[126.99487,37.29596]},"properties":{"id":"202437400000101467","name":"에이제이에너지(주)직영 정자현대주유소","address":"경기도 수원시 장안구 정자천로 175, 정자주유소 (정자동)","category":"공중화장실","openHours":"상시","owner":"공공기관-지방자치단체","hasDiaperTable":false,"geocodeType":"road"}},{"type":"Feature","geometry":{"type":"Point","coordinates":[127.03403,37.24936]},"properties":{"id":"202437400000101468","name":"에덴메디여성병원","address":"경기도 수원시 권선구 동수원로 220, 에덴메디빌 (권선동)","category":"공중화장실","openHours":"09:00~18:00","owner":"공공기관-지방자치단체","hasDiaperTable":true,"geocodeType":"road"}},{"type":"Feature","geometry":{"type":"Point","coordinates":[126.95586,37.27441]},"properties":{"id":"202437400000101469","name":"어울림","address":"경기도 수원시 권선구 금곡로 236(금곡동)","category":"공중화장실","openHours":"상시","owner":"공공기관-지방자치단체","hasDiaperTable":true,"geocodeType":"road"}},{"type":"Feature","geometry":{"type":"Point","coordinates":[127.06599,37.28067]},"properties":{"id":"202437400000101470","name":"어번레비","address":"경기도 수원시 영통구 광교호수로 127(하동)","category":"공중화장실","openHours":"상시","owner":"공공기관-지방자치단체","hasDiaperTable":true,"geocodeType":"road"}},{"type":"Feature","geometry":{"type":"Point","coordinates":[127.03773,37.25313]},"properties":{"id":"202437400000101471","name":"솔밭어린이공원(어공9호)","address":"경기도 수원시 권선구 매탄로 11(권선동)","category":"공중화장실","openHours":"09~18시","owner":"공공기관-지방자치단체","hasDiaperTable":false,"geocodeType":"road"}},{"type":"Feature","geometry":{"type":"Point","coordinates":[127.03341,37.25525]},"properties":{"id":"202437400000101472","name":"효정어린이공원(어공8호)","address":"경기도 수원시 권선구 권중로25번길 29-10(권선동)","category":"공중화장실","openHours":"09~18시","owner":"공공기관-지방자치단체","hasDiaperTable":false,"geocodeType":"road"}},{"type":"Feature","geometry":{"type":"Point","coordinates":[127.03108,37.24857]},"properties":{"id":"202437400000101473","name":"꽃잎어린이공원(어공7호)","address":"경기도 수원시 권선구 권중로 136(권선동)","category":"공중화장실","openHours":"09~18시","owner":"공공기관-지방자치단체","hasDiaperTable":false,"geocodeType":"road"}},{"type":"Feature","geometry":{"type":"Point","coordinates":[127.03041,37.24833]},"properties":{"id":"202437400000101474","name":"선일어린이공원(어공6호)","address":"경기도 수원시 권선구 권중로120번길 17(권선동)","category":"공중화장실","openHours":"09~18시","owner":"공공기관-지방자치단체","hasDiaperTable":false,"geocodeType":"road"}},{"type":"Feature","geometry":{"type":"Point","coordinates":[127.02915,37.24883]},"properties":{"id":"202437400000101475","name":"다솜어린이공원(어공5호)","address":"경기도 수원시 권선구 권중로 110(권선동)","category":"공중화장실","openHours":"09~18시","owner":"공공기관-지방자치단체","hasDiaperTable":false,"geocodeType":"road"}},{"type":"Feature","geometry":{"type":"Point","coordinates":[127.02867,37.25262]},"properties":{"id":"202437400000101476","name":"우솔어린이공원(어공4호)","address":"경기도 수원시 권선구 권중로76번길 23(권선동)","category":"공중화장실","openHours":"09~18시","owner":"공공기관-지방자치단체","hasDiaperTable":false,"geocodeType":"road"}},{"type":"Feature","geometry":{"type":"Point","coordinates":[127.02208,37.25274]},"properties":{"id":"202437400000101477","name":"다정어린이공원(어공3호)","address":"경기도 수원시 권선구 경수대로302번길 32(권선동)","category":"공중화장실","openHours":"09~18시","owner":"공공기관-지방자치단체","hasDiaperTable":false,"geocodeType":"road"}},{"type":"Feature","geometry":{"type":"Point","coordinates":[127.02613,37.25484]},"properties":{"id":"202437400000101478","name":"권선어린이공원(어공1호)","address":"경기도 수원시 권선구 권광로 55(권선동)","category":"공중화장실","openHours":"09~18시","owner":"공공기관-지방자치단체","hasDiaperTable":false,"geocodeType":"road"}},{"type":"Feature","geometry":{"type":"Point","coordinates":[127.0683,37.27832]},"properties":{"id":"202437400000101479","name":"앨리웨이광교","address":"경기도 수원시 영통구 광교호수로 80(원천동)","category":"공중화장실","openHours":"08:00~23:00","owner":"공공기관-지방자치단체","hasDiaperTable":true,"geocodeType":"road"}},{"type":"Feature","geometry":{"type":"Point","coordinates":[127.03981,37.28227]},"properties":{"id":"202437400000101480","name":"아주주유소","address":"경기도 수원시 팔달구 월드컵로 246(우만동)","category":"공중화장실","openHours":"06:00~22:00","owner":"공공기관-지방자치단체","hasDiaperTable":false,"geocodeType":"road"}},{"type":"Feature","geometry":{"type":"Point","coordinates":[127.02778,37.25205]},"properties":{"id":"202437400000101481","name":"아우름","address":"경기도 수원시 권선구 권광로 43, 아우름 (권선동)","category":"공중화장실","openHours":"09~18시","owner":"공공기관-지방자치단체","hasDiaperTable":false,"geocodeType":"road"}},{"type":"Feature","geometry":{"type":"Point","coordinates":[127.04983,37.2909]},"properties":{"id":"202437400000101482","name":"아브뉴프랑 광교점","address":"경기도 수원시 영통구 센트럴타운로 85(이의동)","category":"공중화장실","openHours":"11:00~21:00","owner":"공공기관-지방자치단체","hasDiaperTable":true,"geocodeType":"road"}},{"type":"Feature","geometry":{"type":"Point","coordinates":[127.02831,37.28713]},"properties":{"id":"202437400000101483","name":"아낌없이주는나무","address":"경기도 수원시 팔달구 우만동 487","category":"공중화장실","openHours":"상시","owner":"공공기관-지방자치단체","hasDiaperTable":false,"geocodeType":"parcel"}},{"type":"Feature","geometry":{"type":"Point","coordinates":[126.94407,37.29145]},"properties":{"id":"202437400000101484","name":"아가위","address":"경기도 수원시 권선구 당진로 32번길65(당수동)","category":"공중화장실","openHours":"07:00~21:00","owner":"공공기관-지방자치단체","hasDiaperTable":true,"geocodeType":"parcel"}},{"type":"Feature","geometry":{"type":"Point","coordinates":[126.98857,37.25683]},"properties":{"id":"202437400000101485","name":"씽씽","address":"경기도 수원시 권선구 고색동 1192번지","category":"공중화장실","openHours":"상시","owner":"공공기관-지방자치단체","hasDiaperTable":false,"geocodeType":"parcel"}},{"type":"Feature","geometry":{"type":"Point","coordinates":[127.04047,37.24741]},"properties":{"id":"202437400000101487","name":"신동수변","address":"경기도 수원시 영통구 덕영대로1373번길 66 (신동)","category":"공중화장실","openHours":"상시","owner":"공공기관-지방자치단체","hasDiaperTable":false,"geocodeType":"road"}},{"type":"Feature","geometry":{"type":"Point","coordinates":[127.06599,37.28067]},"properties":{"id":"202437400000101488","name":"신대호수","address":"경기도 수원시 영통구 영통구 광교호수로 127(하동)","category":"공중화장실","openHours":"상시","owner":"공공기관-지방자치단체","hasDiaperTable":true,"geocodeType":"road"}},{"type":"Feature","geometry":{"type":"Point","coordinates":[127.0343,37.27345]},"properties":{"id":"202437400000101489","name":"시원이네","address":"경기도 수원시 팔달구 권광로 293(인계동)","category":"공중화장실","openHours":"06:00~22:00","owner":"공공기관-지방자치단체","hasDiaperTable":true,"geocodeType":"road"}},{"type":"Feature","geometry":{"type":"Point","coordinates":[126.99918,37.29758]},"properties":{"id":"202437400000101490","name":"슬기샘도서관 3층","address":"경기도 수원시 장안구 송정로 9(송죽동)","category":"공중화장실","openHours":"평일 09:00~18:00(매주 월요일 휴무)","owner":"공공기관-지방자치단체","hasDiaperTable":false,"geocodeType":"road"}},{"type":"Feature","geometry":{"type":"Point","coordinates":[126.99918,37.29758]},"properties":{"id":"202437400000101491","name":"슬기샘도서관 2층","address":"경기도 수원시 장안구 송정로 9(송죽동)","category":"공중화장실","openHours":"평일 09:00~18:00(매주 월요일 휴무)","owner":"공공기관-지방자치단체","hasDiaperTable":false,"geocodeType":"road"}},{"type":"Feature","geometry":{"type":"Point","coordinates":[126.99918,37.29758]},"properties":{"id":"202437400000101492","name":"슬기샘도서관 1층","address":"경기도 수원시 장안구 송정로 9(송죽동)","category":"공중화장실","openHours":"평일 09:00~18:00(매주 월요일 휴무)","owner":"공공기관-지방자치단체","hasDiaperTable":false,"geocodeType":"road"}},{"type":"Feature","geometry":{"type":"Point","coordinates":[127.01579,37.25181]},"properties":{"id":"202437400000101493","name":"슈퍼맨주유소","address":"경기도 수원시 권선구 덕영대로 1139(세류동)","category":"공중화장실","openHours":"05:00~22:00","owner":"공공기관-지방자치단체","hasDiaperTable":false,"geocodeType":"road"}},{"type":"Feature","geometry":{"type":"Point","coordinates":[126.98593,37.32508]},"properties":{"id":"202437400000101494","name":"쉼터","address":"경기도 수원시 장안구 경수대로1283(이목동)","category":"공중화장실","openHours":"상시","owner":"공공기관-지방자치단체","hasDiaperTable":true,"geocodeType":"road"}},{"type":"Feature","geometry":{"type":"Point","coordinates":[126.99784,37.28536]},"properties":{"id":"202437400000101495","name":"숙지","address":"경기도 수원시 팔달구 화양로68번길 7-40(화서동)","category":"공중화장실","openHours":"상시","owner":"공공기관-지방자치단체","hasDiaperTable":true,"geocodeType":"road"}},{"type":"Feature","geometry":{"type":"Point","coordinates":[126.98984,37.25513]},"properties":{"id":"202437400000101496","name":"수일가스충전소","address":"경기도 수원시 권선구 평동로 31, 수일가스충전소 (고색동)","category":"공중화장실","openHours":"00:00~24:00","owner":"공공기관-지방자치단체","hasDiaperTable":false,"geocodeType":"road"}},{"type":"Feature","geometry":{"type":"Point","coordinates":[127.019,37.28267]},"properties":{"id":"202437400000101497","name":"수원화성박물관(지하1층)","address":"경기도 수원시 팔달구 창룡대로 21, 수원화성박물관 (매향동)","category":"공중화장실","openHours":"09:00~18:00","owner":"공공기관-지방자치단체","hasDiaperTable":false,"geocodeType":"road"}},{"type":"Feature","geometry":{"type":"Point","coordinates":[127.019,37.28267]},"properties":{"id":"202437400000101498","name":"수원화성박물관(2층)","address":"경기도 수원시 팔달구 창룡대로 21, 수원화성박물관 (매향동)","category":"공중화장실","openHours":"09:00~18:00","owner":"공공기관-지방자치단체","hasDiaperTable":false,"geocodeType":"road"}},{"type":"Feature","geometry":{"type":"Point","coordinates":[127.019,37.28267]},"properties":{"id":"202437400000101499","name":"수원화성박물관(1층 좌측)","address":"경기도 수원시 팔달구 창룡대로 21, 수원화성박물관 (매향동)","category":"공중화장실","openHours":"09:00~18:00","owner":"공공기관-지방자치단체","hasDiaperTable":false,"geocodeType":"road"}},{"type":"Feature","geometry":{"type":"Point","coordinates":[127.019,37.28267]},"properties":{"id":"202437400000101500","name":"수원화성박물관(1층 우측)","address":"경기도 수원시 팔달구 창룡대로 21, 수원화성박물관 (매향동)","category":"공중화장실","openHours":"09:00~18:00","owner":"공공기관-지방자치단체","hasDiaperTable":false,"geocodeType":"road"}},{"type":"Feature","geometry":{"type":"Point","coordinates":[127.05953,37.28574]},"properties":{"id":"202437400000101501","name":"수원컨벤션센터","address":"경기도 수원시 영통구 광교중앙로 140(하동)","category":"공중화장실","openHours":"07:00~23:00","owner":"공공기관-지방자치단체","hasDiaperTable":false,"geocodeType":"road"}},{"type":"Feature","geometry":{"type":"Point","coordinates":[127.0768,37.25087]},"properties":{"id":"202437400000101502","name":"수원출입국·외국인청","address":"경기도 수원시 영통구 반달로39(영통동)","category":"공중화장실","openHours":"09:00~18:00(공휴일 제외)","owner":"공공기관-지방자치단체","hasDiaperTable":false,"geocodeType":"road"}},{"type":"Feature","geometry":{"type":"Point","coordinates":[126.99693,37.29754]},"properties":{"id":"202437400000101503","name":"수원장안경찰서 본관 1층","address":"경기도 수원시 장안구 정자천로 199(정자동)","category":"공중화장실","openHours":"상시","owner":"공공기관-지방자치단체","hasDiaperTable":false,"geocodeType":"road"}},{"type":"Feature","geometry":{"type":"Point","coordinates":[126.99693,37.29754]},"properties":{"id":"202437400000101504","name":"수원장안경찰서 별관 1층","address":"경기도 수원시 장안구 정자천로 199(정자동)","category":"공중화장실","openHours":"상시","owner":"공공기관-지방자치단체","hasDiaperTable":false,"geocodeType":"road"}},{"type":"Feature","geometry":{"type":"Point","coordinates":[127.02597,37.26848]},"properties":{"id":"202437400000101505","name":"수원주유소","address":"경기도 수원시 팔달구 인계로 76 (인계동)","category":"공중화장실","openHours":"상시","owner":"공공기관-지방자치단체","hasDiaperTable":false,"geocodeType":"road"}},{"type":"Feature","geometry":{"type":"Point","coordinates":[126.99874,37.26574]},"properties":{"id":"202437400000101507","name":"수원역환승센터","address":"경기도 수원시 권선구 세화로 136(서둔동)","category":"공중화장실","openHours":"상시","owner":"공공기관-지방자치단체","hasDiaperTable":false,"geocodeType":"road"}},{"type":"Feature","geometry":{"type":"Point","coordinates":[127.00133,37.26469]},"properties":{"id":"202437400000101508","name":"수원역 지하2층 서편","address":"경기도 수원시 팔달구 덕영대로 924 (매산로1가, AK플라자)","category":"공중화장실","openHours":"05:00~23:30","owner":"공공기관-지방자치단체","hasDiaperTable":true,"geocodeType":"road"}},{"type":"Feature","geometry":{"type":"Point","coordinates":[127.00133,37.26469]},"properties":{"id":"202437400000101509","name":"수원역 지하1층 중앙","address":"경기도 수원시 팔달구 덕영대로 924 (매산로1가, AK플라자)","category":"공중화장실","openHours":"05:00~23:30","owner":"공공기관-지방자치단체","hasDiaperTable":true,"geocodeType":"road"}},{"type":"Feature","geometry":{"type":"Point","coordinates":[127.00133,37.26469]},"properties":{"id":"202437400000101510","name":"수원역 지하1층 동편","address":"경기도 수원시 팔달구 덕영대로 924 (매산로1가, AK플라자)","category":"공중화장실","openHours":"05:00~23:30","owner":"공공기관-지방자치단체","hasDiaperTable":true,"geocodeType":"road"}},{"type":"Feature","geometry":{"type":"Point","coordinates":[127.00133,37.26469]},"properties":{"id":"202437400000101511","name":"수원역 2층 서편","address":"경기도 수원시 팔달구 덕영대로 924 (매산로1가, AK플라자)","category":"공중화장실","openHours":"05:00~23:30","owner":"공공기관-지방자치단체","hasDiaperTable":true,"geocodeType":"road"}},{"type":"Feature","geometry":{"type":"Point","coordinates":[127.00133,37.26469]},"properties":{"id":"202437400000101512","name":"수원역 2층 동편","address":"경기도 수원시 팔달구 덕영대로 924 (매산로1가, AK플라자)","category":"공중화장실","openHours":"05:00~23:30","owner":"공공기관-지방자치단체","hasDiaperTable":true,"geocodeType":"road"}},{"type":"Feature","geometry":{"type":"Point","coordinates":[127.01979,37.26407]},"properties":{"id":"202437400000101513","name":"수원시청역 화장실","address":"경기도 수원시 권선구 효원로 지하270(인계동)","category":"공중화장실","openHours":"20시간","owner":"공공기관-지방자치단체","hasDiaperTable":false,"geocodeType":"road"}},{"type":"Feature","geometry":{"type":"Point","coordinates":[127.02835,37.26282]},"properties":{"id":"202437400000101514","name":"수원시청 본관","address":"경기도 수원시 팔달구 효원로 241","category":"공중화장실","openHours":"09:00~18:00","owner":"공공기관-지방자치단체","hasDiaperTable":true,"geocodeType":"road"}},{"type":"Feature","geometry":{"type":"Point","coordinates":[127.02835,37.26282]},"properties":{"id":"202437400000101515","name":"수원시청 별관","address":"경기도 수원시 팔달구 효원로 241","category":"공중화장실","openHours":"09:00~18:00","owner":"공공기관-지방자치단체","hasDiaperTable":true,"geocodeType":"road"}},{"type":"Feature","geometry":{"type":"Point","coordinates":[127.03606,37.29559]},"properties":{"id":"202437400000101516","name":"수원시장애인종합복지관 1층","address":"경기도 수원시 영통구 창룡대로 255(이의동)","category":"공중화장실","openHours":"10시간","owner":"공공기관-지방자치단체","hasDiaperTable":true,"geocodeType":"road"}},{"type":"Feature","geometry":{"type":"Point","coordinates":[127.08316,37.291]},"properties":{"id":"202437400000101517","name":"수원시연화장(추모의 집지하층)","address":"경기도 수원시 영통구 광교호수로 278, 수원시 연화장 (하동)","category":"공중화장실","openHours":"09:00~18:00","owner":"공공기관-지방자치단체","hasDiaperTable":false,"geocodeType":"road"}},{"type":"Feature","geometry":{"type":"Point","coordinates":[127.08316,37.291]},"properties":{"id":"202437400000101518","name":"수원시연화장(추모의 집1층)","address":"경기도 수원시 영통구 광교호수로 278, 수원시 연화장 (하동)","category":"공중화장실","openHours":"09:00~18:00","owner":"공공기관-지방자치단체","hasDiaperTable":false,"geocodeType":"road"}},{"type":"Feature","geometry":{"type":"Point","coordinates":[127.08316,37.291]},"properties":{"id":"202437400000101519","name":"수원시연화장(장례식장2층좌측)","address":"경기도 수원시 영통구 광교호수로 278, 수원시 연화장 (하동)","category":"공중화장실","openHours":"09:00~18:00","owner":"공공기관-지방자치단체","hasDiaperTable":false,"geocodeType":"road"}},{"type":"Feature","geometry":{"type":"Point","coordinates":[127.08316,37.291]},"properties":{"id":"202437400000101520","name":"수원시연화장(장례식장2층우측)","address":"경기도 수원시 영통구 광교호수로 278, 수원시 연화장 (하동)","category":"공중화장실","openHours":"09:00~18:00","owner":"공공기관-지방자치단체","hasDiaperTable":false,"geocodeType":"road"}},{"type":"Feature","geometry":{"type":"Point","coordinates":[127.08316,37.291]},"properties":{"id":"202437400000101521","name":"수원시연화장(장례식장1층좌측)","address":"경기도 수원시 영통구 광교호수로 278, 수원시 연화장 (하동)","category":"공중화장실","openHours":"09:00~18:00","owner":"공공기관-지방자치단체","hasDiaperTable":false,"geocodeType":"road"}},{"type":"Feature","geometry":{"type":"Point","coordinates":[127.08316,37.291]},"properties":{"id":"202437400000101522","name":"수원시연화장(장례식장1층우측)","address":"경기도 수원시 영통구 광교호수로 278, 수원시 연화장 (하동)","category":"공중화장실","openHours":"09:00~18:00","owner":"공공기관-지방자치단체","hasDiaperTable":false,"geocodeType":"road"}},{"type":"Feature","geometry":{"type":"Point","coordinates":[127.08316,37.291]},"properties":{"id":"202437400000101523","name":"수원시연화장(승화원 좌측)","address":"경기도 수원시 영통구 광교호수로 278, 수원시 연화장 (하동)","category":"공중화장실","openHours":"09:00~18:00","owner":"공공기관-지방자치단체","hasDiaperTable":false,"geocodeType":"road"}},{"type":"Feature","geometry":{"type":"Point","coordinates":[127.08316,37.291]},"properties":{"id":"202437400000101524","name":"수원시연화장(승화원 우측)","address":"경기도 수원시 영통구 광교호수로 278, 수원시 연화장 (하동)","category":"공중화장실","openHours":"09:00~18:00","owner":"공공기관-지방자치단체","hasDiaperTable":false,"geocodeType":"road"}},{"type":"Feature","geometry":{"type":"Point","coordinates":[127.0113,37.2736]},"properties":{"id":"202437400000101525","name":"수원시민회관","address":"경기도 수원시 팔달구 팔달산로 28(매산로3가)","category":"공중화장실","openHours":"09:00~18:00","owner":"공공기관-지방자치단체","hasDiaperTable":false,"geocodeType":"road"}},{"type":"Feature","geometry":{"type":"Point","coordinates":[127.01598,37.28294]},"properties":{"id":"202437400000101526","name":"수원시립아이파크미술관(2층)","address":"경기도 수원시 팔달구 정조로 833(신풍동)","category":"공중화장실","openHours":"10:00~18:00","owner":"공공기관-지방자치단체","hasDiaperTable":false,"geocodeType":"road"}},{"type":"Feature","geometry":{"type":"Point","coordinates":[127.01598,37.28294]},"properties":{"id":"202437400000101527","name":"수원시립아이파크미술관(1층)","address":"경기도 수원시 팔달구 정조로 833(신풍동)","category":"공중화장실","openHours":"10:00~18:00","owner":"공공기관-지방자치단체","hasDiaperTable":true,"geocodeType":"road"}},{"type":"Feature","geometry":{"type":"Point","coordinates":[126.96323,37.25008]},"properties":{"id":"202437400000101528","name":"수원시농업기술센터","address":"경기도 수원시 권선구 온정로 45 (오목천동)","category":"공중화장실","openHours":"09:00~18:00","owner":"공공기관-지방자치단체","hasDiaperTable":false,"geocodeType":"road"}},{"type":"Feature","geometry":{"type":"Point","coordinates":[127.01357,37.27171]},"properties":{"id":"202437400000101529","name":"수원시가족여성회관","address":"경기도 수원시 팔달구 매산로 119(교동)","category":"공중화장실","openHours":"09:00~22:00","owner":"공공기관-지방자치단체","hasDiaperTable":false,"geocodeType":"road"}},{"type":"Feature","geometry":{"type":"Point","coordinates":[127.00784,37.26969]},"properties":{"id":"202437400000101530","name":"수원세무서","address":"경기도 수원시 팔달구 매산로 61, 수원세무서 (매산로3가)","category":"공중화장실","openHours":"09:00~18:00","owner":"공공기관-지방자치단체","hasDiaperTable":false,"geocodeType":"road"}},{"type":"Feature","geometry":{"type":"Point","coordinates":[127.04353,37.2969]},"properties":{"id":"202437400000101531","name":"수원세관","address":"경기도 수원시 영통구 창룡대로 315, 수원세관 (이의동)","category":"공중화장실","openHours":"9:00~18:00","owner":"공공기관-지방자치단체","hasDiaperTable":false,"geocodeType":"road"}},{"type":"Feature","geometry":{"type":"Point","coordinates":[126.97302,37.25871]},"properties":{"id":"202437400000101532","name":"수원권선경찰서 본관","address":"경기도 수원시 권선구 서부로 1673 (탑동)","category":"공중화장실","openHours":"상시","owner":"공공기관-지방자치단체","hasDiaperTable":false,"geocodeType":"road"}},{"type":"Feature","geometry":{"type":"Point","coordinates":[126.97302,37.25871]},"properties":{"id":"202437400000101533","name":"수원권선경찰서 민원관","address":"경기도 수원시 권선구 서부로 1673 (탑동)","category":"공중화장실","openHours":"상시","owner":"공공기관-지방자치단체","hasDiaperTable":false,"geocodeType":"road"}},{"type":"Feature","geometry":{"type":"Point","coordinates":[126.99683,37.29235]},"properties":{"id":"202437400000101534","name":"수원병원장례식지하1층중앙","address":"경기도 수원시 장안구 수성로245번길 69, 경기도립수원의료원 (정자동)","category":"공중화장실","openHours":"00:00~24:00","owner":"공공기관-지방자치단체","hasDiaperTable":false,"geocodeType":"road"}},{"type":"Feature","geometry":{"type":"Point","coordinates":[126.99683,37.29235]},"properties":{"id":"202437400000101535","name":"수원병원장례식장지하외부","address":"경기도 수원시 장안구 수성로245번길 69, 경기도립수원의료원 (정자동)","category":"공중화장실","openHours":"00:00~24:00","owner":"공공기관-지방자치단체","hasDiaperTable":false,"geocodeType":"road"}},{"type":"Feature","geometry":{"type":"Point","coordinates":[126.99683,37.29235]},"properties":{"id":"202437400000101536","name":"수원병원본관2층북쪽","address":"경기도 수원시 장안구 수성로245번길 69, 경기도립수원의료원 (정자동)","category":"공중화장실","openHours":"09:00~18:00","owner":"공공기관-지방자치단체","hasDiaperTable":false,"geocodeType":"road"}},{"type":"Feature","geometry":{"type":"Point","coordinates":[126.99683,37.29235]},"properties":{"id":"202437400000101537","name":"수원병원본관2층남쪽","address":"경기도 수원시 장안구 수성로245번길 69, 경기도립수원의료원 (정자동)","category":"공중화장실","openHours":"09:00~18:00","owner":"공공기관-지방자치단체","hasDiaperTable":false,"geocodeType":"road"}},{"type":"Feature","geometry":{"type":"Point","coordinates":[126.99683,37.29235]},"properties":{"id":"202437400000101538","name":"수원병원본관1층북쪽","address":"경기도 수원시 장안구 수성로245번길 69, 경기도립수원의료원 (정자동)","category":"공중화장실","openHours":"09:00~18:00","owner":"공공기관-지방자치단체","hasDiaperTable":false,"geocodeType":"road"}},{"type":"Feature","geometry":{"type":"Point","coordinates":[126.99683,37.29235]},"properties":{"id":"202437400000101539","name":"수원병원본관1층남쪽","address":"경기도 수원시 장안구 수성로245번길 69, 경기도립수원의료원 (정자동)","category":"공중화장실","openHours":"09:00~18:00","owner":"공공기관-지방자치단체","hasDiaperTable":false,"geocodeType":"road"}},{"type":"Feature","geometry":{"type":"Point","coordinates":[126.99683,37.29235]},"properties":{"id":"202437400000101540","name":"수원병원 응급실 1층 접수옆","address":"경기도 수원시 장안구 수성로245번길 69, 경기도립수원의료원 (정자동)","category":"공중화장실","openHours":"09:00~18:00","owner":"공공기관-지방자치단체","hasDiaperTable":false,"geocodeType":"road"}},{"type":"Feature","geometry":{"type":"Point","coordinates":[126.99683,37.29235]},"properties":{"id":"202437400000101541","name":"수원병원 2층 검진센타","address":"경기도 수원시 장안구 수성로245번길 69, 경기도립수원의료원 (정자동)","category":"공중화장실","openHours":"09:00~18:00","owner":"공공기관-지방자치단체","hasDiaperTable":false,"geocodeType":"road"}},{"type":"Feature","geometry":{"type":"Point","coordinates":[127.01634,37.27904]},"properties":{"id":"202437400000101542","name":"수원백병원","address":"경기도 수원시 팔달구 정조로 793, 백내과병원 (팔달로2가)","category":"공중화장실","openHours":"09:00~18:00","owner":"공공기관-지방자치단체","hasDiaperTable":false,"geocodeType":"road"}},{"type":"Feature","geometry":{"type":"Point","coordinates":[127.03562,37.29773]},"properties":{"id":"202437400000101543","name":"수원박물관","address":"경기도 수원시 영통구 창룡대로 265, 수원박물관 (이의동)","category":"공중화장실","openHours":"09:00~18:00","owner":"공공기관-지방자치단체","hasDiaperTable":false,"geocodeType":"road"}},{"type":"Feature","geometry":{"type":"Point","coordinates":[127.05401,37.27179]},"properties":{"id":"202437400000101544","name":"수원영통경찰서","address":"경기도 수원시 영통구 매봉로 52(매탄동)","category":"공중화장실","openHours":"상시","owner":"공공기관-지방자치단체","hasDiaperTable":false,"geocodeType":"road"}},{"type":"Feature","geometry":{"type":"Point","coordinates":[126.98836,37.32224]},"properties":{"id":"202437400000101546","name":"수안주유소","address":"경기도 수원시 장안구 경수대로 1246 (파장동, 수안주유소)","category":"공중화장실","openHours":"06:00~22:00","owner":"공공기관-지방자치단체","hasDiaperTable":false,"geocodeType":"road"}},{"type":"Feature","geometry":{"type":"Point","coordinates":[126.9887,37.29785]},"properties":{"id":"202437400000101547","name":"수롱이","address":"경기도 수원시 장안구 만석로65(정자동)","category":"공중화장실","openHours":"상시","owner":"공공기관-지방자치단체","hasDiaperTable":true,"geocodeType":"road"}},{"type":"Feature","geometry":{"type":"Point","coordinates":[127.00641,37.29991]},"properties":{"id":"202437400000101548","name":"송죽동행정복지센터","address":"경기도 수원시 장안구 경기도 수원시 장안구 송원로41번길 16-21(송죽동)","category":"공중화장실","openHours":"평일 09:00~18:00","owner":"공공기관-지방자치단체","hasDiaperTable":false,"geocodeType":"road"}},{"type":"Feature","geometry":{"type":"Point","coordinates":[126.98308,37.30297]},"properties":{"id":"202437400000101549","name":"솟대","address":"경기도 수원시 장안구 천천동 483-6","category":"공중화장실","openHours":"상시","owner":"공공기관-지방자치단체","hasDiaperTable":false,"geocodeType":"parcel"}},{"type":"Feature","geometry":{"type":"Point","coordinates":[127.04582,37.26782]},"properties":{"id":"202437400000101550","name":"솔숲(매탄공원)","address":"경기도 수원시 영통구 매탄로 185(매탄동)","category":"공중화장실","openHours":"상시","owner":"공공기관-지방자치단체","hasDiaperTable":true,"geocodeType":"road"}},{"type":"Feature","geometry":{"type":"Point","coordinates":[126.9858,37.31253]},"properties":{"id":"202437400000101551","name":"솔밭주유소","address":"경기도 수원시 장안구 장안로 357(정자동)","category":"공중화장실","openHours":"06:00~22:00","owner":"공공기관-지방자치단체","hasDiaperTable":false,"geocodeType":"road"}},{"type":"Feature","geometry":{"type":"Point","coordinates":[126.97738,37.24465]},"properties":{"id":"202437400000101552","name":"솔대","address":"경기도 수원시 권선구 오목천로152번길 7 (고색동)","category":"공중화장실","openHours":"06:00-22:00","owner":"공공기관-지방자치단체","hasDiaperTable":true,"geocodeType":"road"}},{"type":"Feature","geometry":{"type":"Point","coordinates":[127.01541,37.24274]},"properties":{"id":"202437400000101553","name":"세류지구대","address":"경기도 수원시 권선구 정조로 370(세류동)","category":"공중화장실","openHours":"상시","owner":"공공기관-지방자치단체","hasDiaperTable":false,"geocodeType":"road"}},{"type":"Feature","geometry":{"type":"Point","coordinates":[127.0103,37.25405]},"properties":{"id":"202437400000101554","name":"세류동우체국","address":"경기도 수원시 권선구 덕영대로 1084(세류동)","category":"공중화장실","openHours":"09:00~18:00","owner":"공공기관-지방자치단체","hasDiaperTable":false,"geocodeType":"road"}},{"type":"Feature","geometry":{"type":"Point","coordinates":[127.01192,37.259]},"properties":{"id":"202437400000101555","name":"세류3동행정복지센터","address":"경기도 수원시 권선구 정조로 557(세류동)","category":"공중화장실","openHours":"평일 09:00~18:00","owner":"공공기관-지방자치단체","hasDiaperTable":false,"geocodeType":"road"}},{"type":"Feature","geometry":{"type":"Point","coordinates":[127.01309,37.25339]},"properties":{"id":"202437400000101556","name":"세류2동행정복지센터","address":"경기도 수원시 권선구 덕영대로 1107(세류동)","category":"공중화장실","openHours":"평일 09:00~18:00","owner":"공공기관-지방자치단체","hasDiaperTable":false,"geocodeType":"road"}},{"type":"Feature","geometry":{"type":"Point","coordinates":[127.00777,37.26229]},"properties":{"id":"202437400000101557","name":"세류1동행정복지센터","address":"경기도 수원시 권선구 세류로38번길 10(세류동)","category":"공중화장실","openHours":"평일 09:00~18:00","owner":"공공기관-지방자치단체","hasDiaperTable":false,"geocodeType":"road"}},{"type":"Feature","geometry":{"type":"Point","coordinates":[126.96412,37.28819]},"properties":{"id":"202437400000101558","name":"세광상사(주) 행복주유소","address":"경기도 수원시 권선구 수인로 379 (구운동)","category":"공중화장실","openHours":"06:00~22:00","owner":"공공기관-지방자치단체","hasDiaperTable":false,"geocodeType":"road"}},{"type":"Feature","geometry":{"type":"Point","coordinates":[127.04807,37.30941]},"properties":{"id":"202437400000101559","name":"성죽","address":"경기도 수원시 영통구 이의동 1213","category":"공중화장실","openHours":"상시","owner":"공공기관-지방자치단체","hasDiaperTable":false,"geocodeType":"parcel"}},{"type":"Feature","geometry":{"type":"Point","coordinates":[127.02788,37.27927]},"properties":{"id":"202437400000101561","name":"성빈센트병원","address":"경기도 수원시 팔달구 중부대로 93, 성빈센트병원 (지동)","category":"공중화장실","openHours":"09:00~18:00","owner":"공공기관-지방자치단체","hasDiaperTable":false,"geocodeType":"road"}},{"type":"Feature","geometry":{"type":"Point","coordinates":[126.97173,37.29995]},"properties":{"id":"202437400000101562","name":"성균관대역","address":"경기도 수원시 장안구 서부로 2149, 성대역사 (율전동)","category":"공중화장실","openHours":"20시간","owner":"공공기관-지방자치단체","hasDiaperTable":true,"geocodeType":"road"}},{"type":"Feature","geometry":{"type":"Point","coordinates":[127.04401,37.25604]},"properties":{"id":"202437400000101563","name":"선주리들","address":"경기도 수원시 영통구 동탄원천로915번길 33 (매탄동, 주공그린빌)","category":"공중화장실","openHours":"06:00~22:00","owner":"공공기관-지방자치단체","hasDiaperTable":false,"geocodeType":"road"}},{"type":"Feature","geometry":{"type":"Point","coordinates":[127.01042,37.28381]},"properties":{"id":"202437400000101564","name":"선경도서관","address":"경기도 수원시 팔달구 신풍로23번길 68(신풍동)","category":"공중화장실","openHours":"07:00~23:00(둘째, 네째주 월요일 휴무)","owner":"공공기관-지방자치단체","hasDiaperTable":true,"geocodeType":"road"}},{"type":"Feature","geometry":{"type":"Point","coordinates":[126.97147,37.28078]},"properties":{"id":"202437400000101565","name":"서호지구대","address":"경기도 수원시 권선구 구운로73번길 18-13 (구운동)","category":"공중화장실","openHours":"상시","owner":"공공기관-지방자치단체","hasDiaperTable":false,"geocodeType":"road"}},{"type":"Feature","geometry":{"type":"Point","coordinates":[126.9891,37.28217]},"properties":{"id":"202437400000101566","name":"서호잔디광장","address":"경기도 수원시 팔달구 수성로 92, 농민회관 (화서동)","category":"공중화장실","openHours":"상시","owner":"공공기관-지방자치단체","hasDiaperTable":false,"geocodeType":"road"}},{"type":"Feature","geometry":{"type":"Point","coordinates":[126.97602,37.27826]},"properties":{"id":"202437400000101567","name":"서호노인복지관 지하1층","address":"경기도 수원시 권선구 구운로 4번길 34(구운동)","category":"공중화장실","openHours":"09:00~18:00","owner":"공공기관-지방자치단체","hasDiaperTable":false,"geocodeType":"road"}},{"type":"Feature","geometry":{"type":"Point","coordinates":[126.97602,37.27826]},"properties":{"id":"202437400000101568","name":"서호노인복지관 3층","address":"경기도 수원시 권선구 구운로 4번길 34(구운동)","category":"공중화장실","openHours":"09:00~18:00","owner":"공공기관-지방자치단체","hasDiaperTable":false,"geocodeType":"road"}},{"type":"Feature","geometry":{"type":"Point","coordinates":[126.97602,37.27826]},"properties":{"id":"202437400000101569","name":"서호노인복지관 2층","address":"경기도 수원시 권선구 구운로 4번길 34(구운동)","category":"공중화장실","openHours":"09:00~18:00","owner":"공공기관-지방자치단체","hasDiaperTable":false,"geocodeType":"road"}},{"type":"Feature","geometry":{"type":"Point","coordinates":[126.97602,37.27826]},"properties":{"id":"202437400000101570","name":"서호노인복지관 1층","address":"경기도 수원시 권선구 구운로 4번길 34(구운동)","category":"공중화장실","openHours":"09:00~18:00","owner":"공공기관-지방자치단체","hasDiaperTable":false,"geocodeType":"road"}},{"type":"Feature","geometry":{"type":"Point","coordinates":[126.97116,37.28253]},"properties":{"id":"202437400000101573","name":"서수원터미널","address":"경기도 수원시 권선구 수인로 291(구운동)","category":"공중화장실","openHours":"05:00~23:30","owner":"공공기관-지방자치단체","hasDiaperTable":true,"geocodeType":"road"}},{"type":"Feature","geometry":{"type":"Point","coordinates":[126.96901,37.28369]},"properties":{"id":"202437400000101574","name":"서수원주유소","address":"경기도 수원시 권선구 서부로 1963 (구운동)","category":"공중화장실","openHours":"상시","owner":"공공기관-지방자치단체","hasDiaperTable":false,"geocodeType":"road"}},{"type":"Feature","geometry":{"type":"Point","coordinates":[126.97131,37.27313]},"properties":{"id":"202437400000101575","name":"서수원도서관","address":"경기도수원시 권선구 탑동로 57번길 35(탑동)","category":"공중화장실","openHours":"평일 09:00 - 22:00, 주말 09:00 - 17:00","owner":"공공기관-지방자치단체","hasDiaperTable":true,"geocodeType":"parcel"}},{"type":"Feature","geometry":{"type":"Point","coordinates":[126.99365,37.28691]},"properties":{"id":"202437400000101576","name":"서부주유소","address":"경기도 수원시 팔달구 수성로 188 (화서동)","category":"공중화장실","openHours":"06:00~22:00","owner":"공공기관-지방자치단체","hasDiaperTable":false,"geocodeType":"road"}},{"type":"Feature","geometry":{"type":"Point","coordinates":[126.98611,37.2721]},"properties":{"id":"202437400000101577","name":"서둔동행정복지센터","address":"경기도 수원시 권선구 서호로 146(서둔동)","category":"공중화장실","openHours":"평일 09:00~18:00","owner":"공공기관-지방자치단체","hasDiaperTable":false,"geocodeType":"road"}},{"type":"Feature","geometry":{"type":"Point","coordinates":[126.99337,37.26895]},"properties":{"id":"202437400000101578","name":"서둔119안전센터","address":"경기도 수원시 권선구 서호동로 48, 서둔119안전센터 (서둔동)","category":"공중화장실","openHours":"09:00~18:00","owner":"공공기관-지방자치단체","hasDiaperTable":false,"geocodeType":"road"}},{"type":"Feature","geometry":{"type":"Point","coordinates":[127.03103,37.25118]},"properties":{"id":"202437400000101579","name":"샛길","address":"경기도 수원시 권선구 권중로 171, 샛길 (권선동)","category":"공중화장실","openHours":"상시","owner":"공공기관-지방자치단체","hasDiaperTable":true,"geocodeType":"parcel"}},{"type":"Feature","geometry":{"type":"Point","coordinates":[126.98206,37.31542]},"properties":{"id":"202437400000101580","name":"새한주유소","address":"경기도 수원시 장안구 서부로 2348(이목동)","category":"공중화장실","openHours":"06:00~22:00","owner":"공공기관-지방자치단체","hasDiaperTable":false,"geocodeType":"road"}},{"type":"Feature","geometry":{"type":"Point","coordinates":[127.06452,37.25916]},"properties":{"id":"202437400000101582","name":"삼성주유소","address":"경기도 수원시 영통구 매영로 248(원천동)","category":"공중화장실","openHours":"06:00~22:00","owner":"공공기관-지방자치단체","hasDiaperTable":false,"geocodeType":"road"}},{"type":"Feature","geometry":{"type":"Point","coordinates":[127.07169,37.25066]},"properties":{"id":"202437400000101583","name":"살구","address":"경기도 수원시 영통구 매영로 366(영통동)","category":"공중화장실","openHours":"상시","owner":"공공기관-지방자치단체","hasDiaperTable":false,"geocodeType":"road"}},{"type":"Feature","geometry":{"type":"Point","coordinates":[127.00813,37.28019]},"properties":{"id":"202437400000101584","name":"산아래","address":"경기도 수원시 팔달구 팔달산로 131(화서1동)","category":"공중화장실","openHours":"상시","owner":"공공기관-지방자치단체","hasDiaperTable":false,"geocodeType":"road"}},{"type":"Feature","geometry":{"type":"Point","coordinates":[127.05308,37.26872]},"properties":{"id":"202437400000101585","name":"산남지구대","address":"경기도 수원시 영통구 매영로 93-18(매탄동)","category":"공중화장실","openHours":"상시","owner":"공공기관-지방자치단체","hasDiaperTable":false,"geocodeType":"road"}},{"type":"Feature","geometry":{"type":"Point","coordinates":[127.05488,37.28323]},"properties":{"id":"202437400000101586","name":"사색","address":"경기도 수원시 영통구 광교중앙로 96 (원천동)","category":"공중화장실","openHours":"06:00~22:00","owner":"공공기관-지방자치단체","hasDiaperTable":false,"geocodeType":"road"}},{"type":"Feature","geometry":{"type":"Point","coordinates":[127.01835,37.23604]},"properties":{"id":"202437400000101587","name":"비행장주유소","address":"경기도 수원시 권선구 정조로 291(대황교동)","category":"공중화장실","openHours":"06:00~22:00","owner":"공공기관-지방자치단체","hasDiaperTable":false,"geocodeType":"road"}},{"type":"Feature","geometry":{"type":"Point","coordinates":[126.98875,37.31649]},"properties":{"id":"202437400000101588","name":"북수원톨게이트충전소","address":"경기도 수원시 장안구 경수대로 1184, 주유소 (파장동)","category":"공중화장실","openHours":"06:00~10:00","owner":"공공기관-지방자치단체","hasDiaperTable":false,"geocodeType":"road"}},{"type":"Feature","geometry":{"type":"Point","coordinates":[126.97254,37.30475]},"properties":{"id":"202437400000101589","name":"북수원셀프주유소","address":"경기도 수원시 장안구 서부로 2201 (율전동)","category":"공중화장실","openHours":"상시","owner":"공공기관-지방자치단체","hasDiaperTable":true,"geocodeType":"road"}},{"type":"Feature","geometry":{"type":"Point","coordinates":[126.9887,37.29785]},"properties":{"id":"202437400000101590","name":"북수원도서관 3층","address":"경기도 수원시 장안구 만석로 65(정자동)","category":"공중화장실","openHours":"평일 09:00~18:00(매주 월요일 휴무)","owner":"공공기관-지방자치단체","hasDiaperTable":false,"geocodeType":"road"}},{"type":"Feature","geometry":{"type":"Point","coordinates":[126.9887,37.29785]},"properties":{"id":"202437400000101591","name":"북수원도서관 2층","address":"경기도 수원시 장안구 만석로 65(정자동)","category":"공중화장실","openHours":"평일 09:00~18:00(매주 월요일 휴무)","owner":"공공기관-지방자치단체","hasDiaperTable":false,"geocodeType":"road"}},{"type":"Feature","geometry":{"type":"Point","coordinates":[126.9887,37.29785]},"properties":{"id":"202437400000101592","name":"북수원도서관 1층","address":"경기도 수원시 장안구 만석로 65(정자동)","category":"공중화장실","openHours":"평일 09:00~18:00(매주 월요일 휴무)","owner":"공공기관-지방자치단체","hasDiaperTable":false,"geocodeType":"road"}},{"type":"Feature","geometry":{"type":"Point","coordinates":[127.0075,37.30355]},"properties":{"id":"202437400000101593","name":"북수원 패션아울렛","address":"경기도 수원시 장안구 경수대로 950(조원동)","category":"공중화장실","openHours":"10:00~22:00","owner":"공공기관-지방자치단체","hasDiaperTable":false,"geocodeType":"road"}},{"type":"Feature","geometry":{"type":"Point","coordinates":[127.02083,37.28151]},"properties":{"id":"202437400000101594","name":"봉화대","address":"경기도 수원시 팔달구 창룡대로104번길158(남수동)","category":"공중화장실","openHours":"상시","owner":"공공기관-지방자치단체","hasDiaperTable":true,"geocodeType":"parcel"}},{"type":"Feature","geometry":{"type":"Point","coordinates":[127.0494,37.27366]},"properties":{"id":"202437400000101595","name":"법원주유소","address":"경기도 수원시 영통구 중부대로 309(원천동)","category":"공중화장실","openHours":"06:00~22:00","owner":"공공기관-지방자치단체","hasDiaperTable":false,"geocodeType":"road"}},{"type":"Feature","geometry":{"type":"Point","coordinates":[127.01478,37.25682]},"properties":{"id":"202437400000101596","name":"버드내도서관 3층","address":"경기도 수원시 권선구 세권로 94번길 29(세류동)","category":"공중화장실","openHours":"평일 7:00~23:00, 주말 7:00~21:00","owner":"공공기관-지방자치단체","hasDiaperTable":false,"geocodeType":"road"}},{"type":"Feature","geometry":{"type":"Point","coordinates":[127.01478,37.25682]},"properties":{"id":"202437400000101597","name":"버드내도서관 2층","address":"경기도 수원시 권선구 세권로 94번길 29(세류동)","category":"공중화장실","openHours":"평일 7:00~23:00, 주말 7:00~21:00","owner":"공공기관-지방자치단체","hasDiaperTable":false,"geocodeType":"road"}},{"type":"Feature","geometry":{"type":"Point","coordinates":[127.01478,37.25682]},"properties":{"id":"202437400000101598","name":"버드내도서관 1층","address":"경기도 수원시 권선구 세권로 94번길 29(세류동)","category":"공중화장실","openHours":"평일 7:00~23:00, 주말 7:00~21:00","owner":"공공기관-지방자치단체","hasDiaperTable":true,"geocodeType":"road"}},{"type":"Feature","geometry":{"type":"Point","coordinates":[127.01156,37.26115]},"properties":{"id":"202437400000101600","name":"버드내노인복지관 지하1층 중앙","address":"경기도 수원시 권선구 권선로564번길 36(세류동)","category":"공중화장실","openHours":"09:00~18:00","owner":"공공기관-지방자치단체","hasDiaperTable":false,"geocodeType":"road"}},{"type":"Feature","geometry":{"type":"Point","coordinates":[127.01156,37.26115]},"properties":{"id":"202437400000101602","name":"버드내노인복지관 4층","address":"경기도 수원시 권선구 권선로564번길 36(세류동)","category":"공중화장실","openHours":"09:00~18:00","owner":"공공기관-지방자치단체","hasDiaperTable":false,"geocodeType":"road"}},{"type":"Feature","geometry":{"type":"Point","coordinates":[127.01156,37.26115]},"properties":{"id":"202437400000101603","name":"버드내노인복지관 3층","address":"경기도 수원시 권선구 권선로564번길 36(세류동)","category":"공중화장실","openHours":"09:00~18:00","owner":"공공기관-지방자치단체","hasDiaperTable":false,"geocodeType":"road"}},{"type":"Feature","geometry":{"type":"Point","coordinates":[127.01156,37.26115]},"properties":{"id":"202437400000101606","name":"버드내노인복지관 2층","address":"경기도 수원시 권선구 권선로564번길 36(세류동)","category":"공중화장실","openHours":"09:00~18:00","owner":"공공기관-지방자치단체","hasDiaperTable":false,"geocodeType":"road"}},{"type":"Feature","geometry":{"type":"Point","coordinates":[127.01156,37.26115]},"properties":{"id":"202437400000101608","name":"버드내노인복지관 1층","address":"경기도 수원시 권선구 권선로564번길 36(세류동)","category":"공중화장실","openHours":"09:00~18:00","owner":"공공기관-지방자치단체","hasDiaperTable":false,"geocodeType":"road"}},{"type":"Feature","geometry":{"type":"Point","coordinates":[127.01156,37.26115]},"properties":{"id":"202437400000101609","name":"버드내","address":"경기도 수원시 권선구 권선로564번길 36(세류동)","category":"공중화장실","openHours":"07:00~21:00","owner":"공공기관-지방자치단체","hasDiaperTable":true,"geocodeType":"road"}},{"type":"Feature","geometry":{"type":"Point","coordinates":[126.98935,37.27847]},"properties":{"id":"202437400000101610","name":"백로","address":"경기도 수원시 팔달구 화서동 436-1","category":"공중화장실","openHours":"상시","owner":"공공기관-지방자치단체","hasDiaperTable":true,"geocodeType":"parcel"}},{"type":"Feature","geometry":{"type":"Point","coordinates":[126.9851,37.24029]},"properties":{"id":"202437400000101611","name":"배다리","address":"경기도 수원시 권선구 산업로156번길 171-33, 화장실 및 관리사무소 (고색동)","category":"공중화장실","openHours":"상시","owner":"공공기관-지방자치단체","hasDiaperTable":false,"geocodeType":"road"}},{"type":"Feature","geometry":{"type":"Point","coordinates":[127.05148,37.24471]},"properties":{"id":"202437400000101612","name":"방죽","address":"경기도 수원시 영통구 덕영대로1484번길 10-25(망포2동)","category":"공중화장실","openHours":"상시","owner":"공공기관-지방자치단체","hasDiaperTable":false,"geocodeType":"road"}},{"type":"Feature","geometry":{"type":"Point","coordinates":[126.97212,37.30646]},"properties":{"id":"202437400000101614","name":"밤밭노인복지관 지하1층","address":"경기도 수원시 장안구 상률로 53(율전동)","category":"공중화장실","openHours":"09:00~18:00","owner":"공공기관-지방자치단체","hasDiaperTable":true,"geocodeType":"road"}},{"type":"Feature","geometry":{"type":"Point","coordinates":[126.97212,37.30646]},"properties":{"id":"202437400000101616","name":"밤밭노인복지관 3층","address":"경기도 수원시 장안구 상률로 53(율전동)","category":"공중화장실","openHours":"09:00~18:00","owner":"공공기관-지방자치단체","hasDiaperTable":true,"geocodeType":"road"}},{"type":"Feature","geometry":{"type":"Point","coordinates":[126.97212,37.30646]},"properties":{"id":"202437400000101618","name":"밤밭노인복지관 2층","address":"경기도 수원시 장안구 상률로 53(율전동)","category":"공중화장실","openHours":"09:00~18:00","owner":"공공기관-지방자치단체","hasDiaperTable":true,"geocodeType":"road"}},{"type":"Feature","geometry":{"type":"Point","coordinates":[126.97212,37.30646]},"properties":{"id":"202437400000101620","name":"밤밭노인복지관 1층","address":"경기도 수원시 장안구 상률로 53(율전동)","category":"공중화장실","openHours":"09:00~18:00","owner":"공공기관-지방자치단체","hasDiaperTable":true,"geocodeType":"road"}},{"type":"Feature","geometry":{"type":"Point","coordinates":[126.9758,37.30059]},"properties":{"id":"202437400000101621","name":"밤밭","address":"경기도 수원시 장안구 하률로30번길 50(정자3동)","category":"공중화장실","openHours":"상시","owner":"공공기관-지방자치단체","hasDiaperTable":true,"geocodeType":"road"}},{"type":"Feature","geometry":{"type":"Point","coordinates":[127.03223,37.30242]},"properties":{"id":"202437400000101622","name":"반딧불이","address":"경기도 수원시 장안구 광교산로172(하광교동)","category":"공중화장실","openHours":"상시","owner":"공공기관-지방자치단체","hasDiaperTable":true,"geocodeType":"road"}},{"type":"Feature","geometry":{"type":"Point","coordinates":[127.07886,37.25088]},"properties":{"id":"202437400000101623","name":"반달","address":"경기도 수원시 영통구 반달로 77(영통동)","category":"공중화장실","openHours":"상시","owner":"공공기관-지방자치단체","hasDiaperTable":true,"geocodeType":"road"}},{"type":"Feature","geometry":{"type":"Point","coordinates":[127.05239,37.26886]},"properties":{"id":"202437400000101625","name":"바른샘도서관 3층","address":"경기도 수원시 영통구 매봉로 10(매탄동)","category":"공중화장실","openHours":"평일 09:00~18:00(매주 월요일 휴무)","owner":"공공기관-지방자치단체","hasDiaperTable":false,"geocodeType":"road"}},{"type":"Feature","geometry":{"type":"Point","coordinates":[127.05239,37.26886]},"properties":{"id":"202437400000101626","name":"바른샘도서관 2층","address":"경기도 수원시 영통구 매봉로 10(매탄동)","category":"공중화장실","openHours":"평일 09:00~18:00(매주 월요일 휴무)","owner":"공공기관-지방자치단체","hasDiaperTable":false,"geocodeType":"road"}},{"type":"Feature","geometry":{"type":"Point","coordinates":[127.05239,37.26886]},"properties":{"id":"202437400000101628","name":"바른샘도서관 1층","address":"경기도 수원시 영통구 매봉로 10(매탄동)","category":"공중화장실","openHours":"평일 09:00~18:00(매주 월요일 휴무)","owner":"공공기관-지방자치단체","hasDiaperTable":false,"geocodeType":"road"}},{"type":"Feature","geometry":{"type":"Point","coordinates":[126.94575,37.27717]},"properties":{"id":"202437400000101629","name":"바람소리","address":"경기도 수원시 권선구 당수로48번길 160-28(금곡동)","category":"공중화장실","openHours":"상시","owner":"공공기관-지방자치단체","hasDiaperTable":false,"geocodeType":"parcel"}},{"type":"Feature","geometry":{"type":"Point","coordinates":[126.97088,37.24663]},"properties":{"id":"202437400000101630","name":"바람개비","address":"경기도 수원시 권선구 매송고색로 594(고색동)","category":"공중화장실","openHours":"09:00-21:00","owner":"공공기관-지방자치단체","hasDiaperTable":true,"geocodeType":"road"}},{"type":"Feature","geometry":{"type":"Point","coordinates":[127.03729,37.25964]},"properties":{"id":"202437400000101631","name":"민방위교육장(내)화장실","address":"경기도 수원시 팔달구 동수원로 341(인계동)","category":"공중화장실","openHours":"미개방","owner":"공공기관-지방자치단체","hasDiaperTable":false,"geocodeType":"road"}},{"type":"Feature","geometry":{"type":"Point","coordinates":[127.01496,37.28251]},"properties":{"id":"202437400000101632","name":"미술관옆","address":"경기도 수원시 팔달구 신풍로 14(신풍동)","category":"공중화장실","openHours":"상시","owner":"공공기관-지방자치단체","hasDiaperTable":false,"geocodeType":"road"}},{"type":"Feature","geometry":{"type":"Point","coordinates":[127.03752,37.29592]},"properties":{"id":"202437400000101633","name":"미래주유소","address":"경기도 수원시 영통구 창룡대로 266(이의동)","category":"공중화장실","openHours":"06:00~22:00","owner":"공공기관-지방자치단체","hasDiaperTable":false,"geocodeType":"road"}},{"type":"Feature","geometry":{"type":"Point","coordinates":[126.9537,37.2648]},"properties":{"id":"202437400000101634","name":"물향기","address":"경기도 수원시 권선구 칠보로 142(호매실동)","category":"공중화장실","openHours":"상시","owner":"공공기관-지방자치단체","hasDiaperTable":false,"geocodeType":"road"}},{"type":"Feature","geometry":{"type":"Point","coordinates":[126.95145,37.27321]},"properties":{"id":"202437400000101635","name":"물빛찬","address":"경기도 수원시 권선구 금곡로 190(금곡동)","category":"공중화장실","openHours":"상시","owner":"공공기관-지방자치단체","hasDiaperTable":true,"geocodeType":"road"}},{"type":"Feature","geometry":{"type":"Point","coordinates":[126.97312,37.24106]},"properties":{"id":"202437400000101636","name":"물레방아","address":"경기도 수원시 권선구 오목천로 96(고색동)","category":"공중화장실","openHours":"상시","owner":"공공기관-지방자치단체","hasDiaperTable":true,"geocodeType":"road"}},{"type":"Feature","geometry":{"type":"Point","coordinates":[127.01012,37.29106]},"properties":{"id":"202437400000101638","name":"무지개","address":"경기도 수원시 장안구 수성로340번길 30","category":"공중화장실","openHours":"상시","owner":"공공기관-지방자치단체","hasDiaperTable":false,"geocodeType":"road"}},{"type":"Feature","geometry":{"type":"Point","coordinates":[127.02769,37.28348]},"properties":{"id":"202437400000101639","name":"못골어린이공원","address":"경기도 수원시 팔달문로115번길 43(지동)","category":"공중화장실","openHours":"상시","owner":"공공기관-지방자치단체","hasDiaperTable":true,"geocodeType":"road"}},{"type":"Feature","geometry":{"type":"Point","coordinates":[127.02278,37.26052]},"properties":{"id":"202437400000101640","name":"명품주유소","address":"경기도 수원시 권선구 권선로 651 (권선동)","category":"공중화장실","openHours":"상시","owner":"공공기관-지방자치단체","hasDiaperTable":false,"geocodeType":"road"}},{"type":"Feature","geometry":{"type":"Point","coordinates":[127.05454,37.26817]},"properties":{"id":"202437400000101641","name":"먼내(매봉공원)","address":"경기도 수원시 영통구 동탄원천로1109번길 61(매탄동)","category":"공중화장실","openHours":"상시","owner":"공공기관-지방자치단체","hasDiaperTable":true,"geocodeType":"road"}},{"type":"Feature","geometry":{"type":"Point","coordinates":[126.93912,37.2617]},"properties":{"id":"202437400000101643","name":"맷돌","address":"경기도 수원시 권선구 칠보로88번길 222(호매실동)","category":"공중화장실","openHours":"07:00~21:00","owner":"공공기관-지방자치단체","hasDiaperTable":true,"geocodeType":"road"}},{"type":"Feature","geometry":{"type":"Point","coordinates":[126.94985,37.26952]},"properties":{"id":"202437400000101644","name":"매화","address":"경기도 수원시 권선구 금곡동 1148","category":"공중화장실","openHours":"상시","owner":"공공기관-지방자치단체","hasDiaperTable":true,"geocodeType":"parcel"}},{"type":"Feature","geometry":{"type":"Point","coordinates":[127.03777,37.263]},"properties":{"id":"202437400000101645","name":"매탄지구대","address":"경기도 수원시 팔달구 동수원로 403(인계동)","category":"공중화장실","openHours":"상시","owner":"공공기관-지방자치단체","hasDiaperTable":false,"geocodeType":"parcel"}},{"type":"Feature","geometry":{"type":"Point","coordinates":[127.04993,37.26378]},"properties":{"id":"202437400000101646","name":"매탄동주유소","address":"경기도 수원시 영통구 동탄원천로 1015(고색동)","category":"공중화장실","openHours":"상시","owner":"공공기관-지방자치단체","hasDiaperTable":false,"geocodeType":"road"}},{"type":"Feature","geometry":{"type":"Point","coordinates":[127.04061,37.25263]},"properties":{"id":"202437400000101647","name":"매탄권선역 화장실","address":"경기도 수원시 영통구 권선로 841 지하(매탄동)","category":"공중화장실","openHours":"20시간","owner":"공공기관-지방자치단체","hasDiaperTable":false,"geocodeType":"road"}},{"type":"Feature","geometry":{"type":"Point","coordinates":[127.0487,37.26509]},"properties":{"id":"202437400000101648","name":"매탄4동행정복지센터","address":"경기도 수원시 영통구 산남로 26-4(매탄동)","category":"공중화장실","openHours":"평일 09:00~18:00","owner":"공공기관-지방자치단체","hasDiaperTable":false,"geocodeType":"road"}},{"type":"Feature","geometry":{"type":"Point","coordinates":[127.0431,37.25645]},"properties":{"id":"202437400000101649","name":"매탄3동행정복지센터","address":"경기도 수원시 영통구 동탄원천로881번길 76(매탄동)","category":"공중화장실","openHours":"평일 09:00~18:00","owner":"공공기관-지방자치단체","hasDiaperTable":false,"geocodeType":"road"}},{"type":"Feature","geometry":{"type":"Point","coordinates":[127.04743,37.27012]},"properties":{"id":"202437400000101650","name":"매탄2동행정복지센터","address":"경기도 수원시 영통구 매영로39번길 21(매탄동)","category":"공중화장실","openHours":"평일 09:00~18:00","owner":"공공기관-지방자치단체","hasDiaperTable":false,"geocodeType":"road"}},{"type":"Feature","geometry":{"type":"Point","coordinates":[127.04053,37.2705]},"properties":{"id":"202437400000101651","name":"매탄1동행정복지센터","address":"경기도 수원시 영통구 인계로189번길 119(매탄동)","category":"공중화장실","openHours":"평일 09:00~18:00","owner":"공공기관-지방자치단체","hasDiaperTable":true,"geocodeType":"road"}},{"type":"Feature","geometry":{"type":"Point","coordinates":[127.04609,37.25821]},"properties":{"id":"202437400000101652","name":"매탄(매여울공원)","address":"경기도 수원시 영통구 효원로 408, 매탄 공중화장실 (매탄동)","category":"공중화장실","openHours":"상시","owner":"공공기관-지방자치단체","hasDiaperTable":false,"geocodeType":"road"}},{"type":"Feature","geometry":{"type":"Point","coordinates":[127.04736,37.25933]},"properties":{"id":"202437400000101653","name":"매여울도서관","address":"경기도 수원시 영통구 효원로 415(매탄동)","category":"공중화장실","openHours":"평일 07:00 - 23:00, 주말 07:00 - 21:00","owner":"공공기관-지방자치단체","hasDiaperTable":false,"geocodeType":"road"}},{"type":"Feature","geometry":{"type":"Point","coordinates":[127.00133,37.26469]},"properties":{"id":"202437400000101654","name":"매산지구대","address":"경기도 수원시 팔달구 덕영대로 924(팔달구)","category":"공중화장실","openHours":"상시","owner":"공공기관-지방자치단체","hasDiaperTable":false,"geocodeType":"road"}},{"type":"Feature","geometry":{"type":"Point","coordinates":[127.00567,37.26875]},"properties":{"id":"202437400000101655","name":"매산동행정복지센터","address":"경기도 수원시 팔달구 매산로 41, 2층 (매산로2가)","category":"공중화장실","openHours":"평일 09:00~18:00","owner":"공공기관-지방자치단체","hasDiaperTable":false,"geocodeType":"road"}},{"type":"Feature","geometry":{"type":"Point","coordinates":[127.01676,37.26488]},"properties":{"id":"202437400000101656","name":"매교역 화장실","address":"경기도 수원시 효원로 지하126(매교동)","category":"공중화장실","openHours":"20시간","owner":"공공기관-지방자치단체","hasDiaperTable":true,"geocodeType":"road"}},{"type":"Feature","geometry":{"type":"Point","coordinates":[127.01629,37.27108]},"properties":{"id":"202437400000101657","name":"매교동행정복지센터","address":"경기도 수원시 팔달구 정조로715번길 17(매교동)","category":"공중화장실","openHours":"평일 09:00~18:00","owner":"공공기관-지방자치단체","hasDiaperTable":false,"geocodeType":"road"}},{"type":"Feature","geometry":{"type":"Point","coordinates":[127.04447,37.24071]},"properties":{"id":"202437400000101659","name":"망포글빛도서관","address":"경기도 수원시 영통구 망포로 100, 망포글빛도서관 (망포동)","category":"공중화장실","openHours":"평일 07:00 - 23:00, 주말 07:00 - 21:00","owner":"공공기관-지방자치단체","hasDiaperTable":false,"geocodeType":"road"}},{"type":"Feature","geometry":{"type":"Point","coordinates":[127.05161,37.23887]},"properties":{"id":"202437400000101660","name":"망포2동행정복지센터","address":"경기도 수원시 영통구 태장로54번길 10(망포동)","category":"공중화장실","openHours":"평일 09:00~18:00","owner":"공공기관-지방자치단체","hasDiaperTable":false,"geocodeType":"road"}},{"type":"Feature","geometry":{"type":"Point","coordinates":[127.05772,37.24245]},"properties":{"id":"202437400000101661","name":"망포","address":"경기도 수원시 영통구 망포동 358-5","category":"공중화장실","openHours":"상시","owner":"공공기관-지방자치단체","hasDiaperTable":true,"geocodeType":"parcel"}},{"type":"Feature","geometry":{"type":"Point","coordinates":[127.00254,37.30178]},"properties":{"id":"202437400000101662","name":"만석공원","address":"경기도 수원시 장안구 정조로1087(송죽동)","category":"공중화장실","openHours":"상시","owner":"공공기관-지방자치단체","hasDiaperTable":true,"geocodeType":"road"}},{"type":"Feature","geometry":{"type":"Point","coordinates":[127.0193,37.23857]},"properties":{"id":"202437400000101663","name":"마중생태","address":"경기도 수원시 권선구 경수대로 124, 마중생태 (권선동)","category":"공중화장실","openHours":"상시","owner":"공공기관-지방자치단체","hasDiaperTable":true,"geocodeType":"road"}},{"type":"Feature","geometry":{"type":"Point","coordinates":[127.02152,37.23574]},"properties":{"id":"202437400000101664","name":"마중광장","address":"경기도 수원시 권선구 경수대로 88, 마중광장 (권선동)","category":"공중화장실","openHours":"상시","owner":"공공기관-지방자치단체","hasDiaperTable":false,"geocodeType":"road"}},{"type":"Feature","geometry":{"type":"Point","coordinates":[127.05593,37.28575]},"properties":{"id":"202437400000101665","name":"롯데아울렛 광교점","address":"경기도 수원시 영통구 도청로 10(이의동)","category":"공중화장실","openHours":"11:00~21:00","owner":"공공기관-지방자치단체","hasDiaperTable":false,"geocodeType":"road"}},{"type":"Feature","geometry":{"type":"Point","coordinates":[126.99739,37.26416]},"properties":{"id":"202437400000101666","name":"타임빌라스 수원","address":"경기도 수원시 권선구 세화로 134, 롯데몰 수원점 (서둔동)","category":"공중화장실","openHours":"10:00~23:00","owner":"공공기관-지방자치단체","hasDiaperTable":true,"geocodeType":"road"}},{"type":"Feature","geometry":{"type":"Point","coordinates":[126.98251,37.29588]},"properties":{"id":"202437400000101667","name":"롯데마트 천천점","address":"경기도 수원시 장안구 만석로19번길 25-10(천천점)","category":"공중화장실","openHours":"10:00~23:.00","owner":"공공기관-지방자치단체","hasDiaperTable":true,"geocodeType":"road"}},{"type":"Feature","geometry":{"type":"Point","coordinates":[127.03469,37.25026]},"properties":{"id":"202437400000101669","name":"롯데마트 권선점","address":"경기도 수원시 권선구 동수원로 232(권선동)","category":"공중화장실","openHours":"10:00~23:.00","owner":"공공기관-지방자치단체","hasDiaperTable":true,"geocodeType":"road"}},{"type":"Feature","geometry":{"type":"Point","coordinates":[127.04983,37.2909]},"properties":{"id":"202437400000101670","name":"롯데마트 광교점","address":"경기도 수원시 영통구 센트럴타운로 85 (이의동, 광교C1 호반베르디움, Summit Place광교)","category":"공중화장실","openHours":"10:00~24:00","owner":"공공기관-지방자치단체","hasDiaperTable":false,"geocodeType":"road"}},{"type":"Feature","geometry":{"type":"Point","coordinates":[126.97857,37.24029]},"properties":{"id":"202437400000101671","name":"들바람","address":"경기도 수원시 권선구 산업로92번길 105(고색동)","category":"공중화장실","openHours":"상시","owner":"공공기관-지방자치단체","hasDiaperTable":false,"geocodeType":"road"}},{"type":"Feature","geometry":{"type":"Point","coordinates":[126.94314,37.27242]},"properties":{"id":"202437400000101672","name":"두레뜰","address":"경기도 수원시 권선구 금곡로118번길 36(금곡동)","category":"공중화장실","openHours":"상시","owner":"공공기관-지방자치단체","hasDiaperTable":false,"geocodeType":"road"}},{"type":"Feature","geometry":{"type":"Point","coordinates":[127.04615,37.27443]},"properties":{"id":"202437400000101674","name":"동수원현대셀프주유소","address":"경기도 수원시 영통구 중부대로 277(원천동)","category":"공중화장실","openHours":"상시","owner":"공공기관-지방자치단체","hasDiaperTable":false,"geocodeType":"road"}},{"type":"Feature","geometry":{"type":"Point","coordinates":[127.07335,37.25156]},"properties":{"id":"202437400000101675","name":"동수원세무서 지하1층","address":"경기도 수원시 영통구 청명남로 13(영통동)","category":"공중화장실","openHours":"09:00~18:00","owner":"공공기관-지방자치단체","hasDiaperTable":false,"geocodeType":"road"}},{"type":"Feature","geometry":{"type":"Point","coordinates":[127.07335,37.25156]},"properties":{"id":"202437400000101676","name":"동수원세무서 4층","address":"경기도 수원시 영통구 청명남로 13(영통동)","category":"공중화장실","openHours":"09:00~18:00","owner":"공공기관-지방자치단체","hasDiaperTable":false,"geocodeType":"road"}},{"type":"Feature","geometry":{"type":"Point","coordinates":[127.07335,37.25156]},"properties":{"id":"202437400000101677","name":"동수원세무서 3층","address":"경기도 수원시 영통구 청명남로 13(영통동)","category":"공중화장실","openHours":"09:00~18:00","owner":"공공기관-지방자치단체","hasDiaperTable":false,"geocodeType":"road"}},{"type":"Feature","geometry":{"type":"Point","coordinates":[127.07335,37.25156]},"properties":{"id":"202437400000101678","name":"동수원세무서 2층","address":"경기도 수원시 영통구 청명남로 13(영통동)","category":"공중화장실","openHours":"09:00~18:00","owner":"공공기관-지방자치단체","hasDiaperTable":false,"geocodeType":"road"}},{"type":"Feature","geometry":{"type":"Point","coordinates":[127.07335,37.25156]},"properties":{"id":"202437400000101679","name":"동수원세무서 1층","address":"경기도 수원시 영통구 청명남로 13(영통동)","category":"공중화장실","openHours":"09:00~18:00","owner":"공공기관-지방자치단체","hasDiaperTable":false,"geocodeType":"road"}},{"type":"Feature","geometry":{"type":"Point","coordinates":[127.03389,37.27866]},"properties":{"id":"202437400000101680","name":"동수원병원","address":"경기도 수원시 팔달구 중부대로 165, 동수원병원 (우만동)","category":"공중화장실","openHours":"09:00~18:00","owner":"공공기관-지방자치단체","hasDiaperTable":false,"geocodeType":"road"}},{"type":"Feature","geometry":{"type":"Point","coordinates":[127.02956,37.28094]},"properties":{"id":"202437400000101681","name":"동부파출소","address":"경기도 수원시 팔달구 경수대로 621(지동)","category":"공중화장실","openHours":"상시","owner":"공공기관-지방자치단체","hasDiaperTable":false,"geocodeType":"road"}},{"type":"Feature","geometry":{"type":"Point","coordinates":[127.04967,37.2948]},"properties":{"id":"202437400000101682","name":"동문B주유소","address":"경기도 수원시 영통구 창룡대로 380(이의동)","category":"공중화장실","openHours":"상시","owner":"공공기관-지방자치단체","hasDiaperTable":false,"geocodeType":"road"}},{"type":"Feature","geometry":{"type":"Point","coordinates":[127.0483,37.29494]},"properties":{"id":"202437400000101683","name":"동문A주유소","address":"경기도 수원시 영통구 창룡대로 370(이의동)","category":"공중화장실","openHours":"상시","owner":"공공기관-지방자치단체","hasDiaperTable":false,"geocodeType":"road"}},{"type":"Feature","geometry":{"type":"Point","coordinates":[127.00866,37.29706]},"properties":{"id":"202437400000101684","name":"동문","address":"경기도 수원시 장안구 장안구 경수대로 893(조원동)","category":"공중화장실","openHours":"상시","owner":"공공기관-지방자치단체","hasDiaperTable":false,"geocodeType":"road"}},{"type":"Feature","geometry":{"type":"Point","coordinates":[127.03931,37.26415]},"properties":{"id":"202437400000101685","name":"돌하루방","address":"경기도 수원시 팔달구 동수원로397(인계동)","category":"공중화장실","openHours":"상시","owner":"공공기관-지방자치단체","hasDiaperTable":true,"geocodeType":"road"}},{"type":"Feature","geometry":{"type":"Point","coordinates":[126.9702,37.29013]},"properties":{"id":"202437400000101686","name":"돌고래","address":"경기도 수원시 장안구 서부로2034(율천동)","category":"공중화장실","openHours":"상시","owner":"공공기관-지방자치단체","hasDiaperTable":true,"geocodeType":"road"}},{"type":"Feature","geometry":{"type":"Point","coordinates":[127.03104,37.25206]},"properties":{"id":"202437400000101687","name":"도토리","address":"경기도 수원시 권선구 권중로 66(권선동)","category":"공중화장실","openHours":"상시","owner":"공공기관-지방자치단체","hasDiaperTable":false,"geocodeType":"road"}},{"type":"Feature","geometry":{"type":"Point","coordinates":[126.97685,37.25248]},"properties":{"id":"202437400000101688","name":"도로교통관리사업소","address":"경기도 수원시 권선구 서부로 1600, 도로교통관리사업소 (고색동)","category":"공중화장실","openHours":"09:00~18:00","owner":"공공기관-지방자치단체","hasDiaperTable":false,"geocodeType":"road"}},{"type":"Feature","geometry":{"type":"Point","coordinates":[126.98055,37.2577]},"properties":{"id":"202437400000101689","name":"덕원주유소","address":"경기도 수원시 권선구 권선로 258 (고색동)","category":"공중화장실","openHours":"상시","owner":"공공기관-지방자치단체","hasDiaperTable":false,"geocodeType":"road"}},{"type":"Feature","geometry":{"type":"Point","coordinates":[127.0207,37.2316]},"properties":{"id":"202437400000101690","name":"대황교주유소","address":"경기도 수원시 권선구 정조로 235(대황교동)","category":"공중화장실","openHours":"06:00~22:00","owner":"공공기관-지방자치단체","hasDiaperTable":false,"geocodeType":"road"}},{"type":"Feature","geometry":{"type":"Point","coordinates":[127.05654,37.29642]},"properties":{"id":"202437400000101691","name":"대호주유소","address":"경기도수원시 영통구 창룡대로 442(이의동)","category":"공중화장실","openHours":"상시","owner":"공공기관-지방자치단체","hasDiaperTable":false,"geocodeType":"parcel"}},{"type":"Feature","geometry":{"type":"Point","coordinates":[127.00811,37.30652]},"properties":{"id":"202437400000101692","name":"대추골도서관","address":"경기도 수원시 장안구 수일로 164","category":"공중화장실","openHours":"평일 09:00~18:00(매주 월요일 휴무)","owner":"공공기관-지방자치단체","hasDiaperTable":false,"geocodeType":"road"}},{"type":"Feature","geometry":{"type":"Point","coordinates":[127.02078,37.29168]},"properties":{"id":"202437400000101693","name":"대원주유소","address":"경기도 수원시 장안구 경수대로 772 (영화동)","category":"공중화장실","openHours":"06:00~22:00","owner":"공공기관-지방자치단체","hasDiaperTable":false,"geocodeType":"road"}},{"type":"Feature","geometry":{"type":"Point","coordinates":[127.01371,37.29821]},"properties":{"id":"202437400000101695","name":"대성산업(주) 수원주유소","address":"경기도 수원시 장안구 경수대로 868 (조원동)","category":"공중화장실","openHours":"06:00~22:00","owner":"공공기관-지방자치단체","hasDiaperTable":false,"geocodeType":"road"}},{"type":"Feature","geometry":{"type":"Point","coordinates":[126.97019,37.25489]},"properties":{"id":"202437400000101696","name":"대부둑","address":"경기도 수원시 권선구 호매실로 29-12, 대부둑 (고색동)","category":"공중화장실","openHours":"상시","owner":"공공기관-지방자치단체","hasDiaperTable":false,"geocodeType":"road"}},{"type":"Feature","geometry":{"type":"Point","coordinates":[126.94185,37.29177]},"properties":{"id":"202437400000101697","name":"당수파출소","address":"경기도 수원시 권선구 당진로32번길 28-4(당수동)","category":"공중화장실","openHours":"상시","owner":"공공기관-지방자치단체","hasDiaperTable":false,"geocodeType":"road"}},{"type":"Feature","geometry":{"type":"Point","coordinates":[126.94289,37.29241]},"properties":{"id":"202437400000101698","name":"당수체육공원","address":"경기도 수원시 권선구 당진로32번길 49(당수동)","category":"공중화장실","openHours":"상시","owner":"공공기관-지방자치단체","hasDiaperTable":true,"geocodeType":"parcel"}},{"type":"Feature","geometry":{"type":"Point","coordinates":[127.06189,37.24868]},"properties":{"id":"202437400000101699","name":"달맞이(벽적골공원)","address":"경기도 수원시 영통구 덕영대로1555번길 60 (영통동)","category":"공중화장실","openHours":"상시","owner":"공공기관-지방자치단체","hasDiaperTable":false,"geocodeType":"road"}},{"type":"Feature","geometry":{"type":"Point","coordinates":[127.01722,37.28846]},"properties":{"id":"202437400000101700","name":"달맞이","address":"경기도 수원시 장안구 수원천로 391번길 9(영화동)","category":"공중화장실","openHours":"09:00-21:00","owner":"공공기관-지방자치단체","hasDiaperTable":true,"geocodeType":"road"}},{"type":"Feature","geometry":{"type":"Point","coordinates":[127.01719,37.33456]},"properties":{"id":"202437400000101701","name":"다슬기","address":"경기도 수원시 장안구 광교산로597(상광교동)","category":"공중화장실","openHours":"상시","owner":"공공기관-지방자치단체","hasDiaperTable":true,"geocodeType":"road"}},{"type":"Feature","geometry":{"type":"Point","coordinates":[127.05541,37.29022]},"properties":{"id":"202437400000101702","name":"다산","address":"경기도 수원시 영통구 이의동 1328","category":"공중화장실","openHours":"09:00-21:00","owner":"공공기관-지방자치단체","hasDiaperTable":false,"geocodeType":"parcel"}},{"type":"Feature","geometry":{"type":"Point","coordinates":[127.01427,37.30016]},"properties":{"id":"202437400000101703","name":"다람쥐","address":"경기도 수원시 장안구 조원로11번길 33-23(조원1동)","category":"공중화장실","openHours":"상시","owner":"공공기관-지방자치단체","hasDiaperTable":false,"geocodeType":"parcel"}},{"type":"Feature","geometry":{"type":"Point","coordinates":[127.03478,37.26636]},"properties":{"id":"202437400000101704","name":"뉴코아아울렛 동수원점","address":"경기도 수원시 팔달구 인계로154(인계동)","category":"공중화장실","openHours":"10:30~21:00","owner":"공공기관-지방자치단체","hasDiaperTable":false,"geocodeType":"road"}},{"type":"Feature","geometry":{"type":"Point","coordinates":[127.03043,37.25499]},"properties":{"id":"202437400000101705","name":"농수산물도매시장","address":"경기도 수원시 권선구 세권로 243, 수원시농수산물도매시장 (권선동)","category":"공중화장실","openHours":"상시","owner":"공공기관-지방자치단체","hasDiaperTable":false,"geocodeType":"road"}},{"type":"Feature","geometry":{"type":"Point","coordinates":[126.98812,37.31045]},"properties":{"id":"202437400000101706","name":"노송지구대","address":"경기도 수원시 장안구 이목로 58(파장동)","category":"공중화장실","openHours":"상시","owner":"공공기관-지방자치단체","hasDiaperTable":false,"geocodeType":"road"}},{"type":"Feature","geometry":{"type":"Point","coordinates":[126.98178,37.31662]},"properties":{"id":"202437400000101707","name":"노송주유소","address":"경기도 수원시 장안구 서부로 2359(이목동)","category":"공중화장실","openHours":"상시","owner":"공공기관-지방자치단체","hasDiaperTable":false,"geocodeType":"road"}},{"type":"Feature","geometry":{"type":"Point","coordinates":[126.98905,37.25923]},"properties":{"id":"202437400000101708","name":"남선주유소","address":"경기도 수원시 권선구 권선로 334 (고색동)","category":"공중화장실","openHours":"06:00~22:00","owner":"공공기관-지방자치단체","hasDiaperTable":false,"geocodeType":"road"}},{"type":"Feature","geometry":{"type":"Point","coordinates":[127.00866,37.29706]},"properties":{"id":"202437400000101710","name":"남문","address":"경기도 수원시 장안구 장안구 경수대로 893(조원동)","category":"공중화장실","openHours":"상시","owner":"공공기관-지방자치단체","hasDiaperTable":false,"geocodeType":"road"}},{"type":"Feature","geometry":{"type":"Point","coordinates":[126.98935,37.27847]},"properties":{"id":"202437400000101711","name":"낙조","address":"경기도 수원시 팔달구 화서동 436-1","category":"공중화장실","openHours":"상시","owner":"공공기관-지방자치단체","hasDiaperTable":true,"geocodeType":"parcel"}},{"type":"Feature","geometry":{"type":"Point","coordinates":[127.06599,37.28067]},"properties":{"id":"202437400000101712","name":"나루터","address":"경기도 수원시 영통구 광교호수로 127(하동)","category":"공중화장실","openHours":"상시","owner":"공공기관-지방자치단체","hasDiaperTable":true,"geocodeType":"road"}},{"type":"Feature","geometry":{"type":"Point","coordinates":[127.02367,37.25014]},"properties":{"id":"202437400000101713","name":"나그네","address":"경기도 수원시 권선구 덕영대로1207번길 26-8(권선동)","category":"공중화장실","openHours":"상시","owner":"공공기관-지방자치단체","hasDiaperTable":true,"geocodeType":"road"}},{"type":"Feature","geometry":{"type":"Point","coordinates":[127.01813,37.24178]},"properties":{"id":"202437400000101714","name":"꿈이랑","address":"경기도 수원시 권선구 경수대로158번길 7, 꿈이랑 (권선동)","category":"공중화장실","openHours":"09~18시","owner":"공공기관-지방자치단체","hasDiaperTable":false,"geocodeType":"road"}},{"type":"Feature","geometry":{"type":"Point","coordinates":[126.9819,37.29575]},"properties":{"id":"202437400000101715","name":"꽃뫼","address":"경기도 수원시 장안구 만석로5번길 21(정자3동)","category":"공중화장실","openHours":"상시","owner":"공공기관-지방자치단체","hasDiaperTable":true,"geocodeType":"road"}},{"type":"Feature","geometry":{"type":"Point","coordinates":[127.03944,37.26487]},"properties":{"id":"202437400000101716","name":"까치","address":"경기도 수원시 팔달구 동수원로 399(인계동)","category":"공중화장실","openHours":"상시","owner":"공공기관-지방자치단체","hasDiaperTable":false,"geocodeType":"road"}},{"type":"Feature","geometry":{"type":"Point","coordinates":[126.93583,37.2927]},"properties":{"id":"202437400000101717","name":"까치","address":"경기도 수원시 권선구 수인로621번길 91, 까치 (당수동)","category":"공중화장실","openHours":"09~18시","owner":"공공기관-지방자치단체","hasDiaperTable":false,"geocodeType":"road"}},{"type":"Feature","geometry":{"type":"Point","coordinates":[126.97245,37.3026]},"properties":{"id":"202437400000101718","name":"기분좋은주유소(GS칼텍스)","address":"경기도 수원시 장안구 서부로 2175 (율전동)","category":"공중화장실","openHours":"06:00~22:00","owner":"공공기관-지방자치단체","hasDiaperTable":false,"geocodeType":"road"}},{"type":"Feature","geometry":{"type":"Point","coordinates":[127.01478,37.297]},"properties":{"id":"202437400000101719","name":"금호주유소","address":"경기도 수원시 장안구 경수대로 852 (조원동)","category":"공중화장실","openHours":"상시","owner":"공공기관-지방자치단체","hasDiaperTable":false,"geocodeType":"road"}},{"type":"Feature","geometry":{"type":"Point","coordinates":[126.95216,37.27273]},"properties":{"id":"202437400000101720","name":"금곡동행정복지센터","address":"경기도 수원시 권선구 금곡로196번길 20(금곡동)","category":"공중화장실","openHours":"평일 09:00~18:00","owner":"공공기관-지방자치단체","hasDiaperTable":false,"geocodeType":"road"}},{"type":"Feature","geometry":{"type":"Point","coordinates":[126.96783,37.24757]},"properties":{"id":"202437400000101721","name":"금강주유소","address":"경기도 수원시 권선구 매송고색로 577 (오목천동)","category":"공중화장실","openHours":"상시","owner":"공공기관-지방자치단체","hasDiaperTable":false,"geocodeType":"road"}},{"type":"Feature","geometry":{"type":"Point","coordinates":[126.95888,37.24401]},"properties":{"id":"202437400000101723","name":"극동산업(주)광명충전소","address":"경기도 수원시 권선구 매송고색로 487 (오목천동)","category":"공중화장실","openHours":"00:00~24:00","owner":"공공기관-지방자치단체","hasDiaperTable":false,"geocodeType":"road"}},{"type":"Feature","geometry":{"type":"Point","coordinates":[127.02181,37.22961]},"properties":{"id":"202437400000101724","name":"극동산업 병점충전소","address":"경기도 수원시 권선구 정조로 215 (곡선동)","category":"공중화장실","openHours":"00:00~24:00","owner":"공공기관-지방자치단체","hasDiaperTable":false,"geocodeType":"road"}},{"type":"Feature","geometry":{"type":"Point","coordinates":[127.01908,37.29564]},"properties":{"id":"202437400000101725","name":"그린타운","address":"경기도 수원시 장안구 광교산로 13 (영화동)","category":"공중화장실","openHours":"상시","owner":"공공기관-지방자치단체","hasDiaperTable":false,"geocodeType":"road"}},{"type":"Feature","geometry":{"type":"Point","coordinates":[127.02629,37.26073]},"properties":{"id":"202437400000101726","name":"권선파출소","address":"경기도 수원시 권선구 권선로669번길 24-23(권선동)","category":"공중화장실","openHours":"상시","owner":"공공기관-지방자치단체","hasDiaperTable":true,"geocodeType":"road"}},{"type":"Feature","geometry":{"type":"Point","coordinates":[127.02449,37.26036]},"properties":{"id":"202437400000101727","name":"권선동우체국","address":"경기도 수원시 권선구 경수대로 382(권선동)","category":"공중화장실","openHours":"09:00~18:00","owner":"공공기관-지방자치단체","hasDiaperTable":false,"geocodeType":"road"}},{"type":"Feature","geometry":{"type":"Point","coordinates":[126.97199,37.25786]},"properties":{"id":"202437400000101728","name":"권선구청","address":"경기도 수원시 권선구 호매실로 12 권선구청(탑동)","category":"공중화장실","openHours":"평일 09:00~18:00","owner":"공공기관-지방자치단체","hasDiaperTable":true,"geocodeType":"road"}},{"type":"Feature","geometry":{"type":"Point","coordinates":[127.03607,37.24784]},"properties":{"id":"202437400000101730","name":"산들어린이공원","address":"경기도 수원시 권선구 덕영대로1323번길 26-7(권선동)","category":"공중화장실","openHours":"09~18시","owner":"공공기관-지방자치단체","hasDiaperTable":false,"geocodeType":"road"}},{"type":"Feature","geometry":{"type":"Point","coordinates":[127.02971,37.25132]},"properties":{"id":"202437400000101731","name":"권선2동행정복지센터","address":"경기도 수원시 권선구 권중로 85(권선동)","category":"공중화장실","openHours":"평일 09:00~18:00","owner":"공공기관-지방자치단체","hasDiaperTable":false,"geocodeType":"road"}},{"type":"Feature","geometry":{"type":"Point","coordinates":[127.02482,37.2577]},"properties":{"id":"202437400000101732","name":"권선1동행정복지센터","address":"경기도 수원시 권선구 경수대로352번길29(권선동)","category":"공중화장실","openHours":"평일 09:00~18:00","owner":"공공기관-지방자치단체","hasDiaperTable":false,"geocodeType":"road"}},{"type":"Feature","geometry":{"type":"Point","coordinates":[127.04019,37.24793]},"properties":{"id":"202437400000101733","name":"권선(늘푸른)","address":"경기도 수원시 권선구 동탄원천로 818(권선동)","category":"공중화장실","openHours":"상시","owner":"공공기관-지방자치단체","hasDiaperTable":false,"geocodeType":"road"}},{"type":"Feature","geometry":{"type":"Point","coordinates":[126.97557,37.27877]},"properties":{"id":"202437400000101734","name":"군들","address":"경기도 수원시 권선구 구운로14번길 42(구운동)","category":"공중화장실","openHours":"상시","owner":"공공기관-지방자치단체","hasDiaperTable":true,"geocodeType":"road"}},{"type":"Feature","geometry":{"type":"Point","coordinates":[127.05514,37.27617]},"properties":{"id":"202437400000101735","name":"국토지리정보원 지도박물관","address":"경기도 수원시 영통구 월드컵로 92 (원천동, 국토지리정보원)","category":"공중화장실","openHours":"10:00-17:00","owner":"공공기관-지방자치단체","hasDiaperTable":false,"geocodeType":"road"}},{"type":"Feature","geometry":{"type":"Point","coordinates":[127.05514,37.27617]},"properties":{"id":"202437400000101736","name":"국토지리정보원 본관","address":"경기도 수원시 영통구 월드컵로 92 (원천동, 국토지리정보원)","category":"공중화장실","openHours":"09:00-18:00","owner":"공공기관-지방자치단체","hasDiaperTable":false,"geocodeType":"road"}},{"type":"Feature","geometry":{"type":"Point","coordinates":[126.97166,37.2773]},"properties":{"id":"202437400000101737","name":"구운동행정복지센터","address":"경기도 수원시 권선구 구운로47번길 57-33(구운동)","category":"공중화장실","openHours":"평일 09:00~18:00","owner":"공공기관-지방자치단체","hasDiaperTable":false,"geocodeType":"road"}},{"type":"Feature","geometry":{"type":"Point","coordinates":[126.97299,37.27638]},"properties":{"id":"202437400000101738","name":"구운2호(하구운어린이공원)","address":"경기도 수원시 권선구 금호로189번길(구운동)","category":"공중화장실","openHours":"09~18시","owner":"공공기관-지방자치단체","hasDiaperTable":false,"geocodeType":"parcel"}},{"type":"Feature","geometry":{"type":"Point","coordinates":[126.97348,37.27982]},"properties":{"id":"202437400000101739","name":"구운1호(은하수어린이공원)","address":"경기도 수원시 권선구 구운로86번길 20-21(구운동)","category":"공중화장실","openHours":"09~18시","owner":"공공기관-지방자치단체","hasDiaperTable":false,"geocodeType":"road"}},{"type":"Feature","geometry":{"type":"Point","coordinates":[126.99207,37.31086]},"properties":{"id":"202437400000101740","name":"구도일삼익씨앤에스유통","address":"경기도 수원시 장안구 경수대로 1104(파장동)","category":"공중화장실","openHours":"상시","owner":"공공기관-지방자치단체","hasDiaperTable":false,"geocodeType":"road"}},{"type":"Feature","geometry":{"type":"Point","coordinates":[126.99888,37.29847]},"properties":{"id":"202437400000101741","name":"교구정","address":"경기도 수원시 장안구 송정로 3, 교구정 공중화장실 (송죽동)","category":"공중화장실","openHours":"상시","owner":"공공기관-지방자치단체","hasDiaperTable":true,"geocodeType":"road"}},{"type":"Feature","geometry":{"type":"Point","coordinates":[127.04744,37.30291]},"properties":{"id":"202437400000101742","name":"광교홍재도서관","address":"경기도 수원시 영통구 대학로88(이의동)","category":"공중화장실","openHours":"07:00~23:00(둘째, 네째주 월요일 휴무)","owner":"공공기관-지방자치단체","hasDiaperTable":false,"geocodeType":"road"}},{"type":"Feature","geometry":{"type":"Point","coordinates":[127.0669,37.28093]},"properties":{"id":"202437400000101743","name":"광교푸른숲도서관","address":"경기도 수원시 영통구 광교호수로 131(하동)","category":"공중화장실","openHours":"평일 07:00 - 23:00, 주말 07:00 - 21:00","owner":"공공기관-지방자치단체","hasDiaperTable":false,"geocodeType":"road"}},{"type":"Feature","geometry":{"type":"Point","coordinates":[127.0477,37.28865]},"properties":{"id":"202437400000101744","name":"광교지구대","address":"경기도 수원시 영통구 에듀타운로 82(이의동)","category":"공중화장실","openHours":"상시","owner":"공공기관-지방자치단체","hasDiaperTable":false,"geocodeType":"road"}},{"type":"Feature","geometry":{"type":"Point","coordinates":[127.06032,37.2939]},"properties":{"id":"202437400000101745","name":"광교중앙2","address":"경기도 수원시 영통구 이의동 1302(광교중앙공원)","category":"공중화장실","openHours":"상시","owner":"공공기관-지방자치단체","hasDiaperTable":false,"geocodeType":"parcel"}},{"type":"Feature","geometry":{"type":"Point","coordinates":[127.06032,37.2939]},"properties":{"id":"202437400000101746","name":"광교중앙","address":"경기도 수원시 영통구 이의동 1302","category":"공중화장실","openHours":"07:00~23:00(둘째, 네째주 월요일 휴무)","owner":"공공기관-지방자치단체","hasDiaperTable":false,"geocodeType":"parcel"}},{"type":"Feature","geometry":{"type":"Point","coordinates":[127.03127,37.30151]},"properties":{"id":"202437400000101747","name":"광교주차시설내","address":"경기도 수원시 장안구 수원시 장안구 광교산로 159(하광교동)","category":"공중화장실","openHours":"상시","owner":"공공기관-지방자치단체","hasDiaperTable":true,"geocodeType":"road"}},{"type":"Feature","geometry":{"type":"Point","coordinates":[127.04666,37.29936]},"properties":{"id":"202437400000101748","name":"광교종합사회복지관","address":"경기도 수원시 영통구 대학2로 41, 광교종합사회복지관 (이의동)","category":"공중화장실","openHours":"06:00~22:00","owner":"공공기관-지방자치단체","hasDiaperTable":false,"geocodeType":"road"}},{"type":"Feature","geometry":{"type":"Point","coordinates":[127.02047,37.31335]},"properties":{"id":"202437400000101749","name":"광교임시수련원","address":"경기도 수원시 장안구 광교산로 337, 광교 임시 수련원 (하광교동)","category":"공중화장실","openHours":"15시간","owner":"공공기관-지방자치단체","hasDiaperTable":true,"geocodeType":"road"}},{"type":"Feature","geometry":{"type":"Point","coordinates":[127.05213,37.29663]},"properties":{"id":"202437400000101751","name":"광교역사","address":"경기도 수원시 영통구 이의동 산13-77(광교역사공원)","category":"공중화장실","openHours":"상시","owner":"공공기관-지방자치단체","hasDiaperTable":false,"geocodeType":"parcel"}},{"type":"Feature","geometry":{"type":"Point","coordinates":[127.05141,37.29631]},"properties":{"id":"202437400000101753","name":"광교박물관","address":"경기도 수원시 영통구 광교로 182, 수원광교박물관 (이의동)","category":"공중화장실","openHours":"09:00~18:00","owner":"공공기관-지방자치단체","hasDiaperTable":false,"geocodeType":"road"}},{"type":"Feature","geometry":{"type":"Point","coordinates":[127.05674,37.28968]},"properties":{"id":"202437400000101755","name":"광교노인복지관 지하1층","address":"경기도 수원시 영통구 센트럴타운로 22(이의동)","category":"공중화장실","openHours":"09:00-18:00","owner":"공공기관-지방자치단체","hasDiaperTable":false,"geocodeType":"road"}},{"type":"Feature","geometry":{"type":"Point","coordinates":[127.05674,37.28968]},"properties":{"id":"202437400000101756","name":"광교노인복지관 4층","address":"경기도 수원시 영통구 센트럴타운로 22(이의동)","category":"공중화장실","openHours":"09:00-18:00","owner":"공공기관-지방자치단체","hasDiaperTable":false,"geocodeType":"road"}},{"type":"Feature","geometry":{"type":"Point","coordinates":[127.05674,37.28968]},"properties":{"id":"202437400000101759","name":"광교노인복지관 3층","address":"경기도 수원시 영통구 센트럴타운로 22(이의동)","category":"공중화장실","openHours":"09:00-18:00","owner":"공공기관-지방자치단체","hasDiaperTable":false,"geocodeType":"road"}},{"type":"Feature","geometry":{"type":"Point","coordinates":[127.05674,37.28968]},"properties":{"id":"202437400000101761","name":"광교노인복지관 2층","address":"경기도 수원시 영통구 센트럴타운로 22(이의동)","category":"공중화장실","openHours":"09:00-18:00","owner":"공공기관-지방자치단체","hasDiaperTable":false,"geocodeType":"road"}},{"type":"Feature","geometry":{"type":"Point","coordinates":[127.07008,37.29224]},"properties":{"id":"202437400000101763","name":"광교2동행정복지센터","address":"경기도 수원시 영통구 법조로149번길 155(하동)","category":"공중화장실","openHours":"평일 09:00~18:00","owner":"공공기관-지방자치단체","hasDiaperTable":false,"geocodeType":"road"}},{"type":"Feature","geometry":{"type":"Point","coordinates":[126.98055,37.2577]},"properties":{"id":"202437400000101773","name":"고색충전소","address":"경기도 수원시 권선구 권선로 258 (고색동)","category":"공중화장실","openHours":"00:00~24:00","owner":"공공기관-지방자치단체","hasDiaperTable":false,"geocodeType":"road"}},{"type":"Feature","geometry":{"type":"Point","coordinates":[127.01964,37.25051]},"properties":{"id":"202437400000101803","name":"NC수원 터미널점","address":"경기도 수원시 권선구 경수대로 270, 터미널동, 할인점동 (권선동)","category":"공중화장실","openHours":"10:00~21:00","owner":"공공기관-지방자치단체","hasDiaperTable":true,"geocodeType":"road"}},{"type":"Feature","geometry":{"type":"Point","coordinates":[127.00133,37.26469]},"properties":{"id":"202437400000101805","name":"AK플라자 수원","address":"경기도 수원시 팔달구 덕영대로 924 (매산로1가, AK플라자)","category":"공중화장실","openHours":"10:00~21:00","owner":"공공기관-지방자치단체","hasDiaperTable":true,"geocodeType":"road"}},{"type":"Feature","geometry":{"type":"Point","coordinates":[126.99571,37.27003]},"properties":{"id":"202437400000101806","name":"SK엔크린 레드에너지주유소","address":"경기도 수원시 권선구 수인로 23 (서둔동)","category":"공중화장실","openHours":"06:00~22:00","owner":"공공기관-지방자치단체","hasDiaperTable":false,"geocodeType":"road"}},{"type":"Feature","geometry":{"type":"Point","coordinates":[127.03555,37.29467]},"properties":{"id":"202437400000101807","name":"(주)한미석유 성광주유소","address":"경기도 수원시 영통구 창룡대로 243(이의동)","category":"공중화장실","openHours":"상시","owner":"공공기관-지방자치단체","hasDiaperTable":false,"geocodeType":"road"}},{"type":"Feature","geometry":{"type":"Point","coordinates":[126.96027,37.24399]},"properties":{"id":"202437400000101808","name":"(주)어울림","address":"경기도 수원시 권선구 매송고색로 498 (오목천동)","category":"공중화장실","openHours":"상시","owner":"공공기관-지방자치단체","hasDiaperTable":false,"geocodeType":"road"}},{"type":"Feature","geometry":{"type":"Point","coordinates":[127.00431,37.25988]},"properties":{"id":"202437400000101809","name":"(주)미래석유 역전주유소","address":"경기도 수원시 권선구 덕영대로 1000 (세류동)","category":"공중화장실","openHours":"상시","owner":"공공기관-지방자치단체","hasDiaperTable":false,"geocodeType":"road"}},{"type":"Feature","geometry":{"type":"Point","coordinates":[127.08752,37.29475]},"properties":{"id":"202437400000101810","name":"(주)마봉 구도일주유소 광교신도시","address":"경기도 수원시 영통구 광교호수로 328-142(하동)","category":"공중화장실","openHours":"상시","owner":"공공기관-지방자치단체","hasDiaperTable":false,"geocodeType":"road"}},{"type":"Feature","geometry":{"type":"Point","coordinates":[127.01698,37.29487]},"properties":{"id":"202437400000101811","name":"HD현대오일뱅크 베트맨주유소","address":"경기도 수원시 장안구 경수대로 818 (영화동)","category":"공중화장실","openHours":"상시","owner":"공공기관-지방자치단체","hasDiaperTable":false,"geocodeType":"road"}},{"type":"Feature","geometry":{"type":"Point","coordinates":[126.99056,37.25391]},"properties":{"id":"202437400000101812","name":"(주)DOTD 수원몬스터 주유소","address":"경기도 수원시 권선구 매송고색로 789 (고색동)","category":"공중화장실","openHours":"06:00~22:00","owner":"공공기관-지방자치단체","hasDiaperTable":false,"geocodeType":"road"}},{"type":"Feature","geometry":{"type":"Point","coordinates":[127.06823,37.2792]},"properties":{"id":"202437400000101813","name":"HD현대오일뱅크 직영 호수공원셀프주유소","address":"경기도 수원시 영통구 광교호수로 124(하동)","category":"공중화장실","openHours":"상시","owner":"공공기관-지방자치단체","hasDiaperTable":false,"geocodeType":"road"}},{"type":"Feature","geometry":{"type":"Point","coordinates":[127.05064,37.29218]},"properties":{"id":"202437400000101814","name":"경현빌딩","address":"경기도 수원시 영통구 센트럴타운로 98","category":"개방화장실","openHours":"06:00~22:00","owner":"민간","hasDiaperTable":false,"geocodeType":"road"}},{"type":"Feature","geometry":{"type":"Point","coordinates":[127.04219,37.29984]},"properties":{"id":"202437400000101815","name":"광교나보나스퀘어","address":"경기도 수원시 영통구 대학3로 7","category":"개방화장실","openHours":"상시","owner":"민간","hasDiaperTable":false,"geocodeType":"road"}},{"type":"Feature","geometry":{"type":"Point","coordinates":[127.08001,37.26185]},"properties":{"id":"202437400000101816","name":"영통포레파크원","address":"경기도 수원시 영통구 영통로 498","category":"개방화장실","openHours":"상시","owner":"민간","hasDiaperTable":false,"geocodeType":"road"}},{"type":"Feature","geometry":{"type":"Point","coordinates":[127.05018,37.29254]},"properties":{"id":"202437400000101817","name":"센트럴프라자","address":"경기도 수원시 영통구 센트럴타운로 106","category":"개방화장실","openHours":"상시","owner":"민간","hasDiaperTable":false,"geocodeType":"road"}},{"type":"Feature","geometry":{"type":"Point","coordinates":[127.00208,37.27823]},"properties":{"id":"202437400000101818","name":"화서시장","address":"경기도 수원시 팔달구 동말로68번길 15","category":"개방화장실","openHours":"06:00~22:00","owner":"민간","hasDiaperTable":false,"geocodeType":"road"}},{"type":"Feature","geometry":{"type":"Point","coordinates":[126.99985,37.30728]},"properties":{"id":"202437400000101819","name":"안동김씨현감공파빌딩","address":"경기도 수원시 장안구 경수대로 1028","category":"개방화장실","openHours":"06:00~22:00","owner":"민간","hasDiaperTable":false,"geocodeType":"road"}},{"type":"Feature","geometry":{"type":"Point","coordinates":[127.00326,37.27858]},"properties":{"id":"202437400000101820","name":"화서프라자","address":"경기도 수원시 팔달구 동말로 84(화서동)","category":"개방화장실","openHours":"상시","owner":"민간","hasDiaperTable":false,"geocodeType":"road"}},{"type":"Feature","geometry":{"type":"Point","coordinates":[127.00527,37.30362]},"properties":{"id":"202437400000101821","name":"화물자동차경기지부","address":"경기도 수원시 장안구 경수대로 963(송죽동)","category":"개방화장실","openHours":"06:00~22:00","owner":"민간","hasDiaperTable":false,"geocodeType":"road"}},{"type":"Feature","geometry":{"type":"Point","coordinates":[127.05458,37.27379]},"properties":{"id":"202437400000101822","name":"호반프라자","address":"경기도 수원시 영통구 월드컵로 87번길 7(원천동)","category":"개방화장실","openHours":"상시","owner":"민간","hasDiaperTable":true,"geocodeType":"road"}},{"type":"Feature","geometry":{"type":"Point","coordinates":[127.0386,37.27207]},"properties":{"id":"202437400000101823","name":"현대홈타운(제2상가)(구 매탄시장)","address":"경기도 수원시 영통구 권광로 260번길 36(매탄동)","category":"개방화장실","openHours":"상시","owner":"민간","hasDiaperTable":false,"geocodeType":"road"}},{"type":"Feature","geometry":{"type":"Point","coordinates":[127.03023,37.23906]},"properties":{"id":"202437400000101824","name":"하이디프라자","address":"경기도 수원시 권선구 곡선로49번길2(곡반정동)","category":"개방화장실","openHours":"06:00~22:00","owner":"민간","hasDiaperTable":false,"geocodeType":"road"}},{"type":"Feature","geometry":{"type":"Point","coordinates":[126.96967,37.27446]},"properties":{"id":"202437400000101825","name":"필드스크린 골프존","address":"경기도 수원시 권선구 서부로 1858(구운동)","category":"개방화장실","openHours":"상시","owner":"민간","hasDiaperTable":false,"geocodeType":"road"}},{"type":"Feature","geometry":{"type":"Point","coordinates":[127.00069,37.27003]},"properties":{"id":"202437400000101829","name":"터미널타워빌딩","address":"경기도 수원시 팔달구 갓매산로 91(매산로1가)","category":"개방화장실","openHours":"상시","owner":"민간","hasDiaperTable":false,"geocodeType":"road"}},{"type":"Feature","geometry":{"type":"Point","coordinates":[127.07529,37.25294]},"properties":{"id":"202437400000101831","name":"키라빌딩","address":"경기도 수원시 영통구 청명남로 31(영통동)","category":"개방화장실","openHours":"상시","owner":"민간","hasDiaperTable":false,"geocodeType":"road"}},{"type":"Feature","geometry":{"type":"Point","coordinates":[127.04416,37.27922]},"properties":{"id":"202437400000101833","name":"캠퍼스프라자","address":"경기도 수원시 영통구 월드컵로 199(원천동)","category":"개방화장실","openHours":"06:00~22:00","owner":"민간","hasDiaperTable":false,"geocodeType":"road"}},{"type":"Feature","geometry":{"type":"Point","coordinates":[127.01403,37.29779]},"properties":{"id":"202437400000101834","name":"창경빌딩","address":"경기도 수원시 장안구 경수대로 862(조원동)","category":"개방화장실","openHours":"06:00~22:00","owner":"민간","hasDiaperTable":false,"geocodeType":"road"}},{"type":"Feature","geometry":{"type":"Point","coordinates":[127.05169,37.23497]},"properties":{"id":"202437400000101835","name":"진성프라자","address":"경기도 수원시 영통구 태장로 54번길 92(망포동)","category":"개방화장실","openHours":"상시","owner":"민간","hasDiaperTable":false,"geocodeType":"road"}},{"type":"Feature","geometry":{"type":"Point","coordinates":[127.01948,37.27805]},"properties":{"id":"202437400000101836","name":"지동시장","address":"경기도 수원시 팔달구 팔달문로 19(지동)","category":"개방화장실","openHours":"06:00~22:00","owner":"민간","hasDiaperTable":false,"geocodeType":"road"}},{"type":"Feature","geometry":{"type":"Point","coordinates":[126.98693,37.25287]},"properties":{"id":"202437400000101837","name":"중앙스포츠랜드","address":"경기도 수원시 권선구 매송고색로 755(고색동)","category":"개방화장실","openHours":"상시","owner":"민간","hasDiaperTable":false,"geocodeType":"road"}},{"type":"Feature","geometry":{"type":"Point","coordinates":[126.99427,37.30841]},"properties":{"id":"202437400000101838","name":"㈜서진홀딩스","address":"경기도 수원시 장안구 경수대로1073번길 16(파장동)","category":"개방화장실","openHours":"06:00~22:00","owner":"민간","hasDiaperTable":false,"geocodeType":"road"}},{"type":"Feature","geometry":{"type":"Point","coordinates":[127.01177,37.30446]},"properties":{"id":"202437400000101839","name":"조원빌딩","address":"경기도 수원시 장안구 송원로 113(조원동)","category":"개방화장실","openHours":"상시","owner":"민간","hasDiaperTable":false,"geocodeType":"road"}},{"type":"Feature","geometry":{"type":"Point","coordinates":[126.9997,37.29094]},"properties":{"id":"202437400000101840","name":"정자시장","address":"경기도 수원시 장안구 장안로 89번길 47","category":"개방화장실","openHours":"상시","owner":"민간","hasDiaperTable":false,"geocodeType":"road"}},{"type":"Feature","geometry":{"type":"Point","coordinates":[127.05432,37.23934]},"properties":{"id":"202437400000101841","name":"정석그린프라자","address":"경기도 수원시 영통구 태장로 73(망포동)","category":"개방화장실","openHours":"상시","owner":"민간","hasDiaperTable":false,"geocodeType":"road"}},{"type":"Feature","geometry":{"type":"Point","coordinates":[126.9597,37.29481]},"properties":{"id":"202437400000101842","name":"입북프라자","address":"경기도 수원시 권선구 율전로 2(입북동)","category":"개방화장실","openHours":"상시","owner":"민간","hasDiaperTable":false,"geocodeType":"road"}},{"type":"Feature","geometry":{"type":"Point","coordinates":[127.04343,37.29994]},"properties":{"id":"202437400000101844","name":"이스턴타워","address":"경기도 수원시 영통구 대학3로4번길 12(이의동)","category":"개방화장실","openHours":"상시","owner":"민간","hasDiaperTable":false,"geocodeType":"road"}},{"type":"Feature","geometry":{"type":"Point","coordinates":[127.01746,37.25857]},"properties":{"id":"202437400000101845","name":"웰빙프라자","address":"경기도 수원시 권선구 세지로 73(세류동)","category":"개방화장실","openHours":"상시","owner":"민간","hasDiaperTable":false,"geocodeType":"road"}},{"type":"Feature","geometry":{"type":"Point","coordinates":[127.06017,37.26572]},"properties":{"id":"202437400000101846","name":"월드종합카","address":"경기도 수원시 영통구 매영로 161(원천동)","category":"개방화장실","openHours":"상시","owner":"민간","hasDiaperTable":false,"geocodeType":"road"}},{"type":"Feature","geometry":{"type":"Point","coordinates":[127.04751,37.29208]},"properties":{"id":"202437400000101847","name":"월드스퀘어","address":"경기도 수원시 영통구 센트럴타운로 107(이의동)","category":"개방화장실","openHours":"상시","owner":"민간","hasDiaperTable":false,"geocodeType":"road"}},{"type":"Feature","geometry":{"type":"Point","coordinates":[127.02451,37.25543]},"properties":{"id":"202437400000101848","name":"원영빌딩(권선한의원)","address":"경기도 수원시 권선구 세권로 186(권선동)","category":"개방화장실","openHours":"06:00~22:00","owner":"민간","hasDiaperTable":false,"geocodeType":"road"}},{"type":"Feature","geometry":{"type":"Point","coordinates":[127.01865,37.2769]},"properties":{"id":"202437400000101849","name":"영동시장","address":"경기도 수원시 팔달구 수원천로 255번길 6(영동)","category":"개방화장실","openHours":"상시","owner":"민간","hasDiaperTable":false,"geocodeType":"road"}},{"type":"Feature","geometry":{"type":"Point","coordinates":[127.02617,37.29485]},"properties":{"id":"202437400000101850","name":"연무시장(연무종합상가)","address":"경기도 수원시 장안구 연무로13번길 66 (연무동)","category":"개방화장실","openHours":"06:00~22:00","owner":"민간","hasDiaperTable":false,"geocodeType":"road"}},{"type":"Feature","geometry":{"type":"Point","coordinates":[126.97208,37.25559]},"properties":{"id":"202437400000101851","name":"에코스테이","address":"경기도 수원시 권선구 호매실로 21-51","category":"개방화장실","openHours":"상시","owner":"민간","hasDiaperTable":false,"geocodeType":"road"}},{"type":"Feature","geometry":{"type":"Point","coordinates":[127.03359,37.24287]},"properties":{"id":"202437400000101852","name":"아이파크시티","address":"경기도 수원시 권선구 동수원로 177번길40(권선동)","category":"개방화장실","openHours":"06:00~22:00","owner":"민간","hasDiaperTable":true,"geocodeType":"road"}},{"type":"Feature","geometry":{"type":"Point","coordinates":[127.06149,37.26309]},"properties":{"id":"202437400000101853","name":"케이지모빌리티 동수원센터","address":"경기도 수원시 영통구 신원로 312(원천동)","category":"개방화장실","openHours":"06:00~22:00","owner":"민간","hasDiaperTable":false,"geocodeType":"road"}},{"type":"Feature","geometry":{"type":"Point","coordinates":[126.96704,37.30008]},"properties":{"id":"202437400000101854","name":"신일아파트상가","address":"경기도 수원시 장안구 화산로 263(율전동)","category":"개방화장실","openHours":"06:00~22:00","owner":"민간","hasDiaperTable":false,"geocodeType":"road"}},{"type":"Feature","geometry":{"type":"Point","coordinates":[127.01799,37.27668]},"properties":{"id":"202437400000101855","name":"시민상가","address":"경기도 수원시 팔달구 팔달문로4번길 19(영동)","category":"개방화장실","openHours":"06:00~22:00","owner":"민간","hasDiaperTable":false,"geocodeType":"road"}},{"type":"Feature","geometry":{"type":"Point","coordinates":[127.0161,37.27735]},"properties":{"id":"202437400000101856","name":"수운빌딩","address":"경기도 수원시 팔달구 정조로 777(팔달로3가)","category":"개방화장실","openHours":"06:00~22:00","owner":"민간","hasDiaperTable":false,"geocodeType":"road"}},{"type":"Feature","geometry":{"type":"Point","coordinates":[127.03609,37.27777]},"properties":{"id":"202437400000101857","name":"송림빌딩","address":"경기도 수원시 팔달구 중부대로 177(우만동)","category":"개방화장실","openHours":"상시","owner":"민간","hasDiaperTable":false,"geocodeType":"road"}},{"type":"Feature","geometry":{"type":"Point","coordinates":[127.07821,37.248]},"properties":{"id":"202437400000101858","name":"소명빌딩","address":"경기도 수원시 영통구 덕영대로 1707(영통동)","category":"개방화장실","openHours":"상시","owner":"민간","hasDiaperTable":false,"geocodeType":"road"}},{"type":"Feature","geometry":{"type":"Point","coordinates":[126.97859,37.31119]},"properties":{"id":"202437400000101860","name":"세창빌딩","address":"경기도 수원시 장안구 천천로 233(이목동)","category":"개방화장실","openHours":"06:00~22:00","owner":"민간","hasDiaperTable":false,"geocodeType":"road"}},{"type":"Feature","geometry":{"type":"Point","coordinates":[127.01749,37.25086]},"properties":{"id":"202437400000101862","name":"세진셀프세차장","address":"경기도 수원시 권선구 장다리로 2(세류동)","category":"개방화장실","openHours":"상시","owner":"민간","hasDiaperTable":false,"geocodeType":"road"}},{"type":"Feature","geometry":{"type":"Point","coordinates":[127.04336,37.26506]},"properties":{"id":"202437400000101863","name":"성일아파트 상가","address":"경기도 수원시 영통구 인계로 239(매탄동)","category":"개방화장실","openHours":"상시","owner":"민간","hasDiaperTable":false,"geocodeType":"road"}},{"type":"Feature","geometry":{"type":"Point","coordinates":[126.99518,37.29691]},"properties":{"id":"202437400000101864","name":"선일프라자1차빌딩","address":"경기도 수원시 장안구 대평로 90번길 46(정자동)","category":"개방화장실","openHours":"상시","owner":"민간","hasDiaperTable":false,"geocodeType":"road"}},{"type":"Feature","geometry":{"type":"Point","coordinates":[127.00603,37.29196]},"properties":{"id":"202437400000101866","name":"상공회의소","address":"경기도 수원시 장안구 수성로 311(정자동)","category":"개방화장실","openHours":"9시간","owner":"민간","hasDiaperTable":false,"geocodeType":"road"}},{"type":"Feature","geometry":{"type":"Point","coordinates":[127.04412,37.26429]},"properties":{"id":"202437400000101867","name":"삼호종합상가","address":"경기도 수원시 영통구 매탄로 151(매탄동)","category":"개방화장실","openHours":"16시간","owner":"민간","hasDiaperTable":false,"geocodeType":"road"}},{"type":"Feature","geometry":{"type":"Point","coordinates":[127.05946,37.2665]},"properties":{"id":"202437400000101868","name":"삼성테크노파크","address":"경기도 수원시 영통구 중부대로 448번길 97(원천동)","category":"개방화장실","openHours":"상시","owner":"민간","hasDiaperTable":false,"geocodeType":"road"}},{"type":"Feature","geometry":{"type":"Point","coordinates":[127.04258,37.26508]},"properties":{"id":"202437400000101869","name":"삼성1차종합상가","address":"경기도 수원시 영통구 인계로 219(매탄동)","category":"개방화장실","openHours":"16시간","owner":"민간","hasDiaperTable":false,"geocodeType":"road"}},{"type":"Feature","geometry":{"type":"Point","coordinates":[126.96278,37.26013]},"properties":{"id":"202437400000101871","name":"블루테라스빌딩","address":"경기도 수원시 권선구 호매실로90번길 116 (호매실동)","category":"개방화장실","openHours":"상시","owner":"민간","hasDiaperTable":true,"geocodeType":"road"}},{"type":"Feature","geometry":{"type":"Point","coordinates":[127.0483,37.2768]},"properties":{"id":"202437400000101872","name":"아주정문약국","address":"경기도 수원시 영통구 월드컵로 151번길 12(원천동)","category":"개방화장실","openHours":"상시","owner":"민간","hasDiaperTable":false,"geocodeType":"road"}},{"type":"Feature","geometry":{"type":"Point","coordinates":[127.03539,37.24962]},"properties":{"id":"202437400000101873","name":"베스토아빌딩","address":"경기도 수원시 권선구 세권로304번길 62 (권선동)","category":"개방화장실","openHours":"16시간","owner":"민간","hasDiaperTable":false,"geocodeType":"road"}},{"type":"Feature","geometry":{"type":"Point","coordinates":[127.02852,37.26754]},"properties":{"id":"202437400000101874","name":"백성병원","address":"경기도 수원시 팔달구 인계로 102(인계동)","category":"개방화장실","openHours":"상시","owner":"민간","hasDiaperTable":false,"geocodeType":"road"}},{"type":"Feature","geometry":{"type":"Point","coordinates":[127.07344,37.25279]},"properties":{"id":"202437400000101875","name":"밀레니엄플라자","address":"경기도 수원시 영통구 봉영로 1590(영통동)","category":"개방화장실","openHours":"상시","owner":"민간","hasDiaperTable":false,"geocodeType":"road"}},{"type":"Feature","geometry":{"type":"Point","coordinates":[127.04465,37.25912]},"properties":{"id":"202437400000101876","name":"밀레니엄프라자","address":"경기도 수원시 영통구 효원로 393(매탄동)","category":"개방화장실","openHours":"상시","owner":"민간","hasDiaperTable":false,"geocodeType":"road"}},{"type":"Feature","geometry":{"type":"Point","coordinates":[127.07349,37.25454]},"properties":{"id":"202437400000101877","name":"모던타운","address":"경기도 수원시 영통구 봉영로 1605(영통동)","category":"개방화장실","openHours":"상시","owner":"민간","hasDiaperTable":true,"geocodeType":"road"}},{"type":"Feature","geometry":{"type":"Point","coordinates":[127.00923,37.30213]},"properties":{"id":"202437400000101878","name":"메가플러스","address":"경기도 수원시 장안구 송원로 81(조원동)","category":"개방화장실","openHours":"상시","owner":"민간","hasDiaperTable":false,"geocodeType":"road"}},{"type":"Feature","geometry":{"type":"Point","coordinates":[127.02966,37.25546]},"properties":{"id":"202437400000101880","name":"메가스터디학원","address":"경기도 수원시 권선구 권광로 86 (권선동)","category":"개방화장실","openHours":"13시간","owner":"민간","hasDiaperTable":false,"geocodeType":"road"}},{"type":"Feature","geometry":{"type":"Point","coordinates":[127.05735,37.2355]},"properties":{"id":"202437400000101881","name":"망포1동행정복지센터","address":"경기도 수원시 영통구 영통로89번길 51, 망포1동 행정복지센터 (망포동)","category":"공중화장실","openHours":"평일 09:00~18:00","owner":"공공기관-지방자치단체","hasDiaperTable":true,"geocodeType":"road"}},{"type":"Feature","geometry":{"type":"Point","coordinates":[126.99376,37.29713]},"properties":{"id":"202437400000101882","name":"라이프 센터","address":"경기도 수원시 장안구 대평로 90번길 19(정자동)","category":"개방화장실","openHours":"상시","owner":"민간","hasDiaperTable":false,"geocodeType":"road"}},{"type":"Feature","geometry":{"type":"Point","coordinates":[126.95365,37.27483]},"properties":{"id":"202437400000101883","name":"딜라이트타워","address":"경기도 수원시 권선구 금곡로 213 (금곡동)","category":"개방화장실","openHours":"상시","owner":"민간","hasDiaperTable":false,"geocodeType":"road"}},{"type":"Feature","geometry":{"type":"Point","coordinates":[127.07473,37.25594]},"properties":{"id":"202437400000101884","name":"드림피아빌딩","address":"경기도 수원시 영통구 봉영로 1623(영통동)","category":"개방화장실","openHours":"상시","owner":"민간","hasDiaperTable":false,"geocodeType":"road"}},{"type":"Feature","geometry":{"type":"Point","coordinates":[127.07338,37.2556]},"properties":{"id":"202437400000101885","name":"동아프라자","address":"경기도 수원시 영통구 매영로 345번길 95(영통동)","category":"개방화장실","openHours":"상시","owner":"민간","hasDiaperTable":false,"geocodeType":"road"}},{"type":"Feature","geometry":{"type":"Point","coordinates":[127.02939,37.27515]},"properties":{"id":"202437400000101886","name":"동수원빌딩","address":"경기도 수원시 팔달구 경수대로 549(인계동)","category":"개방화장실","openHours":"상시","owner":"민간","hasDiaperTable":false,"geocodeType":"road"}},{"type":"Feature","geometry":{"type":"Point","coordinates":[127.07233,37.25333]},"properties":{"id":"202437400000101888","name":"다모아프라자","address":"경기도 수원시 영통구 봉영로 1587(영통동)","category":"개방화장실","openHours":"상시","owner":"민간","hasDiaperTable":false,"geocodeType":"road"}},{"type":"Feature","geometry":{"type":"Point","coordinates":[127.07104,37.25208]},"properties":{"id":"202437400000101889","name":"뉴 월드프라자","address":"경기도 수원시 영통구 봉영로 1569(영통동)","category":"개방화장실","openHours":"상시","owner":"민간","hasDiaperTable":true,"geocodeType":"road"}},{"type":"Feature","geometry":{"type":"Point","coordinates":[127.03512,37.25092]},"properties":{"id":"202437400000101890","name":"나눔프라자","address":"경기도 수원시 권선구 동수원로242번길 6(권선동)","category":"개방화장실","openHours":"상시","owner":"민간","hasDiaperTable":false,"geocodeType":"road"}},{"type":"Feature","geometry":{"type":"Point","coordinates":[126.95882,37.28592]},"properties":{"id":"202437400000101891","name":"기와집","address":"경기도 수원시 권선구 서수원로594번길 260 (입북동)","category":"개방화장실","openHours":"상시","owner":"민간","hasDiaperTable":false,"geocodeType":"road"}},{"type":"Feature","geometry":{"type":"Point","coordinates":[126.98211,37.29496]},"properties":{"id":"202437400000101892","name":"근로자 종합복지관","address":"경기도 수원시 장안구 덕영대로 559(천천동)","category":"개방화장실","openHours":"18시간","owner":"민간","hasDiaperTable":false,"geocodeType":"road"}},{"type":"Feature","geometry":{"type":"Point","coordinates":[127.02501,37.256]},"properties":{"id":"202437400000101893","name":"권선시장","address":"경기도 수원시 권선구 세권로 185(권선동)","category":"개방화장실","openHours":"16시간","owner":"민간","hasDiaperTable":true,"geocodeType":"road"}},{"type":"Feature","geometry":{"type":"Point","coordinates":[127.06033,37.27627]},"properties":{"id":"202437400000101897","name":"광교에일린의뜰단지내상가","address":"경기도 수원시 영통구 광교호수공원로 155(원천동)","category":"개방화장실","openHours":"상시","owner":"민간","hasDiaperTable":false,"geocodeType":"road"}},{"type":"Feature","geometry":{"type":"Point","coordinates":[127.04914,37.29254]},"properties":{"id":"202437400000101898","name":"광교서희스타힐스","address":"경기도 수원시 영통구 센트럴타운로 111(이의동)","category":"개방화장실","openHours":"상시","owner":"민간","hasDiaperTable":true,"geocodeType":"road"}},{"type":"Feature","geometry":{"type":"Point","coordinates":[127.05579,37.24516]},"properties":{"id":"202437400000101899","name":"골든스퀘어","address":"경기도 수원시 영통구 영통로 195(망포동)","category":"개방화장실","openHours":"18시간","owner":"민간","hasDiaperTable":false,"geocodeType":"road"}},{"type":"Feature","geometry":{"type":"Point","coordinates":[127.03401,37.26177]},"properties":{"id":"202437400000101900","name":"경기도 새마을회","address":"경기도 팔달구 효원로 295(인계동)","category":"개방화장실","openHours":"18시간","owner":"민간","hasDiaperTable":false,"geocodeType":"road"}},{"type":"Feature","geometry":{"type":"Point","coordinates":[127.04961,37.29216]},"properties":{"id":"202437400000101901","name":"W타워","address":"경기도 영통구 센트럴타운로 103(이의동)","category":"개방화장실","openHours":"18시간","owner":"민간","hasDiaperTable":false,"geocodeType":"road"}},{"type":"Feature","geometry":{"type":"Point","coordinates":[126.93686,37.27288]},"properties":{"id":"202437400000101902","name":"LG빌리지종합상가","address":"경기도 수원특례시 권선구 금곡로73번길 33","category":"개방화장실","openHours":"18시간","owner":"민간","hasDiaperTable":false,"geocodeType":"parcel"}},{"type":"Feature","geometry":{"type":"Point","coordinates":[127.0548,37.23935]},"properties":{"id":"202437400000101903","name":"e타운1빌딩","address":"경기도 수원시 영통구 태장로 77 (망포동)","category":"개방화장실","openHours":"18시간","owner":"민간","hasDiaperTable":false,"geocodeType":"road"}},{"type":"Feature","geometry":{"type":"Point","coordinates":[126.99354,37.30908]},"properties":{"id":"202437400000101904","name":"(사)한국노총","address":"경기도 수원시 경수대로1081번길 12-4","category":"개방화장실","openHours":"12시간","owner":"민간","hasDiaperTable":false,"geocodeType":"road"}},{"type":"Feature","geometry":{"type":"Point","coordinates":[127.07107,37.26239]},"properties":{"id":"202437400000101905","name":"영흥수목원 전시온실","address":"경기도 수원시 영통구 영통로 435","category":"공중화장실","openHours":"09:00~17:00","owner":"공공기관-지방자치단체","hasDiaperTable":false,"geocodeType":"road"}},{"type":"Feature","geometry":{"type":"Point","coordinates":[127.07107,37.26239]},"properties":{"id":"202437400000101906","name":"영흥수목원 야외","address":"경기도 수원시 영통구 영통로 435","category":"공중화장실","openHours":"09:00~17:00","owner":"공공기관-지방자치단체","hasDiaperTable":false,"geocodeType":"road"}},{"type":"Feature","geometry":{"type":"Point","coordinates":[126.97648,37.28778]},"properties":{"id":"202437400000101907","name":"일월수목원전시온실","address":"경기도 수원시 장안구 일월로 61","category":"공중화장실","openHours":"09:00~17:00","owner":"공공기관-지방자치단체","hasDiaperTable":true,"geocodeType":"road"}},{"type":"Feature","geometry":{"type":"Point","coordinates":[127.01856,37.27541]},"properties":{"id":"202437400000101908","name":"용현빌딩","address":"경기도 수원시 팔달구 중부대로15(영동)","category":"개방화장실","openHours":"18시간","owner":"민간","hasDiaperTable":true,"geocodeType":"road"}},{"type":"Feature","geometry":{"type":"Point","coordinates":[127.03417,37.24174]},"properties":{"id":"202437400000101909","name":"라퍼스트","address":"경기도 수원시 권선구 곡반정로160(곡반정동)","category":"개방화장실","openHours":"18시간","owner":"민간","hasDiaperTable":false,"geocodeType":"road"}},{"type":"Feature","geometry":{"type":"Point","coordinates":[127.01802,37.27274]},"properties":{"id":"202437400000101910","name":"구천동 공구시장","address":"경기도 수원시 팔달구 수원천로 211(구천동)","category":"개방화장실","openHours":"12시간","owner":"민간","hasDiaperTable":false,"geocodeType":"road"}},{"type":"Feature","geometry":{"type":"Point","coordinates":[126.95143,37.27414]},"properties":{"id":"202437400000101911","name":"스타타워","address":"경기도 수원시 권선구 금곡로197번길 13","category":"개방화장실","openHours":"상시","owner":"민간","hasDiaperTable":true,"geocodeType":"road"}},{"type":"Feature","geometry":{"type":"Point","coordinates":[127.02811,37.28538]},"properties":{"id":"202437400000101912","name":"선명빌딩","address":"경기도 수원시 팔달구 경수대로 672","category":"개방화장실","openHours":"16시간","owner":"민간","hasDiaperTable":false,"geocodeType":"road"}},{"type":"Feature","geometry":{"type":"Point","coordinates":[127.02985,37.28036]},"properties":{"id":"202437400000101913","name":"수병원","address":"경기도 수원시 팔달구 경수대로 613","category":"개방화장실","openHours":"상시","owner":"민간","hasDiaperTable":true,"geocodeType":"road"}},{"type":"Feature","geometry":{"type":"Point","coordinates":[126.98028,37.28645]},"properties":{"id":"202437400000101914","name":"성보빌딩","address":"경기도 수원시 팔달구 정자천로14번길 56","category":"개방화장실","openHours":"상시","owner":"민간","hasDiaperTable":false,"geocodeType":"road"}},{"type":"Feature","geometry":{"type":"Point","coordinates":[127.055,37.24175]},"properties":{"id":"202437400000101915","name":"스타프라움","address":"경기도 수원시 영통구 영통로 157","category":"개방화장실","openHours":"상시","owner":"민간","hasDiaperTable":true,"geocodeType":"road"}},{"type":"Feature","geometry":{"type":"Point","coordinates":[126.99435,37.30988]},"properties":{"id":"202437400000101916","name":"대영프라자","address":"경기도 수원시 장안구 경수대로1082-7","category":"개방화장실","openHours":"상시","owner":"민간","hasDiaperTable":true,"geocodeType":"road"}},{"type":"Feature","geometry":{"type":"Point","coordinates":[126.9615,37.26681]},"properties":{"id":"202437400000101917","name":"카페 에뚜알","address":"경기도 수원시 권선구 칠보로 200","category":"개방화장실","openHours":"11시간30분","owner":"민간","hasDiaperTable":true,"geocodeType":"road"}},{"type":"Feature","geometry":{"type":"Point","coordinates":[126.98118,37.2863]},"properties":{"id":"202437400000101918","name":"녹색교통회관","address":"경기도 수원시 팔달구 일월로22번길23","category":"개방화장실","openHours":"16시간","owner":"민간","hasDiaperTable":true,"geocodeType":"road"}}]}