{"type":"FeatureCollection","features":[{"type":"Feature","geometry":{"type":"Point","coordinates":[127.00626,37.25283]},"properties":{"id":"202637400000700871","name":"구세군장애인재활작업장","address":"경기도 수원시 권선구 새터로37번길 7-9(세류동)","ssid":"Public WiFi Free","provider":"SKB","category":"서민·복지시설"}},{"type":"Feature","geometry":{"type":"Point","coordinates":[127.0267,37.2918]},"properties":{"id":"202637400000700872","name":"연무사회복지관","address":"경기도 수원시 장안구 창룡대로 151번길 8","ssid":"Public WiFi Free","provider":"KT","category":"서민·복지시설"}},{"type":"Feature","geometry":{"type":"Point","coordinates":[126.98214,37.29496]},"properties":{"id":"202637400000700873","name":"수원시근로자종합복지관","address":"경기도 수원시 장안구 덕영대로 559(천천동)","ssid":"Public WiFi Free","provider":"LGU+","category":"서민·복지시설"}},{"type":"Feature","geometry":{"type":"Point","coordinates":[127.00009,37.26568]},"properties":{"id":"202637400000700874","name":"수원역.AK프라자(03017)","address":"경기도 수원시 팔달구 덕영대로 924","ssid":"Public WiFi Free","provider":"KT","category":"교통시설"}},{"type":"Feature","geometry":{"type":"Point","coordinates":[127.00335,37.26457]},"properties":{"id":"202637400000700875","name":"매산시장(03164)","address":"경기도 수원시 팔달구 권선로 477","ssid":"Public WiFi Free","provider":"KT","category":"교통시설"}},{"type":"Feature","geometry":{"type":"Point","coordinates":[127.01611,37.27804]},"properties":{"id":"202637400000700876","name":"팔달문_2(03051)","address":"경기도 수원시 팔달구 정조로 789","ssid":"Public WiFi Free","provider":"KT","category":"교통시설"}},{"type":"Feature","geometry":{"type":"Point","coordinates":[127.01724,37.27781]},"properties":{"id":"202637400000700877","name":"팔달문_3(03133)","address":"경기도 수원시 팔달구 정조로 777","ssid":"Public WiFi Free","provider":"KT","category":"교통시설"}},{"type":"Feature","geometry":{"type":"Point","coordinates":[127.03186,37.26046]},"properties":{"id":"202637400000700878","name":"수원시청역2번출구.벽산그랜드(03089)","address":"경기도 수원시 팔달구 권광로 146(인계동)","ssid":"Public WiFi Free","provider":"KT","category":"교통시설"}},{"type":"Feature","geometry":{"type":"Point","coordinates":[127.02044,37.25138]},"properties":{"id":"202637400000700879","name":"수원버스터미널(02214)","address":"경기도 수원시 권선구 경수대로 270","ssid":"Public WiFi Free","provider":"KT","category":"교통시설"}},{"type":"Feature","geometry":{"type":"Point","coordinates":[127.04664,37.29935]},"properties":{"id":"202637400000700880","name":"광교종합사회복지관","address":"경기도 수원시 영통구 대학2로 41(이의동)","ssid":"Public WiFi Free","provider":"KT","category":"서민·복지시설"}},{"type":"Feature","geometry":{"type":"Point","coordinates":[127.02293,37.2631]},"properties":{"id":"202637400000700881","name":"늘봄실버밸리요양원","address":"경기도 수원시 권선구 세지로126번길 47-22(권선동)","ssid":"Public WiFi Free","provider":"KT","category":"서민·복지시설"}},{"type":"Feature","geometry":{"type":"Point","coordinates":[127.04854,37.26571]},"properties":{"id":"202637400000700882","name":"니도그룹홈","address":"경기도 수원시 영통구 신남로29번길 7(매탄동)","ssid":"Public WiFi Free","provider":"KT","category":"서민·복지시설"}},{"type":"Feature","geometry":{"type":"Point","coordinates":[127.0261,37.25605]},"properties":{"id":"202637400000700883","name":"로뎀요양원","address":"경기도 수원시 권선구 세권로195번길 20-4(권선동)","ssid":"Public WiFi Free","provider":"KT","category":"서민·복지시설"}},{"type":"Feature","geometry":{"type":"Point","coordinates":[126.97941,37.30069]},"properties":{"id":"202637400000700884","name":"마르따의집","address":"경기도 수원시 장안구 정자로19번길 18(천천동)","ssid":"Public WiFi Free","provider":"KT","category":"서민·복지시설"}},{"type":"Feature","geometry":{"type":"Point","coordinates":[126.9794,37.30058]},"properties":{"id":"202637400000700885","name":"몬띠의집","address":"경기도 수원시 장안구 정자로19번길 19(천천동)","ssid":"Public WiFi Free","provider":"KT","category":"서민·복지시설"}},{"type":"Feature","geometry":{"type":"Point","coordinates":[127.05517,37.26784]},"properties":{"id":"202637400000700886","name":"브솔그룹홈","address":"경기도 수원시 영통구 동탄원천로 1089(매탄동)","ssid":"Public WiFi Free","provider":"KT","category":"서민·복지시설"}},{"type":"Feature","geometry":{"type":"Point","coordinates":[127.03605,37.29555]},"properties":{"id":"202637400000700887","name":"수원시장애인종합복지관","address":"경기도 수원시 영통구 창룡대로 255(이의동)","ssid":"Public WiFi Free","provider":"KT","category":"서민·복지시설"}},{"type":"Feature","geometry":{"type":"Point","coordinates":[126.97224,37.23889]},"properties":{"id":"202637400000700888","name":"수원시오목천동장애인주간보호시설","address":"경기도 수원시 권선구 서수원로 124(오목천동)","ssid":"Public WiFi Free","provider":"KT","category":"서민·복지시설"}},{"type":"Feature","geometry":{"type":"Point","coordinates":[127.02122,37.26224]},"properties":{"id":"202637400000700889","name":"수원권선지역아동센터","address":"경기도 수원시 권선구 세지로112번길 25-22(권선동)","ssid":"Public WiFi Free","provider":"KT","category":"서민·복지시설"}},{"type":"Feature","geometry":{"type":"Point","coordinates":[126.95669,37.26317]},"properties":{"id":"202637400000700890","name":"호매실장애인종합복지관","address":"경기도 수원시 권선구 호매실로 211(호매실동)","ssid":"Public WiFi Free","provider":"KT","category":"서민·복지시설"}},{"type":"Feature","geometry":{"type":"Point","coordinates":[127.04057,37.25616]},"properties":{"id":"202637400000700891","name":"한국장애인교육문화협회 수원시지회","address":"경기도 수원시 영통구 매탄로 53-1(매탄동)","ssid":"Public WiFi Free","provider":"KT","category":"서민·복지시설"}},{"type":"Feature","geometry":{"type":"Point","coordinates":[126.95669,37.26317]},"properties":{"id":"202637400000700892","name":"수원시장애인심부름센터","address":"경기도 수원시 권선구 호매실로 211(호매실동)","ssid":"Public WiFi Free","provider":"KT","category":"서민·복지시설"}},{"type":"Feature","geometry":{"type":"Point","coordinates":[126.98676,37.28421]},"properties":{"id":"202637400000700893","name":"서호체육센터","address":"경기도 수원시 팔달구 수성로 120(화서동)","ssid":"Public WiFi Free","provider":"KT","category":"편의시설"}},{"type":"Feature","geometry":{"type":"Point","coordinates":[127.00962,37.30338]},"properties":{"id":"202637400000700894","name":"장안구청 광장","address":"경기도 수원시 장안구 송원로 101(조원동)","ssid":"PublicWiFi@Suwon","provider":"KT","category":"관공서"}},{"type":"Feature","geometry":{"type":"Point","coordinates":[127.04582,37.26783]},"properties":{"id":"202637400000700895","name":"매탄공원","address":"경기도 수원시 영통구 매탄로 185 (매탄동)","ssid":"PublicWiFi@Suwon","provider":"KT","category":"편의시설"}},{"type":"Feature","geometry":{"type":"Point","coordinates":[126.98045,37.28687]},"properties":{"id":"202637400000700896","name":"황새말공원","address":"경기도 수원시 팔달구 화서동 714","ssid":"PublicWiFi@Suwon","provider":"KT","category":"편의시설"}},{"type":"Feature","geometry":{"type":"Point","coordinates":[126.98122,37.28652]},"properties":{"id":"202637400000700897","name":"숙지공원","address":"경기도 수원시 팔달구 화서동 264","ssid":"PublicWiFi@Suwon","provider":"KT","category":"편의시설"}},{"type":"Feature","geometry":{"type":"Point","coordinates":[127.03374,37.27453]},"properties":{"id":"202637400000700898","name":"청소년문화공원","address":"경기도 수원시 팔달구 인계동 349","ssid":"PublicWiFi@Suwon","provider":"KT","category":"편의시설"}},{"type":"Feature","geometry":{"type":"Point","coordinates":[126.99243,37.29835]},"properties":{"id":"202637400000700899","name":"풍림아파트(01083)","address":"경기도 수원시 장안구 정자동 872-6","ssid":"PublicWiFi@Suwon","provider":"KT","category":"교통시설"}},{"type":"Feature","geometry":{"type":"Point","coordinates":[126.97464,37.2751]},"properties":{"id":"202637400000700900","name":"탑동초등학교.삼성아파트(02103)","address":"경기도 수원시 권선구 금호로 224-1 (탑동)","ssid":"PublicWiFi@Suwon","provider":"KT","category":"교통시설"}},{"type":"Feature","geometry":{"type":"Point","coordinates":[126.97491,37.26861]},"properties":{"id":"202637400000700901","name":"우방아파트(02104)","address":"경기도 수원시 권선구 하탑로 30 (탑동)","ssid":"PublicWiFi@Suwon","provider":"KT","category":"교통시설"}},{"type":"Feature","geometry":{"type":"Point","coordinates":[127.00009,37.26568]},"properties":{"id":"202637400000700902","name":"수원역(03022)","address":"경기도 수원시 팔달구 덕영대로 924 (매산로1가)","ssid":"PublicWiFi@Suwon","provider":"KT","category":"교통시설"}},{"type":"Feature","geometry":{"type":"Point","coordinates":[127.04254,37.27551]},"properties":{"id":"202637400000700903","name":"아주대입구.우리은행(03132)","address":"경기도 수원시 팔달구 중부대로 229 (우만동)","ssid":"PublicWiFi@Suwon","provider":"KT","category":"교통시설"}},{"type":"Feature","geometry":{"type":"Point","coordinates":[127.0561,37.245]},"properties":{"id":"202637400000700904","name":"그대가프리미어아파트.망포역3번출구(04072)","address":"경기도 수원시 영통구 망포동 309-9","ssid":"PublicWiFi@Suwon","provider":"KT","category":"교통시설"}},{"type":"Feature","geometry":{"type":"Point","coordinates":[127.08139,37.26729]},"properties":{"id":"202637400000700905","name":"황골마을(04166)","address":"경기도 수원시 영통구 영통동 945-1","ssid":"PublicWiFi@Suwon","provider":"KT","category":"교통시설"}},{"type":"Feature","geometry":{"type":"Point","coordinates":[127.03356,37.26722]},"properties":{"id":"202637400000700906","name":"동수원우체국.삼성래미안(03166)","address":"경기도 수원시 팔달구 인계로 143 (인계동)","ssid":"PublicWiFi@Suwon","provider":"KT","category":"교통시설"}},{"type":"Feature","geometry":{"type":"Point","coordinates":[127.06982,37.25235]},"properties":{"id":"202637400000700907","name":"영덕고등학교.영통역(04132)","address":"경기도 수원시 영통구 매영로 333 (영통동)","ssid":"PublicWiFi@Suwon","provider":"KT","category":"교통시설"}},{"type":"Feature","geometry":{"type":"Point","coordinates":[127.06656,37.26916]},"properties":{"id":"202637400000700908","name":"태평양화학.삼성전자입구(04123)","address":"경기도 수원시 영통구 원천동 603-5","ssid":"PublicWiFi@Suwon","provider":"KT","category":"교통시설"}},{"type":"Feature","geometry":{"type":"Point","coordinates":[127.06634,37.25259]},"properties":{"id":"202637400000700909","name":"신나무실아파트(04120)","address":"경기도 수원시 영통구 매영로310번길 27 (영통동)","ssid":"PublicWiFi@Suwon","provider":"KT","category":"교통시설"}},{"type":"Feature","geometry":{"type":"Point","coordinates":[126.97126,37.29858]},"properties":{"id":"202637400000700910","name":"성균관대역(01015)","address":"경기도 수원시 장안구 서부로 2129 (율전동)","ssid":"PublicWiFi@Suwon","provider":"KT","category":"교통시설"}},{"type":"Feature","geometry":{"type":"Point","coordinates":[126.97104,37.29705]},"properties":{"id":"202637400000700911","name":"성균관대학교(01013)","address":"경기도 수원시 장안구 서부로 2112 (율전동)","ssid":"PublicWiFi@Suwon","provider":"KT","category":"교통시설"}},{"type":"Feature","geometry":{"type":"Point","coordinates":[126.9788,37.27663]},"properties":{"id":"202637400000700912","name":"웃거리(02120)","address":"경기도 수원시 권선구 수인로 191 (구운동)","ssid":"PublicWiFi@Suwon","provider":"KT","category":"교통시설"}},{"type":"Feature","geometry":{"type":"Point","coordinates":[126.97649,37.27546]},"properties":{"id":"202637400000700913","name":"구운중학교(02110)","address":"경기도 수원시 권선구 금호로 242 (탑동)","ssid":"PublicWiFi@Suwon","provider":"KT","category":"교통시설"}},{"type":"Feature","geometry":{"type":"Point","coordinates":[127.04383,37.25698]},"properties":{"id":"202637400000700914","name":"매여울공원","address":"경기도 수원시 영통구 효원로 408 (매탄동)","ssid":"PublicWiFi@Suwon","provider":"KT","category":"편의시설"}},{"type":"Feature","geometry":{"type":"Point","coordinates":[127.04399,37.25605]},"properties":{"id":"202637400000700915","name":"선주리들공원","address":"경기도 수원시 영통구 매탄동 1345","ssid":"PublicWiFi@Suwon","provider":"KT","category":"편의시설"}},{"type":"Feature","geometry":{"type":"Point","coordinates":[127.07859,37.26636]},"properties":{"id":"202637400000700916","name":"황골공원","address":"경기도 수원시 영통구 영통로 530 (영통동)","ssid":"PublicWiFi@Suwon","provider":"KT","category":"편의시설"}},{"type":"Feature","geometry":{"type":"Point","coordinates":[127.06682,37.28096]},"properties":{"id":"202637400000700917","name":"광교푸른숲도서관","address":"경기도 수원시 영통구 광교호수로 131","ssid":"PublicWiFi@Suwon","provider":"KT","category":"교육시설"}},{"type":"Feature","geometry":{"type":"Point","coordinates":[127.04736,37.25933]},"properties":{"id":"202637400000700918","name":"매여울도서관","address":"경기도 수원시 영통구 효원로 415","ssid":"PublicWiFi@Suwon","provider":"KT","category":"교육시설"}},{"type":"Feature","geometry":{"type":"Point","coordinates":[127.04436,37.24066]},"properties":{"id":"202637400000700919","name":"망포글빛도서관","address":"경기도 수원시 영통구 망포로100","ssid":"PublicWiFi@Suwon","provider":"KT","category":"교육시설"}},{"type":"Feature","geometry":{"type":"Point","coordinates":[126.97151,37.30691]},"properties":{"id":"202637400000700920","name":"밤밭청개구리공원","address":"경기도 수원시 장안구 상률로 37-18 (율전동)","ssid":"PublicWiFi@Suwon","provider":"KT","category":"편의시설"}},{"type":"Feature","geometry":{"type":"Point","coordinates":[127.02309,37.24976]},"properties":{"id":"202637400000700921","name":"청정공원","address":"경기도 수원시 권선구 덕영대로1207번길 26-6 (권선동)","ssid":"PublicWiFi@Suwon","provider":"KT","category":"편의시설"}},{"type":"Feature","geometry":{"type":"Point","coordinates":[127.02121,37.23649]},"properties":{"id":"202637400000700922","name":"마중공원","address":"경기도 수원시 권선구 경수대로 88 (권선동)","ssid":"PublicWiFi@Suwon","provider":"KT","category":"편의시설"}},{"type":"Feature","geometry":{"type":"Point","coordinates":[126.97998,37.28081]},"properties":{"id":"202637400000700923","name":"여기산공원","address":"경기도 수원시 권선구 여기산로26번길 30 (서둔동)","ssid":"PublicWiFi@Suwon","provider":"KT","category":"편의시설"}},{"type":"Feature","geometry":{"type":"Point","coordinates":[126.97633,37.28596]},"properties":{"id":"202637400000700924","name":"일월공원","address":"경기도 수원시 장안구 일월천로 77","ssid":"PublicWiFi@Suwon","provider":"KT","category":"편의시설"}},{"type":"Feature","geometry":{"type":"Point","coordinates":[127.04785,37.26086]},"properties":{"id":"202637400000700925","name":"매화공원","address":"경기도 수원시 영통구 매탄동 1317","ssid":"PublicWiFi@Suwon","provider":"KT","category":"편의시설"}},{"type":"Feature","geometry":{"type":"Point","coordinates":[127.05771,37.24255]},"properties":{"id":"202637400000700926","name":"망포공원","address":"경기도 수원시 영통구 망포동 358","ssid":"PublicWiFi@Suwon","provider":"KT","category":"편의시설"}},{"type":"Feature","geometry":{"type":"Point","coordinates":[127.04632,37.23883]},"properties":{"id":"202637400000700927","name":"지성공원","address":"경기도 수원시 영통구 동탄지성로 520","ssid":"PublicWiFi@Suwon","provider":"KT","category":"편의시설"}},{"type":"Feature","geometry":{"type":"Point","coordinates":[127.05148,37.2447]},"properties":{"id":"202637400000700928","name":"방죽공원","address":"경기도 수원시 영통구 덕영대로1484번길 10-25 (망포동)","ssid":"PublicWiFi@Suwon","provider":"KT","category":"편의시설"}},{"type":"Feature","geometry":{"type":"Point","coordinates":[127.07887,37.25093]},"properties":{"id":"202637400000700929","name":"반달공원","address":"경기도 수원시 반달로 77 (영통동)","ssid":"PublicWiFi@Suwon","provider":"KT","category":"편의시설"}},{"type":"Feature","geometry":{"type":"Point","coordinates":[127.06199,37.24862]},"properties":{"id":"202637400000700930","name":"벽적골공원","address":"경기도 수원시 영통구 덕영대로1555번길 60 (영통동)","ssid":"PublicWiFi@Suwon","provider":"KT","category":"편의시설"}},{"type":"Feature","geometry":{"type":"Point","coordinates":[127.07169,37.25066]},"properties":{"id":"202637400000700931","name":"살구골공원","address":"경기도 수원시 영통구 매영로 378 (영통동)","ssid":"PublicWiFi@Suwon","provider":"KT","category":"편의시설"}},{"type":"Feature","geometry":{"type":"Point","coordinates":[126.94467,37.27598]},"properties":{"id":"202637400000700932","name":"누리문화공원","address":"경기도 수원시 권선구 금곡동 1075","ssid":"PublicWiFi@Suwon","provider":"KT","category":"편의시설"}},{"type":"Feature","geometry":{"type":"Point","coordinates":[126.94461,37.27597]},"properties":{"id":"202637400000700933","name":"물새공원","address":"경기도 수원시 권선구 금곡동 1075","ssid":"PublicWiFi@Suwon","provider":"KT","category":"편의시설"}},{"type":"Feature","geometry":{"type":"Point","coordinates":[126.94831,37.27629]},"properties":{"id":"202637400000700934","name":"서수원칠보체육공원","address":"경기도 수원시 권선구 서수원로577번길 171 (금곡동)","ssid":"PublicWiFi@Suwon","provider":"KT","category":"편의시설"}},{"type":"Feature","geometry":{"type":"Point","coordinates":[126.9519,37.2625]},"properties":{"id":"202637400000700935","name":"물향기공원","address":"경기도 수원시 권선구 호매실로 219","ssid":"PublicWiFi@Suwon","provider":"KT","category":"편의시설"}},{"type":"Feature","geometry":{"type":"Point","coordinates":[126.9449,37.27074]},"properties":{"id":"202637400000700936","name":"두레뜰공원","address":"경기도 수원시 권선구 금곡로 140번길68","ssid":"PublicWiFi@Suwon","provider":"KT","category":"편의시설"}},{"type":"Feature","geometry":{"type":"Point","coordinates":[126.95642,37.27268]},"properties":{"id":"202637400000700937","name":"어울림공원","address":"경기도 수원시 권선구 서수원로 533-40 (금곡동)","ssid":"PublicWiFi@Suwon","provider":"KT","category":"편의시설"}},{"type":"Feature","geometry":{"type":"Point","coordinates":[127.00659,37.30361]},"properties":{"id":"202637400000700938","name":"한일타운.경기일보.홈플러스(01125)","address":"경기도 수원시 장안구 조원동 892","ssid":"PublicWiFi@Suwon","provider":"KT","category":"교통시설"}},{"type":"Feature","geometry":{"type":"Point","coordinates":[126.97402,37.24]},"properties":{"id":"202637400000700939","name":"고색뉴지엄","address":"경기도 수원시 권선구 산업로 85 (고색동)","ssid":"PublicWiFi@Suwon","provider":"KT","category":"교육시설"}},{"type":"Feature","geometry":{"type":"Point","coordinates":[127.01461,37.27239]},"properties":{"id":"202637400000700940","name":"수원 구 부국원","address":"경기도 수원시 팔달구 향교로 130 (교동)","ssid":"PublicWiFi@Suwon","provider":"KT","category":"교육시설"}},{"type":"Feature","geometry":{"type":"Point","coordinates":[127.02044,37.25138]},"properties":{"id":"202637400000700941","name":"수원종합버스터미널 대합실","address":"경기도 수원시 권선구 경수대로 270","ssid":"Public WiFi Free","provider":"KT","category":"교통시설"}},{"type":"Feature","geometry":{"type":"Point","coordinates":[126.97014,37.28263]},"properties":{"id":"202637400000700942","name":"서수원시외터미널 대합실","address":"경기도 수원시 권선구 수인로 291","ssid":"Public WiFi Free","provider":"KT","category":"교통시설"}},{"type":"Feature","geometry":{"type":"Point","coordinates":[127.0519,37.28826]},"properties":{"id":"202637400000700943","name":"광교중앙역 환승센터","address":"경기도 수원시 영통구 도청로 45","ssid":"Public WiFi Free","provider":"KT","category":"교통시설"}},{"type":"Feature","geometry":{"type":"Point","coordinates":[127.04502,37.27404]},"properties":{"id":"202637400000700944","name":"아주대시외버스정류장","address":"경기도 수원시 영통구 중부대로 268","ssid":"Public WiFi Free","provider":"KT","category":"교통시설"}},{"type":"Feature","geometry":{"type":"Point","coordinates":[127.03279,37.29209]},"properties":{"id":"202637400000700945","name":"우만동시외버스정류장","address":"경기도 수원시  팔달구 창룡대로210번길 12","ssid":"Public WiFi Free","provider":"KT","category":"교통시설"}},{"type":"Feature","geometry":{"type":"Point","coordinates":[126.97207,37.25762]},"properties":{"id":"202637400000700946","name":"권선구청 종합민원실","address":"경기도 수원시 권선구 호매실로 12 (탑동)","ssid":"PublicWiFi@Suwon","provider":"KT","category":"관공서"}},{"type":"Feature","geometry":{"type":"Point","coordinates":[127.01968,37.28251]},"properties":{"id":"202637400000700947","name":"팔달구청 종합민원실","address":"경기도 수원시 팔달구 창룡대로 23 (매향동)","ssid":"PublicWiFi@Suwon","provider":"KT","category":"관공서"}},{"type":"Feature","geometry":{"type":"Point","coordinates":[127.04631,37.2596]},"properties":{"id":"202637400000700948","name":"영통구청 종합민원실","address":"경기도 수원시 영통구 효원로 407 (매탄동)","ssid":"PublicWiFi@Suwon","provider":"KT","category":"관공서"}},{"type":"Feature","geometry":{"type":"Point","coordinates":[127.01034,37.28384]},"properties":{"id":"202637400000700949","name":"선경도서관","address":"경기도 수원시 팔달구 신풍로 23번길 68 (신풍동)","ssid":"PublicWiFi@Suwon","provider":"SKB","category":"교육시설"}},{"type":"Feature","geometry":{"type":"Point","coordinates":[126.97209,37.27302]},"properties":{"id":"202637400000700950","name":"서수원지식정보도서관","address":"경기도 수원시 권선구 탑동로57번길 35 (탑동)","ssid":"PublicWiFi@Suwon","provider":"SKB","category":"교육시설"}},{"type":"Feature","geometry":{"type":"Point","coordinates":[126.98826,37.29745]},"properties":{"id":"202637400000700951","name":"북수원지식정보도서관","address":"경기도 수원시 장안구 만석로 65 (정자동)","ssid":"PublicWiFi@Suwon","provider":"SKB","category":"교육시설"}},{"type":"Feature","geometry":{"type":"Point","coordinates":[127.07217,37.25712]},"properties":{"id":"202637400000700952","name":"영통도서관","address":"경기도 수원시 영통구 청명로 151 (영통동)","ssid":"PublicWiFi@Suwon","provider":"SKB","category":"교육시설"}},{"type":"Feature","geometry":{"type":"Point","coordinates":[127.01204,37.27345]},"properties":{"id":"202637400000700953","name":"중앙도서관","address":"경기도 수원시 팔달구 팔달산로 318 (교동)","ssid":"PublicWiFi@Suwon","provider":"SKB","category":"교육시설"}},{"type":"Feature","geometry":{"type":"Point","coordinates":[127.05104,37.2386]},"properties":{"id":"202637400000700954","name":"태장마루도서관","address":"경기도 수원시 영통구 태장로 46 (망포동)","ssid":"PublicWiFi@Suwon","provider":"SKB","category":"교육시설"}},{"type":"Feature","geometry":{"type":"Point","coordinates":[127.04014,37.24797]},"properties":{"id":"202637400000700955","name":"지혜샘도서관","address":"경기도 수원시 권선구 동탄원천로 818 (권선동)","ssid":"PublicWiFi@Suwon","provider":"SKB","category":"교육시설"}},{"type":"Feature","geometry":{"type":"Point","coordinates":[126.99922,37.29754]},"properties":{"id":"202637400000700956","name":"슬기샘도서관","address":"경기도 수원시 장안구 송정로 9 (송죽동)","ssid":"PublicWiFi@Suwon","provider":"SKB","category":"교육시설"}},{"type":"Feature","geometry":{"type":"Point","coordinates":[127.02762,37.29076]},"properties":{"id":"202637400000700957","name":"창룡도서관","address":"경기도 수원시 팔달구 월드컵로 381번길 36 (우만동)","ssid":"PublicWiFi@Suwon","provider":"SKB","category":"교육시설"}},{"type":"Feature","geometry":{"type":"Point","coordinates":[127.01513,37.25681]},"properties":{"id":"202637400000700958","name":"버드내도서관","address":"경기도 수원시 권선구 세권로 102번길 20 (세류동)","ssid":"PublicWiFi@Suwon","provider":"SKB","category":"교육시설"}},{"type":"Feature","geometry":{"type":"Point","coordinates":[126.95796,37.26642]},"properties":{"id":"202637400000700959","name":"호매실도서관","address":"경기도 수원시 권선구 칠보로 169 (호매실동)","ssid":"PublicWiFi@Suwon","provider":"SKB","category":"교육시설"}},{"type":"Feature","geometry":{"type":"Point","coordinates":[127.02501,37.23738]},"properties":{"id":"202637400000700960","name":"한림도서관","address":"경기도 수원시 권선구 동수원로 25번길 32-52 (권선동)","ssid":"PublicWiFi@Suwon","provider":"SKB","category":"교육시설"}},{"type":"Feature","geometry":{"type":"Point","coordinates":[127.00817,37.30647]},"properties":{"id":"202637400000700961","name":"대추골도서관","address":"경기도 수원시 장안구 수일로 164 (조원동)","ssid":"PublicWiFi@Suwon","provider":"SKB","category":"교육시설"}},{"type":"Feature","geometry":{"type":"Point","coordinates":[126.97688,37.2862]},"properties":{"id":"202637400000700962","name":"일월도서관","address":"경기도 수원시 장안구 일월천로 77 (천천동)","ssid":"PublicWiFi@Suwon","provider":"SKB","category":"교육시설"}},{"type":"Feature","geometry":{"type":"Point","coordinates":[127.04743,37.30289]},"properties":{"id":"202637400000700963","name":"광교홍재도서관","address":"경기도 수원시 영통구 대학로 88 (이의동)","ssid":"PublicWiFi@Suwon","provider":"SKB","category":"교육시설"}},{"type":"Feature","geometry":{"type":"Point","coordinates":[127.05238,37.26878]},"properties":{"id":"202637400000700964","name":"바른샘도서관","address":"경기도 수원시 영통구 매봉로 10 (매탄동)","ssid":"PublicWiFi@Suwon","provider":"KT","category":"교육시설"}},{"type":"Feature","geometry":{"type":"Point","coordinates":[126.99724,37.28526]},"properties":{"id":"202637400000700965","name":"화서다산도서관","address":"경기도 수원시 팔달구 화양로 68번길 7-35 (화서동)","ssid":"PublicWiFi@Suwon","provider":"SKB","category":"교육시설"}},{"type":"Feature","geometry":{"type":"Point","coordinates":[127.03344,37.28819]},"properties":{"id":"202637400000700966","name":"수원시 여권민원실","address":"경기도 수원시 팔달구 월드컵로 336","ssid":"PublicWiFi@Suwon","provider":"KT","category":"관공서"}},{"type":"Feature","geometry":{"type":"Point","coordinates":[127.00019,37.26752]},"properties":{"id":"202637400000700967","name":"수원역 지하도상가 11번출입구","address":"경기도 수원시 팔달구 매산로1가 28-1","ssid":"PublicWiFi@Suwon","provider":"KT","category":"기타"}},{"type":"Feature","geometry":{"type":"Point","coordinates":[127.00124,37.26742]},"properties":{"id":"202637400000700968","name":"수원역 지하도상가 3번출입구","address":"경기도 수원시 팔달구 향교로 24","ssid":"PublicWiFi@Suwon","provider":"KT","category":"기타"}},{"type":"Feature","geometry":{"type":"Point","coordinates":[127.00368,37.26827]},"properties":{"id":"202637400000700969","name":"수원역 로데오거리","address":"경기도 수원시 팔달구 향교로 24","ssid":"PublicWiFi@Suwon","provider":"KT","category":"기타"}},{"type":"Feature","geometry":{"type":"Point","coordinates":[127.0049,37.26883]},"properties":{"id":"202637400000700970","name":"NH농협은행 수원역지점 앞","address":"경기도 수원시 팔달구 향교로 37","ssid":"PublicWiFi@Suwon","provider":"KT","category":"기타"}},{"type":"Feature","geometry":{"type":"Point","coordinates":[127.00278,37.2693]},"properties":{"id":"202637400000700971","name":"향교로3번길 나들가게해피타임 앞","address":"경기도 수원시 팔달구 갓매산로71번길 10","ssid":"PublicWiFi@Suwon","provider":"KT","category":"기타"}},{"type":"Feature","geometry":{"type":"Point","coordinates":[127.00174,37.26905]},"properties":{"id":"202637400000700972","name":"향교로3번길 some모텔앞","address":"경기도 수원시 팔달구 향교로3번길 35-3","ssid":"PublicWiFi@Suwon","provider":"KT","category":"기타"}},{"type":"Feature","geometry":{"type":"Point","coordinates":[127.00174,37.26798]},"properties":{"id":"202637400000700973","name":"매산지구대 입구","address":"경기도 수원시 팔달구 향교로3번길 10","ssid":"PublicWiFi@Suwon","provider":"KT","category":"기타"}},{"type":"Feature","geometry":{"type":"Point","coordinates":[127.0023,37.26695]},"properties":{"id":"202637400000700974","name":"수원역 9번출구 앞 횡단보도","address":"경기도 수원시 팔달구 매산로1가 104","ssid":"PublicWiFi@Suwon","provider":"KT","category":"기타"}},{"type":"Feature","geometry":{"type":"Point","coordinates":[127.00248,37.26526]},"properties":{"id":"202637400000700975","name":"수원 역전시장주차장 출입구 앞","address":"경기도 수원시 팔달구 덕영대로943번길20","ssid":"PublicWiFi@Suwon","provider":"KT","category":"기타"}},{"type":"Feature","geometry":{"type":"Point","coordinates":[127.003,37.2662]},"properties":{"id":"202637400000700976","name":"수원 역전시장 GATE8 앞","address":"경기도 수원시 팔달구 덕영대로943번길36","ssid":"PublicWiFi@Suwon","provider":"KT","category":"기타"}},{"type":"Feature","geometry":{"type":"Point","coordinates":[127.00357,37.26731]},"properties":{"id":"202637400000700977","name":"매산시장 골목길 앞","address":"경기도 수원시 팔달구 매산로20번길 10","ssid":"PublicWiFi@Suwon","provider":"KT","category":"기타"}},{"type":"Feature","geometry":{"type":"Point","coordinates":[127.06585,37.27907]},"properties":{"id":"202637400000700978","name":"원천호수 수변쉼터","address":"경기도 수원시 영통구 광교호수로 57 (하동)","ssid":"Public WiFi Free","provider":"KT","category":"편의시설"}},{"type":"Feature","geometry":{"type":"Point","coordinates":[127.06503,37.27957]},"properties":{"id":"202637400000700979","name":"원천호수 신비한 물너미","address":"경기도 수원시 영통구 광교호수로 57 (하동)","ssid":"Public WiFi Free","provider":"KT","category":"편의시설"}},{"type":"Feature","geometry":{"type":"Point","coordinates":[127.06557,37.28005]},"properties":{"id":"202637400000700980","name":"원천호수 어린이놀이터/실개울","address":"경기도 수원시 영통구 광교호수로 57 (하동)","ssid":"Public WiFi Free","provider":"KT","category":"편의시설"}},{"type":"Feature","geometry":{"type":"Point","coordinates":[127.06432,37.28175]},"properties":{"id":"202637400000700981","name":"원천호수 나루터","address":"경기도 수원시 영통구 광교호수로 57 (하동)","ssid":"Public WiFi Free","provider":"KT","category":"편의시설"}},{"type":"Feature","geometry":{"type":"Point","coordinates":[127.06447,37.28205]},"properties":{"id":"202637400000700982","name":"원천호수 수질개선시설 앞","address":"경기도 수원시 영통구 광교호수로 57 (하동)","ssid":"Public WiFi Free","provider":"KT","category":"편의시설"}},{"type":"Feature","geometry":{"type":"Point","coordinates":[127.06329,37.28437]},"properties":{"id":"202637400000700983","name":"원천호수 수변산책로","address":"경기도 수원시 영통구 광교호수로 57 (하동)","ssid":"Public WiFi Free","provider":"KT","category":"편의시설"}},{"type":"Feature","geometry":{"type":"Point","coordinates":[127.06063,37.28428]},"properties":{"id":"202637400000700984","name":"원천호수 바닥분수","address":"경기도 수원시 영통구 광교호수로 57 (하동)","ssid":"Public WiFi Free","provider":"KT","category":"편의시설"}},{"type":"Feature","geometry":{"type":"Point","coordinates":[127.06008,37.28306]},"properties":{"id":"202637400000700985","name":"원천호수 어번레비 화장실 앞","address":"경기도 수원시 영통구 광교호수로 57 (하동)","ssid":"Public WiFi Free","provider":"KT","category":"편의시설"}},{"type":"Feature","geometry":{"type":"Point","coordinates":[127.05987,37.28159]},"properties":{"id":"202637400000700986","name":"원천호수 물보석분수 입구","address":"경기도 수원시 영통구 광교호수로 57 (하동)","ssid":"Public WiFi Free","provider":"KT","category":"편의시설"}},{"type":"Feature","geometry":{"type":"Point","coordinates":[127.06041,37.27908]},"properties":{"id":"202637400000700987","name":"원천호수 초화원","address":"경기도 수원시 영통구 광교호수로 57 (하동)","ssid":"Public WiFi Free","provider":"KT","category":"편의시설"}},{"type":"Feature","geometry":{"type":"Point","coordinates":[127.06145,37.27658]},"properties":{"id":"202637400000700988","name":"원천호수 거울못","address":"경기도 수원시 영통구 광교호수로 57 (하동)","ssid":"Public WiFi Free","provider":"KT","category":"편의시설"}},{"type":"Feature","geometry":{"type":"Point","coordinates":[127.06304,37.27549]},"properties":{"id":"202637400000700989","name":"원천호수 광교호수공원 관리사무소 앞","address":"경기도 수원시 영통구 광교호수로 57 (하동)","ssid":"Public WiFi Free","provider":"KT","category":"편의시설"}},{"type":"Feature","geometry":{"type":"Point","coordinates":[127.07524,37.28475]},"properties":{"id":"202637400000700990","name":"신대호수 수변테라스-A","address":"경기도 수원시 영통구 하동 997","ssid":"Public WiFi Free","provider":"KT","category":"편의시설"}},{"type":"Feature","geometry":{"type":"Point","coordinates":[127.07384,37.2836]},"properties":{"id":"202637400000700991","name":"신대호수 수변테라스-B","address":"경기도 수원시 영통구 하동 997","ssid":"Public WiFi Free","provider":"KT","category":"편의시설"}},{"type":"Feature","geometry":{"type":"Point","coordinates":[127.07269,37.28373]},"properties":{"id":"202637400000700992","name":"신대호수 하늘전망대 앞","address":"경기도 수원시 영통구 하동 997","ssid":"Public WiFi Free","provider":"KT","category":"편의시설"}},{"type":"Feature","geometry":{"type":"Point","coordinates":[127.07181,37.28583]},"properties":{"id":"202637400000700993","name":"신대호수 수변쉼터","address":"경기도 수원시 영통구 하동 999","ssid":"Public WiFi Free","provider":"KT","category":"편의시설"}},{"type":"Feature","geometry":{"type":"Point","coordinates":[127.07046,37.28722]},"properties":{"id":"202637400000700994","name":"신대호수 휴게마당","address":"경기도 수원시 영통구 하동 999","ssid":"Public WiFi Free","provider":"KT","category":"편의시설"}},{"type":"Feature","geometry":{"type":"Point","coordinates":[127.06956,37.28803]},"properties":{"id":"202637400000700995","name":"신대호수 팔각정 앞","address":"경기도 수원시 영통구 하동 999","ssid":"Public WiFi Free","provider":"KT","category":"편의시설"}},{"type":"Feature","geometry":{"type":"Point","coordinates":[127.06848,37.28873]},"properties":{"id":"202637400000700996","name":"신대호수 스텝파크 화장실 옆","address":"경기도 수원시 영통구 하동 999","ssid":"Public WiFi Free","provider":"KT","category":"편의시설"}},{"type":"Feature","geometry":{"type":"Point","coordinates":[127.07094,37.28884]},"properties":{"id":"202637400000700997","name":"신대호수 스텝파크 앞","address":"경기도 수원시 영통구 하동 999","ssid":"Public WiFi Free","provider":"KT","category":"편의시설"}},{"type":"Feature","geometry":{"type":"Point","coordinates":[126.96504,37.24751]},"properties":{"id":"202637400000700998","name":"오목호수공원","address":"경기도 수원시 오목천동 1171","ssid":"Public WiFi Free","provider":"KT","category":"편의시설"}},{"type":"Feature","geometry":{"type":"Point","coordinates":[127.01524,37.25716]},"properties":{"id":"202637400000700999","name":"세류문화공원(버드내도서관)","address":"경기도 수원시 권선구 세권로 94번길29","ssid":"Public WiFi Free","provider":"KT","category":"편의시설"}},{"type":"Feature","geometry":{"type":"Point","coordinates":[127.03851,37.29659]},"properties":{"id":"202637400000701000","name":"경기대 수원캠퍼스후문. 수원박물관(04-178)","address":"경기도 수원시 영통구 이의동 1283-4","ssid":"Public WiFi Free","provider":"KT","category":"교통시설"}},{"type":"Feature","geometry":{"type":"Point","coordinates":[127.00756,37.29861]},"properties":{"id":"202637400000701001","name":"수원시 체육회관","address":"경기도 수원시 장안구 경수대로 893 (조원동)","ssid":"Public WiFi Free","provider":"LGU+","category":"편의시설"}},{"type":"Feature","geometry":{"type":"Point","coordinates":[127.03757,37.26158]},"properties":{"id":"202637400000701002","name":"경기도문화의전당","address":"경기도 수원시 팔달구 효원로 307번길 20","ssid":"Public WiFi Free","provider":"LGU+","category":"관공서"}},{"type":"Feature","geometry":{"type":"Point","coordinates":[126.95824,37.24075]},"properties":{"id":"202637400000701003","name":"한국방송통신대학교 경기지역대학","address":"경기도 수원시 권선구 효행로 28 (오목천동)","ssid":"FREE_U+zone","provider":"LGU+","category":"교육시설"}},{"type":"Feature","geometry":{"type":"Point","coordinates":[127.02236,37.29854]},"properties":{"id":"202637400000701004","name":"경기도립중앙도서관","address":"경기도 수원시 장안구 조원로 18 (조원동)","ssid":"Public WiFi Free","provider":"LGU+","category":"교육시설"}},{"type":"Feature","geometry":{"type":"Point","coordinates":[127.01208,37.26113]},"properties":{"id":"202637400000701005","name":"버드내노인복지관","address":"경기도 수원시 권선구 권선로 564번길 36","ssid":"Public WiFi Free","provider":"SKB","category":"서민·복지시설"}},{"type":"Feature","geometry":{"type":"Point","coordinates":[126.97293,37.24775]},"properties":{"id":"202637400000701006","name":"서수원주민편익시설","address":"경기도 수원시 권선구 매송고색로 620 (고색동)","ssid":"Public WiFi Free","provider":"LGU+","category":"편의시설"}},{"type":"Feature","geometry":{"type":"Point","coordinates":[127.01963,37.27788]},"properties":{"id":"202637400000701007","name":"지동시장 A동","address":"경기도 수원시 팔달구 팔달문로 19 (지동)","ssid":"Public WiFi Free","provider":"SKB","category":"편의시설"}},{"type":"Feature","geometry":{"type":"Point","coordinates":[127.01957,37.27751]},"properties":{"id":"202637400000701008","name":"지동시장 B동(곱창타운)","address":"경기도 수원시 팔달구 팔달문로 20 (지동)","ssid":"Public WiFi Free","provider":"SKB","category":"편의시설"}},{"type":"Feature","geometry":{"type":"Point","coordinates":[127.02077,37.27603]},"properties":{"id":"202637400000701009","name":"못골종합시장","address":"경기도 수원시 팔달구 수원천로258번길 10-12 (지동)","ssid":"Public WiFi Free","provider":"SKB","category":"편의시설"}},{"type":"Feature","geometry":{"type":"Point","coordinates":[127.02017,37.2771]},"properties":{"id":"202637400000701010","name":"미나리광시장(1호,2호)","address":"경기도 수원시 팔달구 수원천로264번길 13","ssid":"Public WiFi Free","provider":"LGU+","category":"편의시설"}},{"type":"Feature","geometry":{"type":"Point","coordinates":[127.0154,37.27441]},"properties":{"id":"202637400000701011","name":"남문로데오시장","address":"경기도 수원시 팔달구 행궁로 92 (교동)","ssid":"Public WiFi Free","provider":"LGU+","category":"편의시설"}},{"type":"Feature","geometry":{"type":"Point","coordinates":[126.9974,37.29902]},"properties":{"id":"202637400000701012","name":"SK청솔노인복지관","address":"경기도 수원시 장안구 장안로 174 (정자동)","ssid":"Public WiFi Free","provider":"KT","category":"서민·복지시설"}},{"type":"Feature","geometry":{"type":"Point","coordinates":[127.00728,37.29039]},"properties":{"id":"202637400000701013","name":"사랑을나누는집","address":"경기도 수원시 장안구 수성로304번길 35-23 (영화동)","ssid":"Public WiFi Free","provider":"SKB","category":"서민·복지시설"}},{"type":"Feature","geometry":{"type":"Point","coordinates":[127.02039,37.31855]},"properties":{"id":"202637400000701014","name":"경동원","address":"경기도 수원시 장안구 광교산로374번길 55 (하광교동)","ssid":"Public WiFi Free","provider":"SKB","category":"서민·복지시설"}},{"type":"Feature","geometry":{"type":"Point","coordinates":[126.97619,37.2785]},"properties":{"id":"202637400000701015","name":"서호노인복지관_1","address":"경기도 수원시 권선구 구운로4번길 34 (구운동)","ssid":"Public WiFi Free","provider":"SKB","category":"서민·복지시설"}},{"type":"Feature","geometry":{"type":"Point","coordinates":[126.99923,37.29496]},"properties":{"id":"202637400000701016","name":"장안청소년문화의집","address":"경기도 수원시 장안구 수성로275번길 144 (정자동)","ssid":"Public WiFi Free","provider":"SKB","category":"서민·복지시설"}},{"type":"Feature","geometry":{"type":"Point","coordinates":[126.97516,37.32417]},"properties":{"id":"202637400000701017","name":"바다의별","address":"경기도 수원시 장안구 장안로458번길 142 (이목동)","ssid":"Public WiFi Free","provider":"LGU+","category":"서민·복지시설"}},{"type":"Feature","geometry":{"type":"Point","coordinates":[126.97516,37.32417]},"properties":{"id":"202637400000701018","name":"바다의별 직업재활센터","address":"경기도 수원시 장안구 장안로458번길 142 (이목동)","ssid":"Public WiFi Free","provider":"LGU+","category":"서민·복지시설"}},{"type":"Feature","geometry":{"type":"Point","coordinates":[126.97716,37.26497]},"properties":{"id":"202637400000701019","name":"수봉재활원","address":"경기도 수원시 권선구 수봉로 43 (탑동)","ssid":"Public WiFi Free","provider":"LGU+","category":"서민·복지시설"}},{"type":"Feature","geometry":{"type":"Point","coordinates":[126.97716,37.26497]},"properties":{"id":"202637400000701020","name":"자혜직업재활센터","address":"경기도 수원시 권선구 수봉로 43 (탑동)","ssid":"Public WiFi Free","provider":"LGU+","category":"서민·복지시설"}},{"type":"Feature","geometry":{"type":"Point","coordinates":[127.00114,37.27346]},"properties":{"id":"202637400000701021","name":"고등동 행정복지센터","address":"경기도 수원시 팔달구 고등로 37 (고등동)","ssid":"PublicWiFi@Suwon","provider":"KT","category":"관공서"}},{"type":"Feature","geometry":{"type":"Point","coordinates":[127.01811,37.27562]},"properties":{"id":"202637400000701022","name":"남문패션1번가시장","address":"경기도 수원시 팔달구 정조로 758번길 24 (영동)","ssid":"Public WiFi Free","provider":"KT","category":"편의시설"}},{"type":"Feature","geometry":{"type":"Point","coordinates":[127.04313,37.2727]},"properties":{"id":"202637400000701023","name":"구매탄시장","address":"경기도 수원시 영통구 매탄동 172-105","ssid":"Public WiFi Free","provider":"KT","category":"편의시설"}},{"type":"Feature","geometry":{"type":"Point","coordinates":[126.99253,37.3075]},"properties":{"id":"202637400000701024","name":"파장시장","address":"경기도 수원시 장안구 파장로68번길 36 (파장동)","ssid":"Public WiFi Free","provider":"LGU+","category":"편의시설"}},{"type":"Feature","geometry":{"type":"Point","coordinates":[127.01338,37.29138]},"properties":{"id":"202637400000701025","name":"장안문거북시장","address":"경기도 수원시 장안구 수성로364번길 53 (영화동)","ssid":"Public WiFi Free","provider":"LGU+","category":"편의시설"}},{"type":"Feature","geometry":{"type":"Point","coordinates":[127.03424,37.29255]},"properties":{"id":"202637400000701026","name":"우만종합사회복지관","address":"경기도 수원시 팔달구 창룡대로210번길 13","ssid":"Public WiFi Free","provider":"KT","category":"서민·복지시설"}},{"type":"Feature","geometry":{"type":"Point","coordinates":[127.03501,37.27363]},"properties":{"id":"202637400000701027","name":"수원청소년문화센터","address":"경기도 수원시 팔달구 권광로 293","ssid":"Public WiFi Free","provider":"KT","category":"서민·복지시설"}},{"type":"Feature","geometry":{"type":"Point","coordinates":[127.05319,37.2864]},"properties":{"id":"202637400000701028","name":"광교청소년수련관","address":"경기도 수원시 영통구 도청로 17번길 24","ssid":"Public WiFi Free","provider":"KT","category":"서민·복지시설"}},{"type":"Feature","geometry":{"type":"Point","coordinates":[127.02326,37.25115]},"properties":{"id":"202637400000701029","name":"권선청소년수련관","address":"경기도 수원시 권선구 덕영대로 1201번길 42","ssid":"Public WiFi Free","provider":"KT","category":"서민·복지시설"}},{"type":"Feature","geometry":{"type":"Point","coordinates":[127.03437,37.2493]},"properties":{"id":"202637400000701030","name":"수원시여성문화공간-休","address":"경기도 수원시 권선구 동수원로 224번길 10 (권선동)","ssid":"Public WiFi Free","provider":"KT","category":"서민·복지시설"}},{"type":"Feature","geometry":{"type":"Point","coordinates":[127.028,37.29134]},"properties":{"id":"202637400000701031","name":"수원시평생학습관","address":"경기도 수원시  팔달구 월드컵로 381번길 2","ssid":"Public WiFi Free","provider":"KT","category":"서민·복지시설"}},{"type":"Feature","geometry":{"type":"Point","coordinates":[127.03372,37.25925]},"properties":{"id":"202637400000701032","name":"경기도여성비전센터","address":"경기도 수원시  팔달구 효원로308번길 34 (인계동)","ssid":"Public WiFi Free","provider":"LGU+","category":"서민·복지시설"}},{"type":"Feature","geometry":{"type":"Point","coordinates":[127.00756,37.29861]},"properties":{"id":"202637400000701033","name":"수원국민체육센터_1","address":"경기도 수원시 장안구 경수대로 893 (조원동)","ssid":"Public WiFi Free","provider":"KT","category":"편의시설"}},{"type":"Feature","geometry":{"type":"Point","coordinates":[127.00275,37.27587]},"properties":{"id":"202637400000701034","name":"수원여고.농천교회(03028)","address":"경기도 수원시 팔달구 고등로33번길 33 (고등동)","ssid":"PublicWiFi@Suwon","provider":"KT","category":"교통시설"}},{"type":"Feature","geometry":{"type":"Point","coordinates":[127.00111,37.27178]},"properties":{"id":"202637400000701035","name":"고등동삼거리(03018)","address":"경기도 수원시 팔달구 고등동 220-4","ssid":"PublicWiFi@Suwon","provider":"KT","category":"교통시설"}},{"type":"Feature","geometry":{"type":"Point","coordinates":[126.97314,37.24106]},"properties":{"id":"202637400000701036","name":"오목천공원","address":"경기도 수원시 권선구 오목천로 96 (고색동)","ssid":"PublicWiFi@Suwon","provider":"KT","category":"편의시설"}},{"type":"Feature","geometry":{"type":"Point","coordinates":[127.01492,37.28102]},"properties":{"id":"202637400000701037","name":"화성문화재단 옥상","address":"경기도 수원시 팔달구 행궁로 11","ssid":"PublicWiFi@Suwon","provider":"KT","category":"기타"}},{"type":"Feature","geometry":{"type":"Point","coordinates":[127.01576,37.27696]},"properties":{"id":"202637400000701038","name":"행궁동 청개구리 연못","address":"경기도 수원시 팔달구 행궁로 63","ssid":"PublicWiFi@Suwon","provider":"KT","category":"기타"}},{"type":"Feature","geometry":{"type":"Point","coordinates":[127.01577,37.27531]},"properties":{"id":"202637400000701039","name":"송산주차장 앞","address":"경기도 수원시 팔달구 정조로 751-12","ssid":"PublicWiFi@Suwon","provider":"KT","category":"기타"}},{"type":"Feature","geometry":{"type":"Point","coordinates":[127.01349,37.27201]},"properties":{"id":"202637400000701040","name":"수원 가족여성회관 뒤 휴식공간","address":"경기도 수원시 팔달구 향교로 122","ssid":"PublicWiFi@Suwon","provider":"KT","category":"기타"}},{"type":"Feature","geometry":{"type":"Point","coordinates":[127.01193,37.27504]},"properties":{"id":"202637400000701041","name":"중동사거리 광장","address":"경기도 수원시 팔달구 향교로 161","ssid":"PublicWiFi@Suwon","provider":"KT","category":"기타"}},{"type":"Feature","geometry":{"type":"Point","coordinates":[127.01628,37.27738]},"properties":{"id":"202637400000701042","name":"팔달문(03133)","address":"경기도 수원시 팔달구 정조로 775","ssid":"PublicWiFi@Suwon","provider":"KT","category":"교통시설"}},{"type":"Feature","geometry":{"type":"Point","coordinates":[126.99229,37.25883]},"properties":{"id":"202637400000701043","name":"수원 선경산업관","address":"경기도 수원시 권선구 평동 183","ssid":"PublicWiFi@Suwon","provider":"KT","category":"편의시설"}},{"type":"Feature","geometry":{"type":"Point","coordinates":[127.0182,37.3361]},"properties":{"id":"202637400000701044","name":"문화향수의집","address":"경기도 수원시 장안구 광교산로 602-37 (상광교동)","ssid":"PublicWiFi@Suwon","provider":"KT","category":"편의시설"}},{"type":"Feature","geometry":{"type":"Point","coordinates":[126.95426,37.26883]},"properties":{"id":"202637400000701045","name":"신미주아파트(02875)","address":"경기도 수원시 권선구 금호로15번길 6","ssid":"Public WiFi Free","provider":"KT","category":"교통시설"}},{"type":"Feature","geometry":{"type":"Point","coordinates":[126.95796,37.26975]},"properties":{"id":"202637400000701046","name":"삼익아파트(02038)","address":"경기도 수원시 권선구 금호로 60","ssid":"Public WiFi Free","provider":"KT","category":"교통시설"}},{"type":"Feature","geometry":{"type":"Point","coordinates":[127.01815,37.27513]},"properties":{"id":"202637400000701047","name":"녹산문고앞(03137)","address":"경기도 수원시 팔달구 중부대로 14","ssid":"Public WiFi Free","provider":"KT","category":"교통시설"}},{"type":"Feature","geometry":{"type":"Point","coordinates":[126.99228,37.28986]},"properties":{"id":"202637400000701048","name":"수원시 복합문화공간 111CM","address":"경기도 수원시 장안구 정자동 111-19","ssid":"Public WiFi Free","provider":"KT","category":"서민·복지시설"}},{"type":"Feature","geometry":{"type":"Point","coordinates":[127.06383,37.27523]},"properties":{"id":"202637400000701049","name":"광교호수공원 관리사무소 옥상","address":"경기도 수원시 영통구 광교호수공원로 102 (하동)","ssid":"Public WiFi Free","provider":"KT","category":"편의시설"}},{"type":"Feature","geometry":{"type":"Point","coordinates":[127.01159,37.28754]},"properties":{"id":"202637400000701050","name":"장안공원","address":"경기도 수원시 장안구 팔달로 238 (영화동)","ssid":"Public WiFi Free","provider":"KT","category":"편의시설"}},{"type":"Feature","geometry":{"type":"Point","coordinates":[127.04117,37.24742]},"properties":{"id":"202637400000701051","name":"신동 수변공원","address":"경기도 수원시 영통구 신동 551-1","ssid":"Public WiFi Free","provider":"KT","category":"편의시설"}},{"type":"Feature","geometry":{"type":"Point","coordinates":[127.04565,37.24092]},"properties":{"id":"202637400000701052","name":"글빛누리공원","address":"경기도 수원시 영통구 동탄지성로 549-15","ssid":"Public WiFi Free","provider":"KT","category":"편의시설"}},{"type":"Feature","geometry":{"type":"Point","coordinates":[126.97303,37.30172]},"properties":{"id":"202637400000701053","name":"성균관대역.고용노동부경기지청.율전성당(01262)","address":"경기도 수원시 장안구 천천동 575-4","ssid":"Public WiFi Free","provider":"KT","category":"교통시설"}},{"type":"Feature","geometry":{"type":"Point","coordinates":[127.0148,37.2796]},"properties":{"id":"202637400000701054","name":"남창동 열린문화 공간(후소)","address":"경기도 수원시 팔달구 남창동 99-28","ssid":"Public WiFi Free","provider":"KT","category":"서민·복지시설"}},{"type":"Feature","geometry":{"type":"Point","coordinates":[126.97978,37.26499]},"properties":{"id":"202637400000701055","name":"수원 탑동 시민농장","address":"경기도 수원시 권선구 서둔로 155","ssid":"Public WiFi Free","provider":"KT","category":"기타"}},{"type":"Feature","geometry":{"type":"Point","coordinates":[127.08454,37.28934]},"properties":{"id":"202637400000701056","name":"수원시 연화장 승화원","address":"경기도 수원시 영통구 광교호수로278","ssid":"Public WiFi Free","provider":"KT","category":"서민·복지시설"}},{"type":"Feature","geometry":{"type":"Point","coordinates":[127.08439,37.28995]},"properties":{"id":"202637400000701057","name":"수원시 연화장 장례식장","address":"경기도 수원시 영통구 광교호수로278","ssid":"Public WiFi Free","provider":"KT","category":"서민·복지시설"}},{"type":"Feature","geometry":{"type":"Point","coordinates":[127.08315,37.29159]},"properties":{"id":"202637400000701058","name":"수원시 연화장 추모의집","address":"경기도 수원시 영통구 광교호수로278","ssid":"Public WiFi Free","provider":"KT","category":"서민·복지시설"}},{"type":"Feature","geometry":{"type":"Point","coordinates":[127.02847,37.28204]},"properties":{"id":"202637400000701059","name":"지동 행정복지센터","address":"경기도 수원시 팔달구 팔달문로115번길 5 (지동)","ssid":"PublicWiFi@Suwon","provider":"KT","category":"관공서"}},{"type":"Feature","geometry":{"type":"Point","coordinates":[126.94287,37.29228]},"properties":{"id":"202637400000701060","name":"당수체육공원","address":"경기도 수원시 권선구 당수로 235","ssid":"PublicWiFi@Suwon","provider":"KT","category":"편의시설"}},{"type":"Feature","geometry":{"type":"Point","coordinates":[127.01507,37.2814]},"properties":{"id":"202637400000701061","name":"행궁광장 안내소","address":"경기도 수원시 팔달구 남창동34-1","ssid":"PublicWiFi@Suwon","provider":"KT","category":"관광"}},{"type":"Feature","geometry":{"type":"Point","coordinates":[127.01006,37.28528]},"properties":{"id":"202637400000701062","name":"수원화성 화서문 일원","address":"경기도 수원시 팔달구 장안동 334","ssid":"PublicWiFi@Suwon","provider":"KT","category":"관광"}},{"type":"Feature","geometry":{"type":"Point","coordinates":[127.01384,37.28763]},"properties":{"id":"202637400000701063","name":"수원화성 장안문 관광안내소","address":"경기도 수원시 팔달구 정조로 901 (장안동)","ssid":"PublicWiFi@Suwon","provider":"KT","category":"관광"}},{"type":"Feature","geometry":{"type":"Point","coordinates":[127.01384,37.28763]},"properties":{"id":"202637400000701064","name":"수원화성 장안문","address":"경기도 수원시 팔달구 정조로 901 (장안동)","ssid":"PublicWiFi@Suwon","provider":"KT","category":"관광"}},{"type":"Feature","geometry":{"type":"Point","coordinates":[127.01439,37.28763]},"properties":{"id":"202637400000701065","name":"수원전통문화관","address":"경기도 수원시 팔달구 정조로 893 (장안동)","ssid":"PublicWiFi@Suwon","provider":"KT","category":"관광"}},{"type":"Feature","geometry":{"type":"Point","coordinates":[127.01704,37.28733]},"properties":{"id":"202637400000701066","name":"수원화성 화홍문","address":"경기도 수원시 팔달구 북수동 90-1","ssid":"PublicWiFi@Suwon","provider":"KT","category":"관광"}},{"type":"Feature","geometry":{"type":"Point","coordinates":[127.01815,37.28764]},"properties":{"id":"202637400000701067","name":"수원화성 방화수류정","address":"경기도 수원시팔달구 수원천로392번길 44-6","ssid":"PublicWiFi@Suwon","provider":"KT","category":"관광"}},{"type":"Feature","geometry":{"type":"Point","coordinates":[127.02415,37.28894]},"properties":{"id":"202637400000701068","name":"수원화성 연무대","address":"경기도 수원시 팔달구 매향동 1-7","ssid":"PublicWiFi@Suwon","provider":"KT","category":"관광"}},{"type":"Feature","geometry":{"type":"Point","coordinates":[127.02481,37.28598]},"properties":{"id":"202637400000701069","name":"수원화성 동일포루","address":"경기도 수원시 팔달구 남수동 11-55","ssid":"PublicWiFi@Suwon","provider":"KT","category":"관광"}},{"type":"Feature","geometry":{"type":"Point","coordinates":[127.02292,37.28363]},"properties":{"id":"202637400000701070","name":"수원화성 동포루","address":"경기도 수원시 팔달구 남수동 11-55","ssid":"PublicWiFi@Suwon","provider":"KT","category":"관광"}},{"type":"Feature","geometry":{"type":"Point","coordinates":[127.02163,37.28137]},"properties":{"id":"202637400000701071","name":"수원화성 봉돈","address":"경기도 수원시 팔달구 지동 294-1","ssid":"PublicWiFi@Suwon","provider":"KT","category":"관광"}},{"type":"Feature","geometry":{"type":"Point","coordinates":[127.02242,37.28766]},"properties":{"id":"202637400000701072","name":"수원화성 동암문","address":"경기도 수원시 팔달구 매향동 153-1","ssid":"PublicWiFi@Suwon","provider":"KT","category":"관광"}},{"type":"Feature","geometry":{"type":"Point","coordinates":[127.02443,37.28936]},"properties":{"id":"202637400000701073","name":"수원화성 동북공심돈","address":"경기도 수원시 팔달구 매향동 157","ssid":"PublicWiFi@Suwon","provider":"KT","category":"관광"}},{"type":"Feature","geometry":{"type":"Point","coordinates":[127.02428,37.28901]},"properties":{"id":"202637400000701074","name":"연무대 국궁체험장","address":"경기도 수원시 팔달구 창룡대로 105 (매향동)","ssid":"PublicWiFi@Suwon","provider":"KT","category":"관광"}},{"type":"Feature","geometry":{"type":"Point","coordinates":[127.02411,37.28776]},"properties":{"id":"202637400000701075","name":"수원화성 창룡문","address":"경기도 수원시 팔달구 매향동 2","ssid":"PublicWiFi@Suwon","provider":"KT","category":"관광"}},{"type":"Feature","geometry":{"type":"Point","coordinates":[127.0148,37.28326]},"properties":{"id":"202637400000701076","name":"행궁동 왕의골목_1(신풍로)","address":"경기도 수원시 팔달구 신풍로 25 (신풍동)","ssid":"PublicWiFi@Suwon","provider":"KT","category":"기타"}},{"type":"Feature","geometry":{"type":"Point","coordinates":[127.0148,37.28326]},"properties":{"id":"202637400000701077","name":"행궁동 왕의골목_2(신풍로)","address":"경기도 수원시 팔달구 신풍로 25 (신풍동)","ssid":"PublicWiFi@Suwon","provider":"KT","category":"기타"}},{"type":"Feature","geometry":{"type":"Point","coordinates":[127.01445,37.28455]},"properties":{"id":"202637400000701078","name":"행궁동 왕의골목_3(신풍로)","address":"경기도 수원시 팔달구 신풍동 363-3","ssid":"PublicWiFi@Suwon","provider":"KT","category":"기타"}},{"type":"Feature","geometry":{"type":"Point","coordinates":[127.01445,37.28455]},"properties":{"id":"202637400000701079","name":"행궁동 왕의골목_4(신풍로)","address":"경기도 수원시 팔달구 신풍동 363-3","ssid":"PublicWiFi@Suwon","provider":"KT","category":"기타"}},{"type":"Feature","geometry":{"type":"Point","coordinates":[127.0136,37.2868]},"properties":{"id":"202637400000701080","name":"행궁동 왕의골목_5(신풍로)","address":"경기도 수원시 팔달구 신풍로 66 (장안동)","ssid":"PublicWiFi@Suwon","provider":"KT","category":"기타"}},{"type":"Feature","geometry":{"type":"Point","coordinates":[127.01286,37.28505]},"properties":{"id":"202637400000701081","name":"행궁동 행리단길_1","address":"경기도 수원시 팔달구 화서문로 24-1 (신풍동)","ssid":"PublicWiFi@Suwon","provider":"KT","category":"기타"}},{"type":"Feature","geometry":{"type":"Point","coordinates":[127.01286,37.28505]},"properties":{"id":"202637400000701082","name":"행궁동 행리단길_2","address":"경기도 수원시 팔달구 화서문로 24-1 (신풍동)","ssid":"PublicWiFi@Suwon","provider":"KT","category":"기타"}},{"type":"Feature","geometry":{"type":"Point","coordinates":[127.01135,37.28525]},"properties":{"id":"202637400000701083","name":"행궁동 행리단길_3","address":"경기도 수원시 팔달구 화서문로31번길 6 (장안동)","ssid":"PublicWiFi@Suwon","provider":"KT","category":"기타"}},{"type":"Feature","geometry":{"type":"Point","coordinates":[127.01409,37.28572]},"properties":{"id":"202637400000701084","name":"행궁동 행리단길_4","address":"경기도 수원시 팔달구 신풍로 52 (장안동)","ssid":"PublicWiFi@Suwon","provider":"KT","category":"기타"}},{"type":"Feature","geometry":{"type":"Point","coordinates":[127.01409,37.28572]},"properties":{"id":"202637400000701085","name":"행궁동 행리단길_5","address":"경기도 수원시 팔달구 신풍로 52 (장안동)","ssid":"PublicWiFi@Suwon","provider":"KT","category":"기타"}},{"type":"Feature","geometry":{"type":"Point","coordinates":[127.0122,37.28372]},"properties":{"id":"202637400000701086","name":"행궁동 행정복지센터 앞","address":"경기도 수원시 팔달구 신풍동 산3","ssid":"PublicWiFi@Suwon","provider":"KT","category":"기타"}},{"type":"Feature","geometry":{"type":"Point","coordinates":[127.02277,37.28762]},"properties":{"id":"202637400000701087","name":"연무초등학교 앞","address":"경기도 수원시 팔달구 매향동 6-3","ssid":"PublicWiFi@Suwon","provider":"KT","category":"기타"}},{"type":"Feature","geometry":{"type":"Point","coordinates":[127.01763,37.27883]},"properties":{"id":"202637400000701088","name":"수원통닭거리","address":"경기도 수원시 팔달구 팔달문로3번길 27 (팔달로2가)","ssid":"PublicWiFi@Suwon","provider":"KT","category":"기타"}},{"type":"Feature","geometry":{"type":"Point","coordinates":[127.01586,37.27559]},"properties":{"id":"202637400000701089","name":"수원로데오거리_1","address":"경기도 수원시 팔달구 정조로 751-12 (팔달로3가)","ssid":"PublicWiFi@Suwon","provider":"KT","category":"기타"}},{"type":"Feature","geometry":{"type":"Point","coordinates":[127.01592,37.27412]},"properties":{"id":"202637400000701090","name":"수원로데오거리_2","address":"경기도 수원시 팔달구 향교로 154 (중동)","ssid":"PublicWiFi@Suwon","provider":"KT","category":"기타"}},{"type":"Feature","geometry":{"type":"Point","coordinates":[127.0149,37.28031]},"properties":{"id":"202637400000701091","name":"수원 공방거리_1","address":"경기도 수원시 팔달구 행궁로 25 (남창동)","ssid":"PublicWiFi@Suwon","provider":"KT","category":"기타"}},{"type":"Feature","geometry":{"type":"Point","coordinates":[127.0149,37.28031]},"properties":{"id":"202637400000701092","name":"수원 공방거리_2","address":"경기도 수원시 팔달구 행궁로 25 (남창동)","ssid":"PublicWiFi@Suwon","provider":"KT","category":"기타"}},{"type":"Feature","geometry":{"type":"Point","coordinates":[127.01509,37.27888]},"properties":{"id":"202637400000701093","name":"수원 공방거리_3","address":"경기도 수원시 팔달구 남창동 121-5","ssid":"PublicWiFi@Suwon","provider":"KT","category":"기타"}},{"type":"Feature","geometry":{"type":"Point","coordinates":[127.01508,37.27843]},"properties":{"id":"202637400000701094","name":"수원 공방거리_4","address":"경기도 수원시 팔달구 남창동 130-2","ssid":"PublicWiFi@Suwon","provider":"KT","category":"기타"}},{"type":"Feature","geometry":{"type":"Point","coordinates":[127.01565,37.27761]},"properties":{"id":"202637400000701095","name":"수원 공방거리_5","address":"경기도 수원시 팔달구 행궁로 55 (팔달로2가)","ssid":"PublicWiFi@Suwon","provider":"KT","category":"기타"}},{"type":"Feature","geometry":{"type":"Point","coordinates":[127.01565,37.27761]},"properties":{"id":"202637400000701096","name":"수원 공방거리_6","address":"경기도 수원시 팔달구 행궁로 55 (팔달로2가)","ssid":"PublicWiFi@Suwon","provider":"KT","category":"기타"}},{"type":"Feature","geometry":{"type":"Point","coordinates":[127.01565,37.27761]},"properties":{"id":"202637400000701097","name":"수원로데오거리_3","address":"경기도 수원시 팔달구 행궁로 55 (팔달로2가)","ssid":"PublicWiFi@Suwon","provider":"KT","category":"기타"}},{"type":"Feature","geometry":{"type":"Point","coordinates":[127.01758,37.27833]},"properties":{"id":"202637400000701098","name":"팔달문_1(03056)","address":"경기도 수원시 팔달구 정조로 782","ssid":"PublicWiFi@Suwon","provider":"KT","category":"교통시설"}},{"type":"Feature","geometry":{"type":"Point","coordinates":[127.01894,37.28197]},"properties":{"id":"202637400000701099","name":"팔달구청.수원화성박물관(03060)","address":"경기도 수원시 팔달구 창룡대로 21 (매향동)","ssid":"PublicWiFi@Suwon","provider":"KT","category":"교통시설"}},{"type":"Feature","geometry":{"type":"Point","coordinates":[127.00921,37.28614]},"properties":{"id":"202637400000701100","name":"화서문.장안공원(01258)","address":"경기도 수원시 장안구 영화동 371-99","ssid":"PublicWiFi@Suwon","provider":"KT","category":"교통시설"}},{"type":"Feature","geometry":{"type":"Point","coordinates":[127.01894,37.28197]},"properties":{"id":"202637400000701101","name":"팔달구청 광장","address":"경기도 수원시 팔달구 창룡대로 23 (매향동)","ssid":"PublicWiFi@Suwon","provider":"KT","category":"관공서"}},{"type":"Feature","geometry":{"type":"Point","coordinates":[127.01693,37.27688]},"properties":{"id":"202637400000701102","name":"팔달문시장_1","address":"경기도 수원시 팔달구 정조로 772 (팔달로3가)","ssid":"PublicWiFi@Suwon","provider":"KT","category":"편의시설"}},{"type":"Feature","geometry":{"type":"Point","coordinates":[127.01771,37.27631]},"properties":{"id":"202637400000701103","name":"팔달문시장_2","address":"경기도 수원시 팔달구 정조로764번길 15 (영동)","ssid":"PublicWiFi@Suwon","provider":"KT","category":"편의시설"}},{"type":"Feature","geometry":{"type":"Point","coordinates":[127.01771,37.27631]},"properties":{"id":"202637400000701104","name":"팔달문시장_3","address":"경기도 수원시 팔달구 정조로764번길 15 (영동)","ssid":"PublicWiFi@Suwon","provider":"KT","category":"편의시설"}},{"type":"Feature","geometry":{"type":"Point","coordinates":[127.01755,37.27671]},"properties":{"id":"202637400000701105","name":"팔달문시장_4","address":"경기도 수원시 팔달구 팔달로3가 27-1","ssid":"PublicWiFi@Suwon","provider":"KT","category":"편의시설"}},{"type":"Feature","geometry":{"type":"Point","coordinates":[127.01754,37.27712]},"properties":{"id":"202637400000701106","name":"팔달문시장_5","address":"경기도 수원시 팔달구 정조로776번길 8 (팔달로3가)","ssid":"PublicWiFi@Suwon","provider":"KT","category":"편의시설"}},{"type":"Feature","geometry":{"type":"Point","coordinates":[127.02866,37.26345]},"properties":{"id":"202637400000701107","name":"시청 종합민원실","address":"경기도 수원시 팔달구 효원로 241 (인계동)","ssid":"PublicWiFi@Suwon","provider":"KT","category":"관공서"}},{"type":"Feature","geometry":{"type":"Point","coordinates":[127.00677,37.30022]},"properties":{"id":"202637400000701108","name":"송죽동 행정복지센터","address":"경기도 수원시 장안구 송원로41번길 16-21 (송죽동)","ssid":"PublicWiFi@Suwon","provider":"KT","category":"관공서"}},{"type":"Feature","geometry":{"type":"Point","coordinates":[127.01316,37.25325]},"properties":{"id":"202637400000701109","name":"세류2동 행정복지센터","address":"경기도 수원시 권선구 덕영대로 1107 (세류동)","ssid":"PublicWiFi@Suwon","provider":"KT","category":"관공서"}},{"type":"Feature","geometry":{"type":"Point","coordinates":[126.95704,37.26625]},"properties":{"id":"202637400000701110","name":"호매실동 행정복지센터","address":"경기도 수원시 권선구 칠보로 161 (호매실동)","ssid":"PublicWiFi@Suwon","provider":"KT","category":"관공서"}},{"type":"Feature","geometry":{"type":"Point","coordinates":[127.02866,37.26852]},"properties":{"id":"202637400000701111","name":"인계동 행정복지센터","address":"경기도 수원시 팔달구 인계로29번길 6 (인계동)","ssid":"PublicWiFi@Suwon","provider":"KT","category":"관공서"}},{"type":"Feature","geometry":{"type":"Point","coordinates":[127.04051,37.27052]},"properties":{"id":"202637400000701112","name":"매탄1동 행정복지센터","address":"경기도 수원시 영통구 인계로189번길 119 (매탄동)","ssid":"PublicWiFi@Suwon","provider":"KT","category":"관공서"}},{"type":"Feature","geometry":{"type":"Point","coordinates":[127.0029,37.26768]},"properties":{"id":"202637400000701113","name":"매산동 어울림센터","address":"경기도 수원시 팔달구 매산로 13-4 (매산로1가)","ssid":"PublicWiFi@Suwon","provider":"KT","category":"관공서"}},{"type":"Feature","geometry":{"type":"Point","coordinates":[126.9999,37.27289]},"properties":{"id":"202637400000701114","name":"고등동행정복지센터. 쌍우물어린이공원(03021)","address":"경기도 수원시 팔달구 고등동 156-40","ssid":"PublicWiFi@Suwon","provider":"KT","category":"교통시설"}},{"type":"Feature","geometry":{"type":"Point","coordinates":[126.99328,37.29562]},"properties":{"id":"202637400000701115","name":"정자동중심상가(01084) 스마트정류장","address":"경기도 수원시 장안구 정자동 877-8","ssid":"PublicWiFi@Suwon","provider":"KT","category":"교통시설"}},{"type":"Feature","geometry":{"type":"Point","coordinates":[126.95611,37.27443]},"properties":{"id":"202637400000701116","name":"홈플러스 서수원점(02864) 스마트정류장","address":"경기도 수원시 권선구 금곡동 1116-2","ssid":"PublicWiFi@Suwon","provider":"KT","category":"교통시설"}},{"type":"Feature","geometry":{"type":"Point","coordinates":[127.02111,37.24909]},"properties":{"id":"202637400000701117","name":"수원버스터미널(02224) 스마트정류장","address":"경기도 수원시 권선구 권선동 341-14","ssid":"PublicWiFi@Suwon","provider":"KT","category":"교통시설"}},{"type":"Feature","geometry":{"type":"Point","coordinates":[127.05553,37.246]},"properties":{"id":"202637400000701118","name":"영통2동 행정복지센터(04325) 스마트정류장","address":"경기도 수원시 영통구 영통동 979-8","ssid":"PublicWiFi@Suwon","provider":"KT","category":"교통시설"}},{"type":"Feature","geometry":{"type":"Point","coordinates":[127.03242,37.26374]},"properties":{"id":"202637400000701119","name":"수원시청역8번출구.헌혈의집(03090) 스마트정류장","address":"경기도 수원시 팔달구 권광로180번길 1-2 (인계동)","ssid":"PublicWiFi@Suwon","provider":"KT","category":"교통시설"}},{"type":"Feature","geometry":{"type":"Point","coordinates":[127.07448,37.25387]},"properties":{"id":"202637400000701120","name":"영통역(04150) 스마트정류장","address":"경기도 수원시 영통구 봉영로 1606","ssid":"Public WiFi Free","provider":"KT","category":"교통시설"}},{"type":"Feature","geometry":{"type":"Point","coordinates":[127.00208,37.2739]},"properties":{"id":"202637400000701121","name":"고등동사거리.고등동행정복지센터(03026)","address":"경기도 수원시 팔달구 고등동 148-6","ssid":"PublicWiFi@Suwon","provider":"KT","category":"교통시설"}},{"type":"Feature","geometry":{"type":"Point","coordinates":[127.04372,37.27864]},"properties":{"id":"202637400000701122","name":"아주대.아주대병원입구.한국자산관리공사(03126)","address":"경기도 수원시 영통구 원천동 19-18","ssid":"PublicWiFi@Suwon","provider":"KT","category":"교통시설"}},{"type":"Feature","geometry":{"type":"Point","coordinates":[127.03029,37.24691]},"properties":{"id":"202637400000701123","name":"수원아이파크시티.선일초교(02959) 스마트정류장","address":"경기도 수원시 권선구 권선동 1368-1","ssid":"PublicWiFi@Suwon","provider":"KT","category":"교통시설"}},{"type":"Feature","geometry":{"type":"Point","coordinates":[127.00847,37.30028]},"properties":{"id":"202637400000701124","name":"수원KT위즈파크(01131) 스마트정류장","address":"경기도 수원시 장안구 조원동 825","ssid":"PublicWiFi@Suwon","provider":"KT","category":"교통시설"}},{"type":"Feature","geometry":{"type":"Point","coordinates":[127.05392,37.28623]},"properties":{"id":"202637400000701125","name":"광교청소년수련관_1","address":"경기도 수원시 영통구 도청로17번길 24","ssid":"PublicWiFi@Suwon","provider":"LGU+","category":"서민·복지시설"}},{"type":"Feature","geometry":{"type":"Point","coordinates":[127.05392,37.28623]},"properties":{"id":"202637400000701126","name":"광교청소년수련관_2","address":"경기도 수원시 영통구 도청로17번길 24","ssid":"PublicWiFi@Suwon","provider":"LGU+","category":"서민·복지시설"}},{"type":"Feature","geometry":{"type":"Point","coordinates":[127.05392,37.28623]},"properties":{"id":"202637400000701127","name":"광교청소년수련관_3","address":"경기도 수원시 영통구 도청로17번길 24","ssid":"PublicWiFi@Suwon","provider":"LGU+","category":"서민·복지시설"}},{"type":"Feature","geometry":{"type":"Point","coordinates":[126.99929,37.29485]},"properties":{"id":"202637400000701128","name":"장안청소년문화의집 지하1층","address":"경기도 수원시 장안구 수성로275번길 114","ssid":"PublicWiFi@Suwon","provider":"LGU+","category":"서민·복지시설"}},{"type":"Feature","geometry":{"type":"Point","coordinates":[126.99929,37.29485]},"properties":{"id":"202637400000701129","name":"장안청소년문화의집 1층","address":"경기도 수원시 장안구 수성로275번길 114","ssid":"PublicWiFi@Suwon","provider":"LGU+","category":"서민·복지시설"}},{"type":"Feature","geometry":{"type":"Point","coordinates":[126.99929,37.29485]},"properties":{"id":"202637400000701130","name":"장안청소년문화의집 2층","address":"경기도 수원시 장안구 수성로275번길 114","ssid":"PublicWiFi@Suwon","provider":"LGU+","category":"서민·복지시설"}},{"type":"Feature","geometry":{"type":"Point","coordinates":[127.03471,37.27426]},"properties":{"id":"202637400000701131","name":"수원시 청소년 문화센터 새천년 수영장","address":"경기도 수원시 팔달구 권광로 293","ssid":"PublicWiFi@Suwon","provider":"LGU+","category":"서민·복지시설"}},{"type":"Feature","geometry":{"type":"Point","coordinates":[126.9948,37.3084]},"properties":{"id":"202637400000701132","name":"자유공간2호_파장동","address":"경기도 수원시 장안구 경수대로1073번길 11","ssid":"PublicWiFi@Suwon","provider":"LGU+","category":"서민·복지시설"}},{"type":"Feature","geometry":{"type":"Point","coordinates":[127.00683,37.25765]},"properties":{"id":"202637400000701133","name":"자유공간3호_세류중","address":"경기도 수원시 권선구 덕영대로1031번길 6","ssid":"PublicWiFi@Suwon","provider":"LGU+","category":"서민·복지시설"}},{"type":"Feature","geometry":{"type":"Point","coordinates":[126.98108,37.25352]},"properties":{"id":"202637400000701134","name":"자유공간4호_고색중","address":"경기도 수원시 권선구 매송고색로711번길 50","ssid":"PublicWiFi@Suwon","provider":"LGU+","category":"서민·복지시설"}},{"type":"Feature","geometry":{"type":"Point","coordinates":[127.00054,37.28731]},"properties":{"id":"202637400000701135","name":"자유공간5호_제일중","address":"경기도 수원시 팔달구 수성로244번길 37-52","ssid":"PublicWiFi@Suwon","provider":"LGU+","category":"서민·복지시설"}},{"type":"Feature","geometry":{"type":"Point","coordinates":[127.00278,37.29742]},"properties":{"id":"202637400000701136","name":"자유공간6호_송원중","address":"경기도 수원시 장안구 송정로21번길 42","ssid":"PublicWiFi@Suwon","provider":"LGU+","category":"서민·복지시설"}},{"type":"Feature","geometry":{"type":"Point","coordinates":[126.99031,37.26576]},"properties":{"id":"202637400000701137","name":"청개구리 마을_서호초","address":"경기도 수원시 권선구 서호동로14번길 47","ssid":"PublicWiFi@Suwon","provider":"LGU+","category":"서민·복지시설"}},{"type":"Feature","geometry":{"type":"Point","coordinates":[127.01861,37.25066]},"properties":{"id":"202637400000701138","name":"남자단기청소년쉼터","address":"경기도 수원시 권선구 경수대로 261","ssid":"PublicWiFi@Suwon","provider":"LGU+","category":"서민·복지시설"}},{"type":"Feature","geometry":{"type":"Point","coordinates":[127.01583,37.27569]},"properties":{"id":"202637400000701139","name":"여자단기청소년쉼터","address":"경기도 수원시 팔달구 행궁로 77","ssid":"PublicWiFi@Suwon","provider":"LGU+","category":"서민·복지시설"}},{"type":"Feature","geometry":{"type":"Point","coordinates":[127.00949,37.30318]},"properties":{"id":"202637400000701140","name":"장안구민회관","address":"경기도 수원시 장안구 송원로 101","ssid":"PublicWiFi@Suwon","provider":"LGU+","category":"서민·복지시설"}},{"type":"Feature","geometry":{"type":"Point","coordinates":[126.94826,37.27613]},"properties":{"id":"202637400000701141","name":"서수원 칠보체육관","address":"경기도 수원시 권선구 서수원로577번길 171","ssid":"PublicWiFi@Suwon","provider":"LGU+","category":"편의시설"}},{"type":"Feature","geometry":{"type":"Point","coordinates":[127.00867,37.29696]},"properties":{"id":"202637400000701142","name":"수원국민체육센터_2","address":"경기도 수원시 장안구 경수대로 893","ssid":"PublicWiFi@Suwon","provider":"LGU+","category":"편의시설"}},{"type":"Feature","geometry":{"type":"Point","coordinates":[127.02248,37.29592]},"properties":{"id":"202637400000701143","name":"경기남부보훈지청_1","address":"경기도 수원시 장안구 조원로 8 (영화동)","ssid":"PublicWiFi@Suwon","provider":"LGU+","category":"관공서"}},{"type":"Feature","geometry":{"type":"Point","coordinates":[127.02248,37.29592]},"properties":{"id":"202637400000701144","name":"경기남부보훈지청_2","address":"경기도 수원시 장안구 조원로 8 (영화동)","ssid":"PublicWiFi@Suwon","provider":"LGU+","category":"관공서"}},{"type":"Feature","geometry":{"type":"Point","coordinates":[127.02651,37.29874]},"properties":{"id":"202637400000701145","name":"보훈공단 보훈원 1F","address":"경기도 수원시 장안구 광교산로 97 (하광교동)","ssid":"PublicWiFi@Suwon","provider":"LGU+","category":"서민·복지시설"}},{"type":"Feature","geometry":{"type":"Point","coordinates":[127.02651,37.29874]},"properties":{"id":"202637400000701146","name":"보훈공단 보훈원 2F","address":"경기도 수원시 장안구 광교산로 97 (하광교동)","ssid":"PublicWiFi@Suwon","provider":"LGU+","category":"서민·복지시설"}},{"type":"Feature","geometry":{"type":"Point","coordinates":[127.02651,37.29874]},"properties":{"id":"202637400000701147","name":"보훈공단 보훈원 3F","address":"경기도 수원시 장안구 광교산로 97 (하광교동)","ssid":"PublicWiFi@Suwon","provider":"LGU+","category":"서민·복지시설"}},{"type":"Feature","geometry":{"type":"Point","coordinates":[127.03106,37.25523]},"properties":{"id":"202637400000701148","name":"농수산물도매시장 과일동_1","address":"경기도 수원시 권선구 세권로 243 (권선동)","ssid":"PublicWiFi@Suwon","provider":"LGU+","category":"편의시설"}},{"type":"Feature","geometry":{"type":"Point","coordinates":[127.03106,37.25523]},"properties":{"id":"202637400000701149","name":"농수산물도매시장 과일동_2","address":"경기도 수원시 권선구 세권로 243 (권선동)","ssid":"PublicWiFi@Suwon","provider":"LGU+","category":"편의시설"}},{"type":"Feature","geometry":{"type":"Point","coordinates":[127.03106,37.25523]},"properties":{"id":"202637400000701150","name":"농수산물도매시장 수산동_1","address":"경기도 수원시 권선구 세권로 243 (권선동)","ssid":"PublicWiFi@Suwon","provider":"LGU+","category":"편의시설"}},{"type":"Feature","geometry":{"type":"Point","coordinates":[127.03106,37.25523]},"properties":{"id":"202637400000701151","name":"농수산물도매시장 수산동_2","address":"경기도 수원시 권선구 세권로 243 (권선동)","ssid":"PublicWiFi@Suwon","provider":"LGU+","category":"편의시설"}},{"type":"Feature","geometry":{"type":"Point","coordinates":[127.03106,37.25523]},"properties":{"id":"202637400000701152","name":"농수산물도매시장 채소1동","address":"경기도 수원시 권선구 세권로 243 (권선동)","ssid":"PublicWiFi@Suwon","provider":"LGU+","category":"편의시설"}},{"type":"Feature","geometry":{"type":"Point","coordinates":[127.03106,37.25523]},"properties":{"id":"202637400000701153","name":"농수산물도매시장 채소2동_1","address":"경기도 수원시 권선구 세권로 243 (권선동)","ssid":"PublicWiFi@Suwon","provider":"LGU+","category":"편의시설"}},{"type":"Feature","geometry":{"type":"Point","coordinates":[127.03106,37.25523]},"properties":{"id":"202637400000701154","name":"농수산물도매시장 채소2동_2","address":"경기도 수원시 권선구 세권로 243 (권선동)","ssid":"PublicWiFi@Suwon","provider":"LGU+","category":"편의시설"}},{"type":"Feature","geometry":{"type":"Point","coordinates":[126.97606,37.28771]},"properties":{"id":"202637400000701155","name":"일월 수목원 잔디광장","address":"경기도 수원시 장안구 일월로 61 (천천동)","ssid":"PublicWiFi@Suwon","provider":"LGU+","category":"편의시설"}},{"type":"Feature","geometry":{"type":"Point","coordinates":[126.97606,37.28771]},"properties":{"id":"202637400000701156","name":"일월 수목원 맛있는정원","address":"경기도 수원시 장안구 일월로 61 (천천동)","ssid":"PublicWiFi@Suwon","provider":"LGU+","category":"편의시설"}},{"type":"Feature","geometry":{"type":"Point","coordinates":[126.97606,37.28771]},"properties":{"id":"202637400000701157","name":"일월 수목원 다산정원","address":"경기도 수원시 장안구 일월로 61 (천천동)","ssid":"PublicWiFi@Suwon","provider":"LGU+","category":"편의시설"}},{"type":"Feature","geometry":{"type":"Point","coordinates":[126.97606,37.28771]},"properties":{"id":"202637400000701158","name":"일월 수목원 숲정원","address":"경기도 수원시 장안구 일월로 61 (천천동)","ssid":"PublicWiFi@Suwon","provider":"LGU+","category":"편의시설"}},{"type":"Feature","geometry":{"type":"Point","coordinates":[126.97606,37.28771]},"properties":{"id":"202637400000701159","name":"일월 수목원 관목원","address":"경기도 수원시 장안구 일월로 61 (천천동)","ssid":"PublicWiFi@Suwon","provider":"LGU+","category":"편의시설"}},{"type":"Feature","geometry":{"type":"Point","coordinates":[126.97606,37.28771]},"properties":{"id":"202637400000701160","name":"일월 수목원 장식정원","address":"경기도 수원시 장안구 일월로 61 (천천동)","ssid":"PublicWiFi@Suwon","provider":"LGU+","category":"편의시설"}},{"type":"Feature","geometry":{"type":"Point","coordinates":[126.97606,37.28771]},"properties":{"id":"202637400000701161","name":"일월 수목원 방문자센터 B1","address":"경기도 수원시 장안구 일월로 61 (천천동)","ssid":"PublicWiFi@Suwon","provider":"LGU+","category":"편의시설"}},{"type":"Feature","geometry":{"type":"Point","coordinates":[126.97606,37.28771]},"properties":{"id":"202637400000701162","name":"일월 수목원 방문자센터 1층","address":"경기도 수원시 장안구 일월로 61 (천천동)","ssid":"PublicWiFi@Suwon","provider":"LGU+","category":"편의시설"}},{"type":"Feature","geometry":{"type":"Point","coordinates":[126.97606,37.28771]},"properties":{"id":"202637400000701163","name":"일월 수목원 전시온실","address":"경기도 수원시 장안구 일월로 61 (천천동)","ssid":"PublicWiFi@Suwon","provider":"LGU+","category":"편의시설"}},{"type":"Feature","geometry":{"type":"Point","coordinates":[126.99955,37.29698]},"properties":{"id":"202637400000701164","name":"수원시립만석전시관","address":"경기도 수원시 장안구 송정로19","ssid":"PublicWiFi@Suwon","provider":"LGU+","category":"편의시설"}},{"type":"Feature","geometry":{"type":"Point","coordinates":[126.96277,37.24194]},"properties":{"id":"202637400000701165","name":"오목천역.영신여자고교(02055)","address":"경기도 수원시 권선구 오목천동 44-25","ssid":"PublicWiFi@Suwon","provider":"LGU+","category":"교통시설"}},{"type":"Feature","geometry":{"type":"Point","coordinates":[127.05946,37.23732]},"properties":{"id":"202637400000701166","name":"망포1동행정복지센터.삼정라츠(04089)","address":"경기도 수원시 영통구 영통로90번길7","ssid":"PublicWiFi@Suwon","provider":"LGU+","category":"교통시설"}},{"type":"Feature","geometry":{"type":"Point","coordinates":[127.04444,37.26442]},"properties":{"id":"202637400000701167","name":"매탄성일아파트(04020)","address":"경기도 수원시 영통구 인계로 239 (매탄동)","ssid":"PublicWiFi@Suwon","provider":"LGU+","category":"교통시설"}},{"type":"Feature","geometry":{"type":"Point","coordinates":[127.02303,37.24902]},"properties":{"id":"202637400000701168","name":"이마트(02232)","address":"경기도 수원시 권선구 덕영대로 1205 (권선동)","ssid":"PublicWiFi@Suwon","provider":"LGU+","category":"교통시설"}},{"type":"Feature","geometry":{"type":"Point","coordinates":[127.01687,37.27161]},"properties":{"id":"202637400000701169","name":"매교다리(03053)","address":"경기도 수원시 팔달구 정조로 711 (매교동)","ssid":"PublicWiFi@Suwon","provider":"LGU+","category":"교통시설"}},{"type":"Feature","geometry":{"type":"Point","coordinates":[127.02977,37.26165]},"properties":{"id":"202637400000701170","name":"수원시청.수원일자리센터(02251)","address":"경기도 수원시 권선구 효원로256번길 7 (권선동)","ssid":"Public WiFi Free","provider":"LGU+","category":"교통시설"}},{"type":"Feature","geometry":{"type":"Point","coordinates":[127.02632,37.29463]},"properties":{"id":"202637400000701171","name":"연무시장 전통시장거리","address":"경기도 수원시 장안구 월드컵로428번길 10","ssid":"PublicWiFi@Suwon","provider":"LGU+","category":"편의시설"}},{"type":"Feature","geometry":{"type":"Point","coordinates":[127.02632,37.29463]},"properties":{"id":"202637400000701172","name":"연무시장 문화구역거리","address":"경기도 수원시 장안구 월드컵로428번길 10","ssid":"PublicWiFi@Suwon","provider":"LGU+","category":"편의시설"}},{"type":"Feature","geometry":{"type":"Point","coordinates":[127.00043,37.29072]},"properties":{"id":"202637400000701173","name":"정자시장_1","address":"경기도 수원시 장안구 수성로261번길 30 (정자동)","ssid":"PublicWiFi@Suwon","provider":"LGU+","category":"편의시설"}},{"type":"Feature","geometry":{"type":"Point","coordinates":[127.00043,37.29072]},"properties":{"id":"202637400000701174","name":"정자시장_2","address":"경기도 수원시 장안구 수성로261번길 30 (정자동)","ssid":"PublicWiFi@Suwon","provider":"LGU+","category":"편의시설"}},{"type":"Feature","geometry":{"type":"Point","coordinates":[127.00043,37.29072]},"properties":{"id":"202637400000701175","name":"정자시장_3","address":"경기도 수원시 장안구 수성로261번길 70 (정자동)","ssid":"PublicWiFi@Suwon","provider":"LGU+","category":"편의시설"}},{"type":"Feature","geometry":{"type":"Point","coordinates":[127.00987,37.29129]},"properties":{"id":"202637400000701176","name":"영화어린이공원","address":"경기도 수원시 장안구 수성로340번길 30 (영화동)","ssid":"PublicWiFi@Suwon","provider":"LGU+","category":"편의시설"}},{"type":"Feature","geometry":{"type":"Point","coordinates":[127.00624,37.25906]},"properties":{"id":"202637400000701177","name":"수인선 세류공원","address":"경기도 수원시 권선구 세류동 283-1","ssid":"PublicWiFi@Suwon","provider":"LGU+","category":"편의시설"}},{"type":"Feature","geometry":{"type":"Point","coordinates":[126.99742,37.31032]},"properties":{"id":"202637400000701178","name":"파장동 행정복지센터","address":"경기도 수원시장안구 파장천로 60 (파장동)","ssid":"PublicWiFi@Suwon","provider":"KT","category":"관공서"}},{"type":"Feature","geometry":{"type":"Point","coordinates":[126.99258,37.2957]},"properties":{"id":"202637400000701179","name":"정자3동 행정복지센터","address":"경기도 수원시장안구 대평로 85 (정자동)","ssid":"PublicWiFi@Suwon","provider":"KT","category":"관공서"}},{"type":"Feature","geometry":{"type":"Point","coordinates":[127.01414,37.29326]},"properties":{"id":"202637400000701180","name":"영화동 행정복지센터","address":"경기도 수원시장안구 수성로382번길 24 (영화동)","ssid":"PublicWiFi@Suwon","provider":"KT","category":"관공서"}},{"type":"Feature","geometry":{"type":"Point","coordinates":[126.95219,37.27273]},"properties":{"id":"202637400000701181","name":"금곡동 행정복지센터","address":"경기도 수원시권선구 금곡로196번길 20 (금곡동)","ssid":"PublicWiFi@Suwon","provider":"KT","category":"관공서"}},{"type":"Feature","geometry":{"type":"Point","coordinates":[127.0057,37.26873]},"properties":{"id":"202637400000701182","name":"매산동 행정복지센터","address":"경기도 수원시팔달구 매산로 41 (매산로2가)","ssid":"PublicWiFi@Suwon","provider":"KT","category":"관공서"}},{"type":"Feature","geometry":{"type":"Point","coordinates":[126.99503,37.27642]},"properties":{"id":"202637400000701183","name":"화서1동 행정복지센터","address":"경기도 수원시팔달구 동말로4번길 10 (화서동)","ssid":"PublicWiFi@Suwon","provider":"KT","category":"관공서"}},{"type":"Feature","geometry":{"type":"Point","coordinates":[127.04311,37.25645]},"properties":{"id":"202637400000701184","name":"매탄3동 행정복지센터","address":"경기도 수원시영통구 동탄원천로881번길 76 (매탄동)","ssid":"PublicWiFi@Suwon","provider":"KT","category":"관공서"}},{"type":"Feature","geometry":{"type":"Point","coordinates":[127.05162,37.23885]},"properties":{"id":"202637400000701185","name":"망포2동 행정복지센터","address":"경기도 수원시영통구 태장로54번길 10 (망포동)","ssid":"PublicWiFi@Suwon","provider":"KT","category":"관공서"}},{"type":"Feature","geometry":{"type":"Point","coordinates":[127.0474,37.29018]},"properties":{"id":"202637400000701186","name":"광교1동 행정복지센터","address":"경기도 수원시영통구 도청로89번길 20 (이의동)","ssid":"PublicWiFi@Suwon","provider":"KT","category":"관공서"}},{"type":"Feature","geometry":{"type":"Point","coordinates":[127.01582,37.2827]},"properties":{"id":"202637400000701187","name":"수원시립미술관","address":"경기도 수원시팔달구 정조로 833","ssid":"PublicWiFi@Suwon","provider":"KT","category":"지역문화시설"}},{"type":"Feature","geometry":{"type":"Point","coordinates":[127.03312,37.29801]},"properties":{"id":"202637400000701188","name":"경기대후문.수원박물관.광교대학로(04181)","address":"경기도 수원시 영통구 광교산로 154-42 (이의동)","ssid":"PublicWiFi@Suwon","provider":"KT","category":"교통시설"}},{"type":"Feature","geometry":{"type":"Point","coordinates":[127.01828,37.27748]},"properties":{"id":"202637400000701189","name":"지동교","address":"경기도 수원시 팔달구 수원천로255번길 6 (영동)","ssid":"PublicWiFi@Suwon","provider":"SKB","category":"기타"}},{"type":"Feature","geometry":{"type":"Point","coordinates":[127.02278,37.26238]},"properties":{"id":"202637400000701190","name":"중앙어린이공원","address":"경기도 수원시 권선구 권선동 946","ssid":"PublicWiFi@Suwon","provider":"KT","category":"편의시설"}},{"type":"Feature","geometry":{"type":"Point","coordinates":[127.07381,37.25331]},"properties":{"id":"202637400000701191","name":"영통 견우직녀 광장","address":"경기도 수원시 영통구 봉영로 1598 (영통동)","ssid":"PublicWiFi@Suwon","provider":"KT","category":"편의시설"}},{"type":"Feature","geometry":{"type":"Point","coordinates":[126.97363,37.28538]},"properties":{"id":"202637400000701192","name":"일월공원 쉼터 앞","address":"경기도 수원시 권선구 구운동 457-1","ssid":"PublicWiFi@Suwon","provider":"KT","category":"편의시설"}},{"type":"Feature","geometry":{"type":"Point","coordinates":[126.9755,37.28579]},"properties":{"id":"202637400000701193","name":"일월공원 운동시설 앞","address":"경기도 수원시 장안구 율천동 442-2","ssid":"PublicWiFi@Suwon","provider":"KT","category":"편의시설"}},{"type":"Feature","geometry":{"type":"Point","coordinates":[127.0351,37.27337]},"properties":{"id":"202637400000701194","name":"수원시 청소년 문화센터 온누리아트홀","address":"경기도 수원시 팔달구 권광로 293","ssid":"PublicWiFi@Suwon","provider":"KT","category":"서민·복지시설"}},{"type":"Feature","geometry":{"type":"Point","coordinates":[127.07308,37.26062]},"properties":{"id":"202637400000701195","name":"영흥수목원 온실","address":"경기도 수원시 영통구 영통로 435","ssid":"PublicWiFi@Suwon","provider":"LGU+","category":"편의시설"}},{"type":"Feature","geometry":{"type":"Point","coordinates":[127.07308,37.26062]},"properties":{"id":"202637400000701196","name":"영흥수목원 잔디마당","address":"경기도 수원시 영통구 영통로 435","ssid":"PublicWiFi@Suwon","provider":"LGU+","category":"편의시설"}},{"type":"Feature","geometry":{"type":"Point","coordinates":[127.07308,37.26062]},"properties":{"id":"202637400000701197","name":"영흥수목원 정조효원","address":"경기도 수원시 영통구 영통로 435","ssid":"PublicWiFi@Suwon","provider":"LGU+","category":"편의시설"}},{"type":"Feature","geometry":{"type":"Point","coordinates":[127.07308,37.26062]},"properties":{"id":"202637400000701198","name":"영흥수목원 연못","address":"경기도 수원시 영통구 영통로 435","ssid":"PublicWiFi@Suwon","provider":"LGU+","category":"편의시설"}},{"type":"Feature","geometry":{"type":"Point","coordinates":[127.07275,37.26004]},"properties":{"id":"202637400000701199","name":"영흥숲공원 숲놀이터","address":"경기도 수원시 영통구 영흥숲길 50 (원천동)","ssid":"PublicWiFi@Suwon","provider":"LGU+","category":"편의시설"}},{"type":"Feature","geometry":{"type":"Point","coordinates":[127.07275,37.26004]},"properties":{"id":"202637400000701200","name":"영흥숲공원 바닥분수","address":"경기도 수원시 영통구 영흥숲길 50 (원천동)","ssid":"PublicWiFi@Suwon","provider":"LGU+","category":"편의시설"}},{"type":"Feature","geometry":{"type":"Point","coordinates":[127.07091,37.26226]},"properties":{"id":"202637400000701201","name":"영흥수목원 방문자센터","address":"경기도 수원시 영통구 영통동 21-1","ssid":"PublicWiFi@Suwon","provider":"KT","category":"편의시설"}},{"type":"Feature","geometry":{"type":"Point","coordinates":[126.97186,37.3062]},"properties":{"id":"202637400000701202","name":"밤밭노인복지관","address":"경기도 수원시 장안구 상률로53 (율전동)","ssid":"Public WiFi Free","provider":"LGU+","category":"서민·복지시설"}},{"type":"Feature","geometry":{"type":"Point","coordinates":[126.97619,37.2785]},"properties":{"id":"202637400000701203","name":"서호노인복지관_2","address":"경기도 수원시 권선구 구운로4번길 34 (구운동)","ssid":"Public WiFi Free","provider":"LGU+","category":"서민·복지시설"}},{"type":"Feature","geometry":{"type":"Point","coordinates":[127.05747,37.28937]},"properties":{"id":"202637400000701204","name":"광교노인복지관","address":"경기도 수원시 영통구 센트럴타운로 22 (이의동)","ssid":"Public WiFi Free","provider":"LGU+","category":"서민·복지시설"}},{"type":"Feature","geometry":{"type":"Point","coordinates":[127.07737,37.25059]},"properties":{"id":"202637400000701205","name":"영통종합사회복지관","address":"경기도 수원시 영통구 반달로45","ssid":"Public WiFi Free","provider":"LGU+","category":"서민·복지시설"}},{"type":"Feature","geometry":{"type":"Point","coordinates":[126.9591,37.25808]},"properties":{"id":"202637400000701206","name":"능실종합사회복지관","address":"경기도 수원시 권선구 호매실로 166번길10","ssid":"Public WiFi Free","provider":"LGU+","category":"서민·복지시설"}},{"type":"Feature","geometry":{"type":"Point","coordinates":[127.01131,37.29712]},"properties":{"id":"202637400000701207","name":"종합운동장 축구장 홈 응원석","address":"경기도 수원시 장안구 경수대로 893","ssid":"Public WiFi Free","provider":"LGU+","category":"편의시설"}},{"type":"Feature","geometry":{"type":"Point","coordinates":[127.01131,37.29712]},"properties":{"id":"202637400000701208","name":"종합운동장 축구장 원정 응원석","address":"경기도 수원시 장안구 경수대로 893","ssid":"Public WiFi Free","provider":"LGU+","category":"편의시설"}},{"type":"Feature","geometry":{"type":"Point","coordinates":[127.01131,37.29712]},"properties":{"id":"202637400000701209","name":"종합운동장 축구장 VIP 응원석","address":"경기도 수원시 장안구 경수대로 893","ssid":"Public WiFi Free","provider":"LGU+","category":"편의시설"}},{"type":"Feature","geometry":{"type":"Point","coordinates":[127.01131,37.29712]},"properties":{"id":"202637400000701210","name":"종합운동장 축구장 기자석","address":"경기도 수원시 장안구 경수대로 893","ssid":"Public WiFi Free","provider":"LGU+","category":"편의시설"}},{"type":"Feature","geometry":{"type":"Point","coordinates":[127.07389,37.24952]},"properties":{"id":"202637400000701211","name":"영통3동 행정복지센터","address":"경기도 수원시 영통구 매영로 386","ssid":"PublicWiFi@Suwon","provider":"KT","category":"관공서"}},{"type":"Feature","geometry":{"type":"Point","coordinates":[126.97142,37.29762]},"properties":{"id":"202637400000701212","name":"율천동 행정복지센터","address":"경기도 수원시 장안구 서부로2106번길 27(율전동)","ssid":"PublicWiFi@Suwon","provider":"KT","category":"관공서"}},{"type":"Feature","geometry":{"type":"Point","coordinates":[126.99129,37.30221]},"properties":{"id":"202637400000701213","name":"정자1동 행정복지센터","address":"경기도 수원시 장안구 정자로130번길 20(정자동)","ssid":"PublicWiFi@Suwon","provider":"KT","category":"관공서"}},{"type":"Feature","geometry":{"type":"Point","coordinates":[127.00044,37.29508]},"properties":{"id":"202637400000701214","name":"정자2동 행정복지센터","address":"경기도 수원시 장안구 송정로24번길 34(정자동)","ssid":"PublicWiFi@Suwon","provider":"KT","category":"관공서"}},{"type":"Feature","geometry":{"type":"Point","coordinates":[127.0165,37.3018]},"properties":{"id":"202637400000701215","name":"조원1동 행정복지센터","address":"경기도 수원시 장안구 금당로 56(조원동)","ssid":"PublicWiFi@Suwon","provider":"KT","category":"관공서"}},{"type":"Feature","geometry":{"type":"Point","coordinates":[127.00968,37.30562]},"properties":{"id":"202637400000701216","name":"조원2동 행정복지센터","address":"경기도 수원시 장안구 송원로 109-50(조원동)","ssid":"PublicWiFi@Suwon","provider":"KT","category":"관공서"}},{"type":"Feature","geometry":{"type":"Point","coordinates":[127.02153,37.29056]},"properties":{"id":"202637400000701217","name":"연무동 행정복지센터","address":"경기도 수원시 장안구 경수대로 757(연무동)","ssid":"PublicWiFi@Suwon","provider":"KT","category":"관공서"}},{"type":"Feature","geometry":{"type":"Point","coordinates":[127.00798,37.26219]},"properties":{"id":"202637400000701218","name":"세류1동 행정복지센터","address":"경기도 수원시 권선구 세류로38번길 10(세류동)","ssid":"PublicWiFi@Suwon","provider":"KT","category":"관공서"}},{"type":"Feature","geometry":{"type":"Point","coordinates":[127.01194,37.25905]},"properties":{"id":"202637400000701219","name":"세류3동 행정복지센터","address":"경기도 수원시 권선구 정조로 557(세류동)","ssid":"PublicWiFi@Suwon","provider":"KT","category":"관공서"}},{"type":"Feature","geometry":{"type":"Point","coordinates":[126.99417,37.25806]},"properties":{"id":"202637400000701220","name":"평동 행정복지센터","address":"경기도 수원시 권선구 평동로76번길 13(평동)","ssid":"PublicWiFi@Suwon","provider":"KT","category":"관공서"}},{"type":"Feature","geometry":{"type":"Point","coordinates":[126.98607,37.2726]},"properties":{"id":"202637400000701221","name":"서둔동 행정복지센터","address":"경기도 수원시 권선구 서호로 146(서둔동)","ssid":"PublicWiFi@Suwon","provider":"KT","category":"관공서"}},{"type":"Feature","geometry":{"type":"Point","coordinates":[126.97147,37.27712]},"properties":{"id":"202637400000701222","name":"구운동 행정복지센터","address":"경기도 수원시 권선구 구운로47번길 57-33(구운동)","ssid":"PublicWiFi@Suwon","provider":"KT","category":"관공서"}},{"type":"Feature","geometry":{"type":"Point","coordinates":[127.02461,37.25775]},"properties":{"id":"202637400000701223","name":"권선1동 행정복지센터","address":"경기도 수원시 권선구 경수대로352번길 29(권선동)","ssid":"PublicWiFi@Suwon","provider":"KT","category":"관공서"}},{"type":"Feature","geometry":{"type":"Point","coordinates":[127.02971,37.25132]},"properties":{"id":"202637400000701224","name":"권선2동 행정복지센터","address":"경기도 수원시 권선구 권중로 85(권선동)","ssid":"PublicWiFi@Suwon","provider":"KT","category":"관공서"}},{"type":"Feature","geometry":{"type":"Point","coordinates":[127.03333,37.24332]},"properties":{"id":"202637400000701225","name":"곡선동 행정복지센터","address":"경기도 수원시 권선구 동수원로146번길 174(곡반정동)","ssid":"PublicWiFi@Suwon","provider":"KT","category":"관공서"}},{"type":"Feature","geometry":{"type":"Point","coordinates":[126.95954,37.29321]},"properties":{"id":"202637400000701226","name":"입북동 행정복지센터","address":"경기도 수원시 권선구 입북로 17(입북동)","ssid":"PublicWiFi@Suwon","provider":"KT","category":"관공서"}},{"type":"Feature","geometry":{"type":"Point","coordinates":[127.01265,37.28405]},"properties":{"id":"202637400000701227","name":"행궁동 행정복지센터","address":"경기도 수원시 팔달구 신풍로23번길 40(신풍동)","ssid":"PublicWiFi@Suwon","provider":"KT","category":"관공서"}},{"type":"Feature","geometry":{"type":"Point","coordinates":[127.01425,37.26857]},"properties":{"id":"202637400000701228","name":"매교동 행정복지센터","address":"경기도 수원시 팔달구 효원로89번길 60(매교동)","ssid":"PublicWiFi@Suwon","provider":"KT","category":"관공서"}},{"type":"Feature","geometry":{"type":"Point","coordinates":[126.98628,37.28509]},"properties":{"id":"202637400000701229","name":"화서2동 행정복지센터","address":"경기도 수원시 팔달구 화산로6번길 6(화서동)","ssid":"PublicWiFi@Suwon","provider":"KT","category":"관공서"}},{"type":"Feature","geometry":{"type":"Point","coordinates":[127.03503,37.29011]},"properties":{"id":"202637400000701230","name":"우만1동 행정복지센터","address":"경기도 수원시 팔달구 경수대로656번길 37-17(우만동)","ssid":"PublicWiFi@Suwon","provider":"KT","category":"관공서"}},{"type":"Feature","geometry":{"type":"Point","coordinates":[127.03978,37.278]},"properties":{"id":"202637400000701231","name":"우만2동 행정복지센터","address":"경기도 수원시 팔달구 중부대로207번길 33(우만동)","ssid":"PublicWiFi@Suwon","provider":"KT","category":"관공서"}},{"type":"Feature","geometry":{"type":"Point","coordinates":[127.04744,37.27015]},"properties":{"id":"202637400000701232","name":"매탄2동 행정복지센터","address":"경기도 수원시 영통구 매영로39번길 21(매탄동)","ssid":"PublicWiFi@Suwon","provider":"KT","category":"관공서"}},{"type":"Feature","geometry":{"type":"Point","coordinates":[127.04871,37.26512]},"properties":{"id":"202637400000701233","name":"매탄4동 행정복지센터","address":"경기도 수원시 영통구 산남로 26-4(매탄동)","ssid":"PublicWiFi@Suwon","provider":"KT","category":"관공서"}},{"type":"Feature","geometry":{"type":"Point","coordinates":[127.05327,37.27349]},"properties":{"id":"202637400000701234","name":"원천동 행정복지센터","address":"경기도 수원시 영통구 중부대로 339(원천동)","ssid":"PublicWiFi@Suwon","provider":"KT","category":"관공서"}},{"type":"Feature","geometry":{"type":"Point","coordinates":[127.0701,37.29226]},"properties":{"id":"202637400000701235","name":"광교2동 행정복지센터","address":"경기도 수원시 영통구 법조로 149번길 155(하동)","ssid":"PublicWiFi@Suwon","provider":"KT","category":"관공서"}},{"type":"Feature","geometry":{"type":"Point","coordinates":[127.08055,37.26634]},"properties":{"id":"202637400000701236","name":"영통1동 행정복지센터","address":"경기도 수원시 영통구 봉영로1759번길 23(영통동)","ssid":"PublicWiFi@Suwon","provider":"KT","category":"관공서"}},{"type":"Feature","geometry":{"type":"Point","coordinates":[127.05632,37.24696]},"properties":{"id":"202637400000701237","name":"영통2동 행정복지센터","address":"경기도 수원시 영통구 영통로217번길 12(영통동)","ssid":"PublicWiFi@Suwon","provider":"KT","category":"관공서"}},{"type":"Feature","geometry":{"type":"Point","coordinates":[127.00962,37.30338]},"properties":{"id":"202637400000701238","name":"장안구보건소","address":"경기도 수원시 장안구 송원로 101(조원동)","ssid":"PublicWiFi@Suwon","provider":"KT","category":"관공서"}},{"type":"Feature","geometry":{"type":"Point","coordinates":[126.97113,37.25874]},"properties":{"id":"202637400000701239","name":"권선구보건소","address":"경기도 수원시 권선구 호매실로 22-50(탑동)","ssid":"PublicWiFi@Suwon","provider":"KT","category":"관공서"}},{"type":"Feature","geometry":{"type":"Point","coordinates":[127.01252,37.2715]},"properties":{"id":"202637400000701240","name":"팔달구보건소","address":"경기도 수원시 팔달구 팔달산로 6(교동)","ssid":"PublicWiFi@Suwon","provider":"KT","category":"관공서"}},{"type":"Feature","geometry":{"type":"Point","coordinates":[127.06971,37.25688]},"properties":{"id":"202637400000701241","name":"영통구보건소","address":"경기도 수원시 영통구 영통로 396(영통동)","ssid":"PublicWiFi@Suwon","provider":"KT","category":"관공서"}},{"type":"Feature","geometry":{"type":"Point","coordinates":[126.97642,37.25239]},"properties":{"id":"202637400000701242","name":"도로교통관리사업소","address":"경기도 수원시 권선구 서부로 1600(고색동)","ssid":"PublicWiFi@Suwon","provider":"KT","category":"관공서"}},{"type":"Feature","geometry":{"type":"Point","coordinates":[127.00962,37.30338]},"properties":{"id":"202637400000701243","name":"장안구청 종합민원실","address":"경기도 수원시 장안구 송원로 101(조원동)","ssid":"PublicWiFi@Suwon","provider":"KT","category":"관공서"}},{"type":"Feature","geometry":{"type":"Point","coordinates":[127.02793,37.30022]},"properties":{"id":"202637400000701244","name":"상수도사업소","address":"경기도 수원시 장안구 광교산로 119(하광교동)","ssid":"PublicWiFi@Suwon","provider":"KT","category":"관공서"}},{"type":"Feature","geometry":{"type":"Point","coordinates":[127.01439,37.28188]},"properties":{"id":"202637400000701245","name":"수원 화성행궁 광장","address":"경기도 수원시 팔달구 정조로 825(남창동)","ssid":"PublicWiFi@Suwon","provider":"KT","category":"관광"}},{"type":"Feature","geometry":{"type":"Point","coordinates":[127.01031,37.28073]},"properties":{"id":"202637400000701246","name":"수원화성 서장대","address":"경기도 수원시 팔달구 남창동 55-23","ssid":"PublicWiFi@Suwon","provider":"KT","category":"관광"}},{"type":"Feature","geometry":{"type":"Point","coordinates":[127.01439,37.28188]},"properties":{"id":"202637400000701247","name":"수원 화성행궁 화령전","address":"경기도 수원시 팔달구 정조로 825(남창동)","ssid":"PublicWiFi@Suwon","provider":"KT","category":"관광"}},{"type":"Feature","geometry":{"type":"Point","coordinates":[127.02656,37.26102]},"properties":{"id":"202637400000701248","name":"올림픽공원","address":"경기도 수원시 권선구 효원로 240(권선동)","ssid":"PublicWiFi@Suwon","provider":"KT","category":"편의시설"}},{"type":"Feature","geometry":{"type":"Point","coordinates":[127.00764,37.29996]},"properties":{"id":"202637400000701249","name":"수원KT위즈파크.행정동우회관(01128)","address":"경기도 수원시 장안구 송원로 51","ssid":"Public WiFi Free","provider":"KT","category":"교통시설"}},{"type":"Feature","geometry":{"type":"Point","coordinates":[127.00756,37.29861]},"properties":{"id":"202637400000701250","name":"수원KT위즈파크(01131)","address":"경기도 수원시 장안구 경수대로 893(조원동)","ssid":"Public WiFi Free","provider":"KT","category":"교통시설"}},{"type":"Feature","geometry":{"type":"Point","coordinates":[127.00793,37.30204]},"properties":{"id":"202637400000701251","name":"장안지하차도.수원KT위즈파크(01238)","address":"경기도 수원시 장안구 경수대로 935","ssid":"Public WiFi Free","provider":"KT","category":"교통시설"}},{"type":"Feature","geometry":{"type":"Point","coordinates":[127.01171,37.2994]},"properties":{"id":"202637400000701252","name":"수원KT위즈파크.수원종합운동장(01136)","address":"경기도 수원시 장안구 조원동 825","ssid":"Public WiFi Free","provider":"KT","category":"교통시설"}},{"type":"Feature","geometry":{"type":"Point","coordinates":[127.01052,37.3008]},"properties":{"id":"202637400000701253","name":"수원KT위즈파크.수원종합운동장(01134)","address":"경기도 수원시 장안구 조원동 825","ssid":"Public WiFi Free","provider":"KT","category":"교통시설"}},{"type":"Feature","geometry":{"type":"Point","coordinates":[127.0083,37.2961]},"properties":{"id":"202637400000701254","name":"수원종합운동장.로얄팰리스(01129)","address":"경기도 수원시 장안구 송정로 83 (송죽동)","ssid":"Public WiFi Free","provider":"KT","category":"교통시설"}},{"type":"Feature","geometry":{"type":"Point","coordinates":[127.00874,37.29622]},"properties":{"id":"202637400000701255","name":"수원종합운동장.수원시체육회관(01130)","address":"경기도 수원시 장안구 정조로 998 (조원동)","ssid":"Public WiFi Free","provider":"KT","category":"교통시설"}},{"type":"Feature","geometry":{"type":"Point","coordinates":[127.0786,37.285]},"properties":{"id":"202637400000701256","name":"반려동물센터","address":"경기도 수원시 영통구 광교호수로 234","ssid":"PublicWiFi@Suwon","provider":"KT","category":"관공서"}},{"type":"Feature","geometry":{"type":"Point","coordinates":[127.0241,37.2922]},"properties":{"id":"202637400000701257","name":"동공원","address":"경기도 수원시 장안구 경수대로 744번길 49","ssid":"PublicWiFi@Suwon","provider":"KT","category":"편의시설"}},{"type":"Feature","geometry":{"type":"Point","coordinates":[127.0239,37.2933]},"properties":{"id":"202637400000701258","name":"쪽박산 어린이공원","address":"경기도 수원시 장안구 연무동 252-1","ssid":"PublicWiFi@Suwon","provider":"KT","category":"편의시설"}},{"type":"Feature","geometry":{"type":"Point","coordinates":[127.03563,37.29765]},"properties":{"id":"202637400000701259","name":"수원박물관","address":"경기도 수원시 영통구 창룡대로 265(이의동)","ssid":"PublicWiFi@Suwon","provider":"KT","category":"지역문화시설"}},{"type":"Feature","geometry":{"type":"Point","coordinates":[127.01898,37.28259]},"properties":{"id":"202637400000701260","name":"수원화성박물관","address":"경기도 수원시 팔달구 창룡대로 21(매향동)","ssid":"PublicWiFi@Suwon","provider":"KT","category":"지역문화시설"}},{"type":"Feature","geometry":{"type":"Point","coordinates":[127.05142,37.29635]},"properties":{"id":"202637400000701261","name":"수원광교박물관","address":"경기도 수원시 영통구 광교로 182","ssid":"PublicWiFi@Suwon","provider":"KT","category":"지역문화시설"}},{"type":"Feature","geometry":{"type":"Point","coordinates":[127.01908,37.2883]},"properties":{"id":"202637400000701262","name":"수원화성 용연","address":"경기도 수원시 장안구 연무동 190","ssid":"PublicWiFi@Suwon","provider":"KT","category":"관광"}},{"type":"Feature","geometry":{"type":"Point","coordinates":[127.02298,37.28844]},"properties":{"id":"202637400000701263","name":"수원화성 동장대","address":"경기도 수원시 팔달구 창룡대로103번길 20","ssid":"PublicWiFi@Suwon","provider":"KT","category":"관광"}},{"type":"Feature","geometry":{"type":"Point","coordinates":[127.02575,37.28737]},"properties":{"id":"202637400000701264","name":"창룡문 안내소","address":"경기도 수원시 팔달구 경수대로 697","ssid":"PublicWiFi@Suwon","provider":"KT","category":"관광"}},{"type":"Feature","geometry":{"type":"Point","coordinates":[127.02424,37.28818]},"properties":{"id":"202637400000701265","name":"창룡문.연무대(03067)","address":"경기도 수원시 팔달구 창룡대로 105","ssid":"PublicWiFi@Suwon","provider":"KT","category":"교통시설"}},{"type":"Feature","geometry":{"type":"Point","coordinates":[127.04351,37.27861]},"properties":{"id":"202637400000701266","name":"경희대정문(04241)","address":"경기도 수원시 영통구 덕영대로 1701 (영통동)","ssid":"PublicWiFi@Suwon","provider":"KT","category":"교통시설"}},{"type":"Feature","geometry":{"type":"Point","coordinates":[127.03944,37.26467]},"properties":{"id":"202637400000701267","name":"효원공원","address":"경기도 수원시 팔달구 동수원로 397(인계동)","ssid":"PublicWiFi@Suwon","provider":"KT","category":"편의시설"}},{"type":"Feature","geometry":{"type":"Point","coordinates":[127.00184,37.26518]},"properties":{"id":"202637400000701268","name":"수원역.역전시장(03023)","address":"경기도 수원시 팔달구 덕영대로 935 (매산로1가)","ssid":"PublicWiFi@Suwon","provider":"KT","category":"교통시설"}},{"type":"Feature","geometry":{"type":"Point","coordinates":[127.04706,37.27405]},"properties":{"id":"202637400000701269","name":"법원사거리(04042)","address":"경기도 수원시 영통구 원천동 76-1","ssid":"PublicWiFi@Suwon","provider":"KT","category":"교통시설"}},{"type":"Feature","geometry":{"type":"Point","coordinates":[127.01169,37.29271]},"properties":{"id":"202637400000701270","name":"KT수원지사.국민연금북수원지사(01135)","address":"경기도 수원시 장안구 정조로 956 (영화동)","ssid":"PublicWiFi@Suwon","provider":"KT","category":"교통시설"}},{"type":"Feature","geometry":{"type":"Point","coordinates":[127.01453,37.2871]},"properties":{"id":"202637400000701271","name":"수원전통문화관.장안동(03134)","address":"경기도 수원시 팔달구 정조로 887 (장안동)","ssid":"PublicWiFi@Suwon","provider":"KT","category":"교통시설"}},{"type":"Feature","geometry":{"type":"Point","coordinates":[127.02238,37.27523]},"properties":{"id":"202637400000701272","name":"2001아울렛(03135)","address":"경기도 수원시 팔달구 중부대로 50 (인계동)","ssid":"PublicWiFi@Suwon","provider":"KT","category":"교통시설"}},{"type":"Feature","geometry":{"type":"Point","coordinates":[127.04414,37.27596]},"properties":{"id":"202637400000701273","name":"아주대학교입구(04238)","address":"경기도 수원시 영통구 아주로 12 (원천동)","ssid":"PublicWiFi@Suwon","provider":"KT","category":"교통시설"}},{"type":"Feature","geometry":{"type":"Point","coordinates":[127.00687,37.26919]},"properties":{"id":"202637400000701274","name":"세무서.도청입구.신용회복위원회(03038)","address":"경기도 수원시 팔달구 매산로 51 (매산로2가)","ssid":"PublicWiFi@Suwon","provider":"KT","category":"교통시설"}},{"type":"Feature","geometry":{"type":"Point","coordinates":[127.00789,37.26896]},"properties":{"id":"202637400000701275","name":"세무서.도청입구(03039)","address":"경기도 수원시 팔달구 매산로 62 (매산로2가)","ssid":"PublicWiFi@Suwon","provider":"KT","category":"교통시설"}},{"type":"Feature","geometry":{"type":"Point","coordinates":[127.05658,37.23889]},"properties":{"id":"202637400000701276","name":"망포중학교(04176)","address":"경기도 수원시 영통구 영통로 124 (망포동)","ssid":"PublicWiFi@Suwon","provider":"KT","category":"교통시설"}},{"type":"Feature","geometry":{"type":"Point","coordinates":[127.015,37.27226]},"properties":{"id":"202637400000701277","name":"가족여성회관.이춘택병원.해움미술관.수원농협(03140)","address":"경기도 수원시 팔달구 매산로 133 (교동)","ssid":"PublicWiFi@Suwon","provider":"KT","category":"교통시설"}},{"type":"Feature","geometry":{"type":"Point","coordinates":[127.01269,37.28878]},"properties":{"id":"202637400000701278","name":"장안공원(01259)","address":"경기도 수원시 장안구 팔달로 255 (영화동)","ssid":"PublicWiFi@Suwon","provider":"KT","category":"교통시설"}},{"type":"Feature","geometry":{"type":"Point","coordinates":[127.00472,37.28004]},"properties":{"id":"202637400000701279","name":"화서시장.화서사거리병무청입구(03031)","address":"경기도 수원시 팔달구 팔달로130번길 3 (화서동)","ssid":"PublicWiFi@Suwon","provider":"KT","category":"교통시설"}},{"type":"Feature","geometry":{"type":"Point","coordinates":[127.03043,37.24834]},"properties":{"id":"202637400000701280","name":"선일초등학교(02256)","address":"경기도 수원시 권선구 권중로120번길 17 (권선동)","ssid":"PublicWiFi@Suwon","provider":"KT","category":"교통시설"}},{"type":"Feature","geometry":{"type":"Point","coordinates":[126.98492,37.25176]},"properties":{"id":"202637400000701281","name":"신병원.대원.거산아파트(02131)","address":"경기도 수원시 권선구 매송고색로 736 (고색동)","ssid":"PublicWiFi@Suwon","provider":"KT","category":"교통시설"}},{"type":"Feature","geometry":{"type":"Point","coordinates":[127.03244,37.27773]},"properties":{"id":"202637400000701282","name":"수원고용복지플러스센터.동수원병원(03130)","address":"경기도 수원시 팔달구 중부대로 150 (인계동)","ssid":"PublicWiFi@Suwon","provider":"KT","category":"교통시설"}},{"type":"Feature","geometry":{"type":"Point","coordinates":[127.08305,37.26664]},"properties":{"id":"202637400000701283","name":"황골벽산아파트(04169)","address":"경기도 수원시 영통구 봉영로1744번길 11 (영통동)","ssid":"PublicWiFi@Suwon","provider":"KT","category":"교통시설"}},{"type":"Feature","geometry":{"type":"Point","coordinates":[126.97972,37.25045]},"properties":{"id":"202637400000701284","name":"고색초교.태산아파트(02124)","address":"경기도 수원시 권선구 고색동 381-7","ssid":"PublicWiFi@Suwon","provider":"KT","category":"교통시설"}},{"type":"Feature","geometry":{"type":"Point","coordinates":[127.02937,37.2784]},"properties":{"id":"202637400000701285","name":"동수원사거리(03080)","address":"경기도 수원시 팔달구 중부대로 119 (지동)","ssid":"PublicWiFi@Suwon","provider":"KT","category":"교통시설"}},{"type":"Feature","geometry":{"type":"Point","coordinates":[126.99429,37.30907]},"properties":{"id":"202637400000701286","name":"경기도보건환경연구원.파장시장.광교산입구(01089)","address":"경기도 수원시 장안구 경수대로 1077 (파장동)","ssid":"PublicWiFi@Suwon","provider":"KT","category":"교통시설"}},{"type":"Feature","geometry":{"type":"Point","coordinates":[127.02866,37.26345]},"properties":{"id":"202637400000701287","name":"수원시청.수원일자리센터(03081)","address":"경기도 수원시 팔달구 효원로 241 (인계동)","ssid":"PublicWiFi@Suwon","provider":"KT","category":"교통시설"}},{"type":"Feature","geometry":{"type":"Point","coordinates":[127.06084,37.23779]},"properties":{"id":"202637400000701288","name":"망포1동 행정복지센터","address":"경기도 수원시 영통구 영통로90번길 4-16 (망포동)","ssid":"PublicWiFi@Suwon","provider":"KT","category":"관공서"}},{"type":"Feature","geometry":{"type":"Point","coordinates":[126.96318,37.24273]},"properties":{"id":"202637400000701289","name":"오목천역.영신여자고교(02054) 스마트정류장","address":"경기도 수원시 권선구 오목천동 469-26","ssid":"PublicWiFi@Suwon","provider":"KT","category":"교통시설"}},{"type":"Feature","geometry":{"type":"Point","coordinates":[126.95737,37.26012]},"properties":{"id":"202637400000701290","name":"능실초등학교.힐스테이트호매실(02931) 스마트정류장","address":"경기도 수원시 권선구 호매실로 1392","ssid":"PublicWiFi@Suwon","provider":"KT","category":"교통시설"}},{"type":"Feature","geometry":{"type":"Point","coordinates":[126.95877,37.26]},"properties":{"id":"202637400000701291","name":"호매실스위첸19단지(02939) 스마트정류장","address":"경기도 수원시 권선구 호매실로166번길 33 (호매실동)","ssid":"PublicWiFi@Suwon","provider":"KT","category":"교통시설"}},{"type":"Feature","geometry":{"type":"Point","coordinates":[126.9732,37.25879]},"properties":{"id":"202637400000701292","name":"권선경찰서.권선구청입구(02288) 스마트정류장","address":"경기도 수원시 권선구 탑동 898","ssid":"PublicWiFi@Suwon","provider":"KT","category":"교통시설"}},{"type":"Feature","geometry":{"type":"Point","coordinates":[126.96809,37.24544]},"properties":{"id":"202637400000701293","name":"오현초등학교(02835) 스마트정류장","address":"경기도 수원시 권선구 오목천동 248-10","ssid":"PublicWiFi@Suwon","provider":"KT","category":"교통시설"}},{"type":"Feature","geometry":{"type":"Point","coordinates":[126.97782,37.24577]},"properties":{"id":"202637400000701294","name":"우림.대한아파트(02846) 스마트정류장","address":"경기도 수원시 권선구 서부로 1529 (고색동)","ssid":"PublicWiFi@Suwon","provider":"KT","category":"교통시설"}},{"type":"Feature","geometry":{"type":"Point","coordinates":[126.98633,37.24233]},"properties":{"id":"202637400000701295","name":"수원델타원.동아엘텍(02965) 스마트정류장","address":"경기도 수원시 권선구 산업로 198 (고색동)","ssid":"PublicWiFi@Suwon","provider":"KT","category":"교통시설"}},{"type":"Feature","geometry":{"type":"Point","coordinates":[126.98119,37.24147]},"properties":{"id":"202637400000701296","name":"㈜미경테크.(주)대성후드텍(02963) 스마트정류장","address":"경기도 수원시 권선구 산업로156번길 10 (고색동)","ssid":"PublicWiFi@Suwon","provider":"KT","category":"교통시설"}},{"type":"Feature","geometry":{"type":"Point","coordinates":[126.99787,37.2984]},"properties":{"id":"202637400000701297","name":"만석공원","address":"경기도 수원시 장안구 송죽동 434","ssid":"PublicWiFi@Suwon","provider":"KT","category":"편의시설"}},{"type":"Feature","geometry":{"type":"Point","coordinates":[126.98191,37.29576]},"properties":{"id":"202637400000701298","name":"샘내공원","address":"경기도 수원시 장안구 만석로5번길 21 (천천동)","ssid":"PublicWiFi@Suwon","provider":"KT","category":"편의시설"}},{"type":"Feature","geometry":{"type":"Point","coordinates":[126.98798,37.28044]},"properties":{"id":"202637400000701299","name":"서호공원","address":"경기도 수원시 팔달구 수성로100번길 64 (화서동)","ssid":"PublicWiFi@Suwon","provider":"KT","category":"편의시설"}},{"type":"Feature","geometry":{"type":"Point","coordinates":[127.07804,37.25784]},"properties":{"id":"202637400000701300","name":"영통사공원","address":"경기도 수원시 영통구 영통동 1048-3","ssid":"PublicWiFi@Suwon","provider":"KT","category":"편의시설"}},{"type":"Feature","geometry":{"type":"Point","coordinates":[126.97207,37.27312]},"properties":{"id":"202637400000701301","name":"탑동공원","address":"경기도 수원시 권선구 탑동로57번길 35 (탑동)","ssid":"PublicWiFi@Suwon","provider":"KT","category":"편의시설"}},{"type":"Feature","geometry":{"type":"Point","coordinates":[127.0251,37.29165]},"properties":{"id":"202637400000701302","name":"퉁소바위공원","address":"경기도 수원시 장안구 연무동 산23-1","ssid":"PublicWiFi@Suwon","provider":"KT","category":"편의시설"}},{"type":"Feature","geometry":{"type":"Point","coordinates":[127.02769,37.28348]},"properties":{"id":"202637400000701303","name":"못골어린이공원","address":"경기도 수원시 팔달구 팔달문로115번길 43 (지동)","ssid":"PublicWiFi@Suwon","provider":"KT","category":"편의시설"}},{"type":"Feature","geometry":{"type":"Point","coordinates":[127.05506,37.26962]},"properties":{"id":"202637400000701304","name":"매봉공원","address":"경기도 수원시 영통구 동탄원천로1109번길 61 (매탄동)","ssid":"PublicWiFi@Suwon","provider":"KT","category":"편의시설"}},{"type":"Feature","geometry":{"type":"Point","coordinates":[127.0273,37.26348]},"properties":{"id":"202637400000701305","name":"수원시의회","address":"경기도 수원시 팔달구 효원로 231 (인계동)","ssid":"PublicWiFi@Suwon","provider":"SKB","category":"관공서"}},{"type":"Feature","geometry":{"type":"Point","coordinates":[127.03216,37.2523]},"properties":{"id":"202637400000701306","name":"경기평생교육학습관","address":"경기도 수원시 권선구 권중로 55, 경기도교육청평생학습관 (권선동)","ssid":"FREE_U+zone","provider":"LGU+","category":"교육시설"}},{"type":"Feature","geometry":{"type":"Point","coordinates":[127.01826,37.27634]},"properties":{"id":"202637400000701307","name":"시민상가","address":"경기도 수원시 팔달구 팔달문로4번길 19, 시민백화점 (영동)","ssid":"Public WiFi Free","provider":"KT","category":"서민·복지시설"}}]}