개방자치단체코드,관리번호,구분명,근거법령명,화장실명,소재지도로명주소,소재지지번주소,남성용-대변기수,남성용-소변기수,남성용-장애인용대변기수,남성용-장애인용소변기수,남성용-어린이용대변기수,남성용-어린이용소변기수,여성용-대변기수,여성용-장애인용대변기수,여성용-어린이용대변기수,관리기관명,전화번호,개방시간,개방시간상세,설치연월,화장실소유구분명,오물처리방식,안전관리시설설치대상여부,비상벨설치여부,비상벨설치장소,화장실입구CCTV설치유무,기저귀교환대유무,기저귀교환대장소,리모델링연월,데이터기준일자,데이터갱신구분,데이터갱신시점,최종수정시점
3740000,202437400000101276,공중화장실,법제3조제16호-영제3조제1항제3호,중부지방국세청,경기도 수원시 장안구 경수대로 1110-17,경기도 수원시 장안구 파장동 216-1,9,11,1,1,0,0,6,1,0,운영지원과 행정팀,,정시,09:00~18:00,,공공기관-지방자치단체,수세식,N,N,,N,N,,,2026-02-20,I,2026-05-15 18:43:46,2026-02-23 15:33:01
3740000,202437400000101277,공중화장실,법제3조제16호-영제3조제1항제3호,차세대융합기술연구원,경기도 수원시 영통구 광교로145,경기도 수원시 영통구 이의동 864-1,108,127,3,0,0,0,165,3,0,차세대융합기술연구원,,상시,,,공공기관-지방자치단체,수세식,N,N,,N,N,,,2026-02-20,I,2026-05-15 18:43:46,2026-02-23 15:32:32
3740000,202437400000101278,공중화장실,법제3조제16호-영제3조제1항제3호,경인지방병무청,경기도 수원시 팔달구 고화로 120,경기도 수원시 팔달구 화서1동 53,21,30,2,0,0,0,15,0,0,경인지방병무청,,정시,09:00~18:00,,공공기관-지방자치단체,수세식,N,N,,N,N,,,2026-02-20,I,2026-05-15 18:43:46,2026-02-23 15:31:18
3740000,202437400000101279,공중화장실,법제3조제11호,월드컵주유소,경기도 수원시 영통구 광교로 66(이의동),경기도 수원시 영통구 이의동 1357,1,2,0,0,0,0,2,0,0,월드컵주유소,,상시,,,공공기관-지방자치단체,수세식,N,N,,N,N,,,2026-02-20,I,2026-05-15 18:43:46,2026-02-23 15:30:53
3740000,202437400000101280,공중화장실,법제3조제1호,쌍우물,경기도 수원시 팔달구 고등로 31 (고등동),경기도 수원시 팔달구 고등동 156-13,2,2,1,1,1,0,5,1,1,팔달구 녹지공원과,,상시,,,공공기관-지방자치단체,수세식,Y,Y,여자화장실,N,Y,남자화장실+여자화장실,,2026-02-20,I,2026-05-15 18:43:46,2026-02-23 15:30:24
3740000,202437400000101281,공중화장실,법제3조제1호,노송,경기도 수원시 장안구 장안로346번길 70,경기도 수원시 장안구 이목동 산110,3,3,1,1,1,0,6,1,1,장안구 녹지공원과,,상시,,,공공기관-지방자치단체,수세식,Y,Y,여자화장실,N,Y,남자화장실+여자화장실,,2026-02-20,I,2026-05-15 18:43:46,2026-02-23 15:29:27
3740000,202437400000101282,공중화장실,법제3조제1호,111CM,경기도 수원시 장안구 수성로 195,경기도 수원시 장안구 정자동 111-19,3,3,1,1,1,0,6,1,1,장안구 녹지공원과,,상시,,,공공기관-지방자치단체,수세식,Y,Y,여자화장실,N,Y,남자화장실+여자화장실,,2026-02-20,I,2026-05-15 18:43:46,2026-02-23 15:29:04
3740000,202437400000101283,공중화장실,법제3조제1호,대유평,"경기도 수원시 장안구 수성로 195, 111CM (정자동)",경기도 수원시 장안구 정자동 948 111CM,4,4,1,1,1,0,8,1,1,장안구 녹지공원과,,상시,,,공공기관-지방자치단체,수세식,Y,Y,여자화장실,N,Y,남자화장실+여자화장실,,2026-02-20,I,2026-05-15 18:43:46,2026-02-23 15:28:11
3740000,202437400000101284,공중화장실,법제3조제11호,희망주유소,경기도 수원시 권선구 서수원로63번길 171(오목천동),경기도 수원시 권선구 오목천동 893-7,0,0,0,0,0,0,0,0,0,희망주유소,,상시,,,공공기관-지방자치단체,수세식,N,N,,N,N,,,2026-02-20,I,2026-05-15 18:43:46,2026-02-23 15:26:58
3740000,202437400000101285,공중화장실,법제3조제11호,흠플러스 동수원점,경기도 수원시 팔달구 효원로 257(인계동),경기도 수원시 팔달구 인계동 1045,16,19,2,0,0,3,33,0,0,홈플러스 동수원점,,정시,10:00~24:.00,,공공기관-지방자치단체,수세식,N,N,,N,N,,,2026-02-20,I,2026-05-15 18:43:46,2026-02-23 15:26:35
3740000,202437400000101286,공중화장실,법제3조제11호,효원주유소,경기도 수원시 팔달구 효원로 181 (인계동),경기도 수원시 팔달구 인계동 1008-14,1,1,0,0,0,0,2,0,0,효원주유소,,정시,06:00~22:00,,공공기관-지방자치단체,수세식,N,N,,N,N,,,2026-02-20,I,2026-05-15 18:43:46,2026-02-23 15:26:06
3740000,202437400000101287,공중화장실,법제3조제1호,황새말,"경기도 수원시 팔달구 일월로22번길 23, 녹색교통회관 (화서동)",경기도 수원시 팔달구 화서동 717 녹색교통회관,3,2,0,0,0,0,3,0,3,수원시 팔달구 녹지공원과,,상시,,,공공기관-지방자치단체,수세식,Y,Y,여자화장실,Y,Y,여자화장실,,2026-02-20,I,2026-05-15 18:43:46,2026-02-23 15:23:17
3740000,202437400000101288,공중화장실,법제3조제16호-영제3조제1항제3호,화서환승,경기도 수원시 팔달구 덕영대로 691-13(화서2동),경기도 수원시 팔달구 화서2동 643,2,6,1,0,0,0,2,1,0,수원도시공사,,상시,,,공공기관-지방자치단체,수세식,N,N,,N,N,,,2026-02-20,I,2026-05-15 18:43:46,2026-02-23 15:22:17
3740000,202437400000101289,공중화장실,법제3조제11호,화서제일주유소,경기도 수원시 팔달구 덕영대로749번길 2 (화서동),경기도 수원시 팔달구 화서동 224-7,1,2,0,0,0,0,1,0,0,화서제일주유소,,정시,06:00~22:00,,공공기관-지방자치단체,수세식,N,N,,N,N,,,2026-02-20,I,2026-05-15 18:43:46,2026-02-23 15:21:47
3740000,202437400000101290,공중화장실,법제3조제8호,화서역,"경기도 수원시 팔달구 덕영대로 692, 화서역 (화서동)",경기도 수원시 팔달구 화서동 464 화서역,4,3,1,1,0,0,7,1,0,화서역,,정시,20시간,,공공기관-지방자치단체,수세식,Y,Y,여자화장실,Y,N,,,2026-02-20,I,2026-05-15 18:43:46,2026-02-23 15:21:18
3740000,202437400000101291,공중화장실,법제3조제16호-영제3조제1항제3호,화서문지구대,경기도 수원시 팔달구 수성로182번길 3(화서동),경기도 수원시 팔달구 화서동 647-1,1,1,1,0,0,0,1,0,0,수원중부경찰서,,상시,,,공공기관-지방자치단체,수세식,Y,Y,여자화장실,N,N,,,2026-02-20,I,2026-05-15 18:43:46,2026-02-23 15:20:11
3740000,202437400000101292,공중화장실,법제3조제1호,화서문,경기도 수원시 장안구 화서문로 5(영화동),경기도 수원시 장안구 영화동 372-17,2,2,1,1,0,0,3,1,0,수원시 화성사업소,,상시,,,공공기관-지방자치단체,수세식,Y,Y,여자화장실,N,Y,여자화장실,,2026-02-20,I,2026-05-15 18:43:46,2026-02-23 15:19:45
3740000,202437400000101293,공중화장실,법제3조제16호-영제3조제1항제3호,화서다산도서관,경기도 수원시 팔달구 화양로68번길 7-35(화서동),경기도 수원시 팔달구 화서동 262,5,6,3,0,1,0,15,3,1,수원시 도서관사업소,,정시,"09:00~18:00(첫째, 셋째주 월요일 휴무)",,공공기관-지방자치단체,수세식,Y,Y,여자화장실,N,Y,여자화장실,,2026-02-20,I,2026-05-15 18:43:46,2026-02-23 15:19:18
3740000,202437400000101294,공중화장실,법제3조제16호-영제3조제1항제3호,화서2동행정복지센터,경기도 수원시 팔달구 화산로6번길 6 (화서동),경기도 수원시 화서동 689-1,6,6,1,0,0,0,9,1,0,화서2동행정복지센터,,정시,평일 09:00~18:00,,공공기관-지방자치단체,수거식,Y,Y,여자화장실,N,N,,,2026-02-20,I,2026-05-15 18:43:46,2026-02-23 15:18:48
3740000,202437400000101295,공중화장실,법제3조제16호-영제3조제1항제3호,화서1동행정복지센터,경기도 수원시 팔달구 동말로4번길 10(화서동),경기도 수원시 팔달구 화서동 184-357,6,9,1,0,0,0,7,2,0,화서1동행정복지센터,,정시,평일 09:00~18:00,,공공기관-지방자치단체,수세식,Y,Y,여자화장실,N,Y,여자화장실,,2026-02-20,I,2026-05-15 18:43:46,2026-02-23 15:18:32
3740000,202437400000101296,공중화장실,법제3조제1호,화산공원중앙,경기도 화성시 태안로263번길 화산체육공원(송산동),경기도 화성시 송산동 91-7,4,6,2,0,0,0,4,2,0,수원도시공사,,상시,,,공공기관-지방자치단체,수세식,Y,Y,여자화장실,N,Y,여자화장실,,2026-02-20,I,2026-05-15 18:43:46,2026-02-23 15:18:11
3740000,202437400000101297,공중화장실,법제3조제1호,화산공원,경기도 화성시 태안로263번길 화산체육공원(송산동),경기도 화성시 송산동 91-7,6,7,1,0,0,0,6,1,0,수원도시공사,,상시,,,공공기관-지방자치단체,수세식,Y,Y,여자화장실,N,Y,여자화장실,,2026-02-20,I,2026-05-15 18:43:46,2026-02-23 15:17:44
3740000,202437400000101299,공중화장실,법제3조제17호-영제3조제2항제1호,홈플러스 영통점,경기도 수원시 영통구 봉영로 1576(영통동),경기도 수원시 영통구 영통동 994-2,19,21,0,0,0,3,34,2,1,홈플러스 영통점,,정시,10:00~24:.00,,공공기관-지방자치단체,수세식,N,N,,Y,N,,,2026-02-20,I,2026-05-15 18:43:46,2026-02-23 15:15:20
3740000,202437400000101300,공중화장실,법제3조제17호-영제3조제2항제1호,홈플러스 서수원점,"경기도 수원시 권선구 금곡로 236, 홈플러스 (금곡동)",경기도 수원시 권선구 금곡동 1116 홈플러스,8,12,1,1,1,1,17,1,1,홈플러스 서수원점,,정시,10:00~12:00,,공공기관-지방자치단체,수세식,N,N,,Y,N,,,2026-02-20,I,2026-05-15 18:43:46,2026-02-23 15:14:45
3740000,202437400000101301,공중화장실,법제3조제17호-영제3조제2항제1호,홈플러스 북수원점,경기도 수원시 장안구 경수대로 930(조원동),경기도 수원시 장안구 조원동 896,19,19,0,0,0,3,32,4,0,홈플러스 북수원점,,정시,10:00~24:00,,공공기관-지방자치단체,수세식,Y,Y,장애인화장실,N,N,,,2026-02-20,I,2026-05-15 18:43:46,2026-02-23 15:13:30
3740000,202437400000101302,공중화장실,법제3조제16호-영제3조제1항제3호,호매실지구대,경기도 수원시 권선구 금곡로 190(금곡동),경기도 수원시 권선구 금곡동 1119-1,1,1,0,0,0,0,1,0,0,수원서부경찰서,,상시,,,공공기관-지방자치단체,수세식,N,N,,N,N,,,2026-02-20,I,2026-05-15 18:43:46,2026-02-23 15:12:27
3740000,202437400000101304,공중화장실,법제3조제16호-영제3조제1항제3호,호매실장애인종합복지관 1층,경기도 수원시 권선구 호매실로 211(호매실동),경기도 수원시 권선구 호매실동 1385,1,2,1,1,0,0,3,1,0,수원시 장애인복지과,,정시,06:00~22:00,,공공기관-지방자치단체,수세식,Y,Y,여자화장실,N,Y,여자화장실,,2026-02-20,I,2026-05-15 18:43:46,2026-02-23 15:09:53
3740000,202437400000101305,공중화장실,법제3조제16호-영제3조제1항제3호,호매실동행정복지센터,경기도 수원시 권선구 칠보로 161(호매실동),경기도 수원시 권선구 호매실동 1367,6,6,3,3,0,0,12,3,0,호매실동행정복지센터,,정시,평일 09:00~18:00,,공공기관-지방자치단체,수세식,Y,Y,장애인화장실,N,Y,여자화장실,,2026-02-20,I,2026-05-15 18:43:46,2026-02-23 15:09:26
3740000,202437400000101306,공중화장실,법제3조제16호-영제3조제1항제3호,호매실도서관,경기도 수원시 권선구 칠보로 169(호매실동),경기도 수원시 권선구 호매실동 1369,7,4,1,4,1,0,15,1,1,호매실도서관,,정시,"평일 07:00 - 23:00, 주말 07:00 - 21:00",,공공기관-지방자치단체,수세식,Y,Y,여자화장실,N,N,,,2026-02-20,I,2026-05-15 18:43:46,2026-02-23 15:09:09
3740000,202437400000101307,공중화장실,법제3조제1호,혜령,경기도 수원시 영통구 에듀타운로 91(이의동),경기도 수원시 영통구 이의동 1354,2,2,1,1,1,1,8,1,2,수원시 영통구 녹지공원과,,정시,06:00~22:00,,공공기관-지방자치단체,수세식,Y,Y,여자화장실,N,N,,,2026-02-20,I,2026-05-15 18:43:46,2026-02-23 15:08:51
3740000,202437400000101308,공중화장실,법제3조제11호,형제주유소,경기도 수원시 권선구 수인로 446 (입북동),경기도 수원시 권선구 입북동 426-1,2,2,0,0,0,0,2,0,0,형제주유소,,정시,06:00~22:00,,공공기관-지방자치단체,수세식,N,N,,N,N,,,2026-02-20,I,2026-05-15 18:43:46,2026-02-23 15:08:27
3740000,202437400000101309,공중화장실,법제3조제1호,현충탑공원,경기도 수원시 팔달구 동수원로 335(인계동),경기도 수원시 팔달구 인계동 1128,2,3,1,0,0,0,5,1,0,수원시 사회복지과,,상시,,,공공기관-지방자치단체,수세식,Y,Y,여자화장실,N,Y,여자화장실,,2026-02-20,I,2026-05-15 18:43:46,2026-02-23 15:07:54
3740000,202437400000101310,공중화장실,법제3조제11호,현대오일뱅크(주)직영 수원제일주유소,경기도 수원시 팔달구 권광로 273 (인계동),경기도 수원시 팔달구 인계동 369-7,0,1,0,0,0,0,1,0,0,현대오일뱅크(주)직영 수원제일주유소,,정시,06:00~22:00,,공공기관-지방자치단체,수세식,N,N,,N,N,,,2026-02-20,I,2026-05-15 18:43:46,2026-02-23 15:07:27
3740000,202437400000101311,공중화장실,법제3조제11호,현대석유 서광주유소,"경기도 수원시 장안구 서부로 2370 (이목동, LG주유소)",경기도 수원시 장안구 이목동 243-5,2,2,0,0,0,0,1,0,0,현대석유 서광주유소,,상시,,,공공기관-지방자치단체,수세식,N,N,,N,N,,,2026-02-20,I,2026-05-15 18:43:46,2026-02-23 15:06:44
3740000,202437400000101312,공중화장실,법제3조제11호,현대삼성주유소(태양제2),경기도 수원시 장안구 경수대로 1011 (송죽동),경기도 수원시 장안구 송죽동 440-4,1,0,0,0,0,0,1,0,0,현대삼성주유소(태양제2),,정시,06:00~22:00,,공공기관-지방자치단체,수세식,N,N,,N,N,,,2026-02-20,I,2026-05-15 18:43:46,2026-02-23 15:05:49
3740000,202437400000101313,공중화장실,법제3조제11호,행정타운주유소,경기도 수원시 권선구 권선로 98 (호매실동),경기도 수원시 권선구 호매실동 1395,1,1,0,0,0,0,1,0,0,행정타운주유소,,상시,,,공공기관-지방자치단체,수세식,N,N,,N,N,,,2026-02-20,I,2026-05-15 18:43:46,2026-02-23 15:04:40
3740000,202437400000101314,공중화장실,법제3조제3호,행복한들,경기도 수원시 영통구 광교호수로 127(하동),경기도 수원시 영통구 하동 1026-1공 (호수공원),2,4,1,6,0,0,8,1,1,수원시 공원녹지사업소,,상시,,,공공기관-지방자치단체,수세식,N,N,,N,Y,여자화장실,,2026-02-20,I,2026-05-15 18:43:46,2026-02-23 15:04:14
3740000,202437400000101315,공중화장실,법제3조제3호,행궁파출소,경기도 수원시 팔달구 창룡대로 48(남수동),경기도 수원시 팔달구 남수동 11-841,0,1,1,0,0,0,1,1,0,수원팔달경찰서,,상시,,,공공기관-지방자치단체,수세식,N,N,,N,N,,,2026-02-20,I,2026-05-15 18:43:46,2026-02-23 15:03:53
3740000,202437400000101316,공중화장실,법제3조제3호,행궁동행정복지센터,경기도 수원시 팔달구 신풍로23번길 40(신풍동),경기도 수원시 팔달구 신풍동 100,3,4,1,1,0,0,5,1,0,행궁동행정복지센터,,정시,평일 09:00~18:00,,공공기관-지방자치단체,수세식,N,N,,N,N,,,2026-02-20,I,2026-05-15 18:43:46,2026-02-23 15:03:28
3740000,202437400000101317,공중화장실,법제3조제3호,해우재,경기도 수원시 장안구 장안로 463(이목동),경기도 수원시 장안구 이목동 184-6,4,2,2,2,3,1,7,2,3,수원시 청소자원과,,상시,,,공공기관-지방자치단체,수세식,Y,Y,여자화장실,N,Y,여자화장실,,2026-02-20,I,2026-05-15 18:43:46,2026-02-23 15:03:08
3740000,202437400000101319,공중화장실,법제3조제3호,항아리,경기도 수원시 장안구 파장천로144-8(파장동),경기도 수원시 장안구 파장동 산109-1,2,3,0,0,0,0,3,0,0,수원시 장안구 생활안전과,,상시,,,공공기관-지방자치단체,수세식,Y,Y,여자화장실,N,Y,여자화장실,,2026-02-20,I,2026-05-15 18:43:46,2026-02-23 14:59:29
3740000,202437400000101320,공중화장실,법제3조제3호,한미석유 동수원톨게이트,경기도 수원시 영통구 창룡대로 363(이의동),경기도 수원시 영통구 이의동 832-4,2,2,0,0,0,0,2,0,0,한미석유 동수원톨게이트,,상시,,,공공기관-지방자치단체,수세식,N,N,,N,N,,,2026-02-20,I,2026-05-15 18:43:46,2026-02-23 14:58:53
3740000,202437400000101321,공중화장실,법제3조제3호,한림도서관,"경기도 수원시 권선구 동수원로25번길 32-110, 한림도서관 (권선동)",경기도 수원시 권선구 권선동 1355-4 한림도서관,5,5,2,2,0,2,12,2,0,한림도서관,,정시,"평일 7:00~23:00, 주말 7:00~21:00",,공공기관-지방자치단체,수세식,Y,Y,여자화장실,N,N,,,2026-02-20,I,2026-05-15 18:43:46,2026-02-23 14:57:41
3740000,202437400000101322,공중화장실,법제3조제3호,한독병원,"경기도 수원시 팔달구 경수대로 487, 한독병원 (인계동)",경기도 수원시 팔달구 인계동 966-2 한독병원,1,1,0,0,0,0,2,0,0,한독병원,,정시,09:00~18:00,,공공기관-지방자치단체,수세식,N,N,,N,N,,,2026-02-20,I,2026-05-15 18:43:46,2026-02-23 14:56:33
3740000,202437400000101323,공중화장실,법제3조제11호,하이웨이주유소,경기도 수원시 권선구 매송고색로 513 (오목천동),경기도 수원시 권선구 오목천동 361-2,1,1,0,0,0,0,2,0,0,하이웨이주유소,,정시,06:00~22:00,,공공기관-지방자치단체,수세식,N,N,,N,N,,,2026-02-20,I,2026-05-15 18:43:46,2026-02-23 14:55:57
3740000,202437400000101324,공중화장실,법제3조제11호,하늘에너지(주)대창주유소,경기도 수원시 팔달구 경수대로 682(우만동),경기도 수원시 팔달구 우만동 489-14,1,1,0,0,0,0,2,0,0,하늘에너지(주)대창주유소,,상시,,,공공기관-지방자치단체,수세식,N,N,,N,N,,,2026-02-20,I,2026-05-15 18:43:46,2026-02-23 14:55:27
3740000,202437400000101325,공중화장실,법제3조제11호,푸른현대주유소,경기도 수원시 팔달구 팔달로 137 (화서동),경기도 수원시 팔달구 화서동 71-10,0,0,0,0,0,0,0,0,0,푸른현대주유소,,상시,,,공공기관-지방자치단체,수세식,N,N,,N,N,,,2026-02-20,I,2026-05-15 18:43:46,2026-02-23 14:54:54
3740000,202437400000101327,공중화장실,법제3조제3호,평동행정복지센터,경기도 수원시 권선구 수원시 권선구 평동로76번길 13(평동),경기도 수원시 권선구 평동 35-6,4,11,1,1,0,0,3,3,0,평동행정복지센터,,정시,평일 09:00~18:00,,공공기관-지방자치단체,수세식,N,N,,N,N,,,2026-02-20,I,2026-05-15 18:43:46,2026-02-23 14:52:54
3740000,202437400000101328,공중화장실,법제3조제11호,평동그린주유소,경기도 수원시 권선구 매송고색로 864 (평동),경기도 수원시 권선구 평동 56-1,2,2,0,0,0,0,1,0,0,평동그린주유소,,정시,06:00~22:00,,공공기관-지방자치단체,수세식,N,N,,N,N,,,2026-02-20,I,2026-05-15 18:43:46,2026-02-23 14:52:32
3740000,202437400000101329,공중화장실,법제3조제11호,팔달주유소,경기도 수원시 팔달구 중부대로 64 (인계동),경기도 수원시 팔달구 인계동 740-9,1,1,0,0,0,0,1,0,0,팔달주유소,,상시,,,공공기관-지방자치단체,수세식,N,N,,N,N,,,2026-02-20,I,2026-05-15 18:43:46,2026-02-23 14:50:50
3740000,202437400000101330,공중화장실,법제3조제16호-영제3조제1항제3호,팔달문시장 고객지원센터,경기도 수원시 팔달구 팔달문로9(팔달로2가),경기도 수원시 팔달구 팔달로2가 48-1,5,7,1,1,0,2,10,1,0,수원시 지역경제과,,정시,평일09:00~18:00/토요일09:00~13:00,,공공기관-지방자치단체,수거식,Y,Y,여자화장실,N,Y,여자화장실,,2026-02-20,I,2026-05-15 18:43:46,2026-02-23 14:50:26
3740000,202437400000101331,공중화장실,법제3조제16호-영제3조제1항제3호,팔달문,경기도 수원시 팔달구 팔달로3가 103(행궁동),경기도 수원시 팔달구 행궁동,1,3,0,0,0,0,4,0,0,수원시 화성사업소,,상시,,,공공기관-지방자치단체,수세식,Y,Y,여자화장실,N,Y,여자화장실,,2026-02-20,I,2026-05-15 18:43:46,2026-02-23 14:50:07
3740000,202437400000101333,공중화장실,법제3조제3호,팔달노인복지관 지하1층,경기도 수원시 팔달구 수원천로 343(북수동),경기도 수원시 팔달구 북수동 274-7,2,3,1,0,0,0,5,0,0,팔달노인복지관,,정시,평일09:00~18:00/토요일09:00~13:00,,공공기관-지방자치단체,수세식,Y,Y,장애인화장실,N,N,,,2026-02-20,I,2026-05-15 18:43:46,2026-02-23 14:49:31
3740000,202437400000101335,공중화장실,법제3조제3호,팔달노인복지관 2층,경기도 수원시 팔달구 수원천로 343(북수동),경기도 수원시 팔달구 북수동 274-7,2,2,0,0,0,0,5,0,0,팔달노인복지관,,정시,평일09:00~18:00/토요일09:00~13:00,,공공기관-지방자치단체,수세식,Y,Y,여자화장실,N,N,,,2026-02-20,I,2026-05-15 18:43:46,2026-02-23 14:49:10
3740000,202437400000101337,공중화장실,법제3조제3호,팔달노인복지관 1층,경기도 수원시 팔달구 수원천로 343(북수동),경기도 수원시 팔달구 북수동 274-7,2,3,1,0,0,0,5,1,0,팔달노인복지관,,정시,평일09:00~18:00/토요일09:00~13:00,,공공기관-지방자치단체,수세식,Y,Y,장애인화장실,N,N,,,2026-02-20,I,2026-05-15 18:43:46,2026-02-23 14:48:50
3740000,202437400000101338,공중화장실,법제3조제3호,팔달구청,"경기도 수원시 팔달구 창룡대로 23 (매향동, 팔달구청)",경기도 수원시 팔달구 매향동 49,1,1,1,0,0,0,1,1,0,팔달구청,,상시,,,공공기관-지방자치단체,수세식,Y,Y,여자화장실,Y,Y,여자화장실,,2026-02-20,I,2026-05-15 18:43:46,2026-02-23 14:47:18
3740000,202437400000101339,공중화장실,법제3조제3호,팔달구보건소,경기도 수원시 팔달구 팔달산로 6(교동),경기도 수원시 팔달구 교동 56-1,2,2,2,1,0,0,3,1,0,팔달구보건소,,정시,평일 09:00~18:00,,공공기관-지방자치단체,수세식,Y,Y,여자화장실,N,Y,여자화장실,,2026-02-20,I,2026-05-15 18:43:46,2026-02-23 14:46:54
3740000,202437400000101340,공중화장실,법제3조제3호,파장동행정복지센터,경기도 수원시 장안구 파장천로60(파장동),경기도 수원시 장안구 파장동 381,6,6,1,1,0,0,9,1,1,파장동행정복지센터,,정시,평일 09:00~18:00,,공공기관-지방자치단체,수세식,Y,Y,여자화장실,N,N,,,2026-02-20,I,2026-05-15 18:43:46,2026-02-23 14:46:25
3740000,202437400000101341,공중화장실,법제3조제3호,퉁소바위,경기도 수원시 장안구 창룡대로151번길 13,경기도 수원시 장안구 연무동 산21-1(퉁소바위공원),1,2,0,0,1,0,2,0,1,수원시 장안구 녹지공원과,,상시,,,공공기관-지방자치단체,수세식,Y,Y,여자화장실,N,N,,,2026-02-20,I,2026-05-15 18:43:46,2026-02-23 14:46:00
3740000,202437400000101342,공중화장실,법제3조제3호,텃밭,,경기도 수원시 권선구 구운동 56-1(일월공원),2,2,1,1,0,0,3,0,0,수원시 장안구 녹지공원과,,상시,,,공공기관-지방자치단체,수세식,Y,Y,여자화장실,N,Y,여자화장실,,2026-02-20,I,2026-05-15 18:43:46,2026-02-23 14:45:31
3740000,202437400000101343,공중화장실,법제3조제3호,태장파출소,경기도 수원시 영통구 영통로143(망포동),경기도 수원시 영통구 망포동 396-1,1,1,0,0,0,0,1,0,0,수원영통경찰서,,상시,,,공공기관-지방자치단체,수세식,N,N,,N,N,,,2026-02-20,I,2026-05-15 18:43:46,2026-02-23 14:44:00
3740000,202437400000101344,공중화장실,법제3조제3호,태장마루도서관,경기도 수원시 영통구 태장로 46(망포동),경기도 수원시 영통구 망포동 234-44,12,15,4,4,0,1,28,4,0,수원시도서관사업소,,정시,"07:00~23:00(첫째, 셋째주 월요일 휴무)",,공공기관-지방자치단체,수세식,Y,Y,여자화장실,N,Y,여자화장실,,2026-02-20,I,2026-05-15 18:43:46,2026-02-23 14:43:33
3740000,202437400000101345,공중화장실,법제3조제11호,탑주유소,경기도 수원시 권선구 서부로 1774 (탑동),경기도 수원시 권선구 탑동 435-3,1,1,0,0,0,0,2,0,0,탑주유소,,상시,,,공공기관-지방자치단체,수세식,N,N,,N,N,,,2026-02-20,I,2026-05-15 18:43:46,2026-02-23 14:43:11
3740000,202437400000101346,공중화장실,법제3조제11호,탑동충전소,경기도 수원시 권선구 서부로 1782 (탑동),경기도 수원시 권선구 탑동 428-2,1,2,0,0,0,0,1,0,0,탑동충전소,,정시,00:00~24:00,,공공기관-지방자치단체,수세식,N,N,,N,N,,,2026-02-20,I,2026-05-15 18:43:46,2026-02-23 14:42:46
3740000,202437400000101347,공중화장실,법제3조제3호,탑동,경기도 수원시 권선구 탑동로57번길 35(탑동),경기도 수원시 권선구 탑동 746-1,2,1,1,1,0,0,3,1,0,수원시 권선구 녹지공원과,,상시,,,공공기관-지방자치단체,수세식,Y,Y,여자화장실,Y,N,,,2026-02-20,I,2026-05-15 18:43:46,2026-02-23 14:42:20
3740000,202437400000101348,공중화장실,법제3조제3호,클래식(서쪽),경기도 수원시 팔달구 동수원로335(인계동),경기도 수원시 팔달구 인계동 1128,5,7,1,0,0,4,5,1,9,수원시 팔달구 녹지공원과,,상시,,,공공기관-지방자치단체,수세식,Y,Y,여자화장실,N,N,,,2026-02-20,I,2026-05-15 18:43:46,2026-02-23 14:41:57
3740000,202437400000101349,공중화장실,법제3조제3호,클래식(동쪽),경기도 수원시 팔달구 동수원로335(인계동),경기도 수원시 팔달구 인계동 1128,5,7,1,0,0,3,5,1,8,수원시 팔달구 녹지공원과,,상시,,,공공기관-지방자치단체,수세식,Y,Y,여자화장실,N,N,,,2026-02-20,I,2026-05-15 18:43:46,2026-02-23 14:41:35
3740000,202437400000101350,공중화장실,법제3조제3호,축구공(함성),경기도 수원시 팔달구 월드컵로310(우만동),경기도 수원시 팔달구 우만동 228,2,4,1,0,0,0,3,1,0,(재)월드컵경기장관리재단,,정시,06:00~23:00,,공공기관-지방자치단체,수세식,Y,Y,여자화장실,N,Y,여자화장실,,2026-02-20,I,2026-05-15 18:43:46,2026-02-23 14:41:13
3740000,202437400000101351,공중화장실,법제3조제3호,축구공(하나),경기도 수원시 팔달구 월드컵로310(우만동),경기도 수원시 팔달구 우만동 228,2,4,1,0,0,0,3,1,0,(재)월드컵경기장관리재단,,상시,,,공공기관-지방자치단체,수세식,Y,Y,여자화장실,N,Y,여자화장실,,2026-02-20,I,2026-05-15 18:43:46,2026-02-23 14:40:54
3740000,202437400000101352,공중화장실,법제3조제3호,축구공(감동),경기도 수원시 팔달구 월드컵로310(우만동),경기도 수원시 팔달구 우만동 228,2,4,1,0,0,0,3,1,0,(재)월드컵경기장관리재단,,정시,06:00~23:00,,공공기관-지방자치단체,수세식,Y,Y,여자화장실,N,Y,여자화장실,,2026-02-20,I,2026-05-15 18:43:46,2026-02-23 14:40:30
3740000,202437400000101353,공중화장실,법제3조제11호,청호주유소,경기도 수원시 권선구 수인로 57 (서둔동),경기도 수원시 권선구 서둔동 8-22,1,2,0,0,0,0,1,0,0,청호주유소,,상시,,,공공기관-지방자치단체,수세식,N,N,,N,N,,,2026-02-20,I,2026-05-15 18:43:46,2026-02-23 14:40:03
3740000,202437400000101354,공중화장실,법제3조제11호,청송주유소,경기도 수원시 권선구 권선로 331 (서둔동),경기도 수원시 권선구 서둔동 79-12,1,2,0,0,0,0,2,0,0,청송주유소,,상시,,,공공기관-지방자치단체,수세식,N,N,,N,N,,,2026-02-20,I,2026-05-15 18:43:46,2026-02-23 14:39:40
3740000,202437400000101355,공중화장실,법제3조제3호,청소년문화,,경기도 수원시 팔달구 인계동 351-1,2,3,1,0,0,1,7,1,4,수원시 팔달구 녹지공원과,,상시,,,공공기관-지방자치단체,수세식,Y,Y,여자화장실,N,Y,여자화장실,,2026-02-20,I,2026-05-15 18:43:46,2026-02-23 14:38:54
3740000,202437400000101356,공중화장실,법제3조제3호,청명역 화장실,경기도 수원시 영통구 봉영로 지하 1670(영통동),경기도 수원시 영통구 영통동 1055,8,12,1,0,1,1,21,1,1,한국철도공사 수도권동부본부,,정시,20시간,,공공기관-지방자치단체,수세식,N,N,,N,N,,,2026-02-20,I,2026-05-15 18:43:46,2026-02-23 14:37:34
3740000,202437400000101357,공중화장실,법제3조제11호,청담아이파크주유소,경기도 수원시 권선구 경수대로 229 (세류동),경기도 수원시 권선구 세류동 1150-22,1,2,0,0,0,0,1,0,0,청담아이파크주유소,,상시,,,공공기관-지방자치단체,수세식,N,N,,N,N,,,2026-02-20,I,2026-05-15 18:43:46,2026-02-23 14:36:49
3740000,202437400000101358,공중화장실,법제3조제3호,청개구리,"경기도 수원시 장안구 상률로 37-18, 청개구리 공중화장실(밤밭청개구리공원) (율전동)",경기도 수원시 장안구 율전동 124-1 청개구리 공중화장실(밤밭청개구리공원),3,2,1,1,0,0,5,0,0,수원시 장안구 녹지공원과,,상시,,,공공기관-지방자치단체,수세식,Y,Y,여자화장실,N,Y,여자화장실,,2026-02-20,I,2026-05-15 18:43:46,2026-02-23 14:35:40
3740000,202437400000101359,공중화장실,법제3조제11호,천천주유소,경기도 수원시 장안구 덕영대로 557 (천천동),경기도 수원시 장안구 천천동 521,2,2,0,0,0,0,1,0,0,천천주유소,,상시,,,공공기관-지방자치단체,수세식,N,N,,N,N,,,2026-02-20,I,2026-05-15 18:43:46,2026-02-23 14:35:07
3740000,202437400000101360,공중화장실,법제3조제3호,천천3,"경기도 수원시 장안구 정자천로 82, 천천3 (정자동)",경기도 수원시 장안구 정자동 925 천천3,2,2,1,0,0,0,2,0,0,수원시 장안구 녹지공원과,,상시,,,공공기관-지방자치단체,수세식,Y,Y,여자화장실,N,Y,여자화장실,,2026-02-20,I,2026-05-15 18:43:46,2026-02-23 14:32:44
3740000,202437400000101361,공중화장실,법제3조제3호,창진가스에너지,경기도 수원시 권선구 서수원로 21 (오목천동),경기도 수원시 권선구 오목천동 740-1,2,2,0,0,0,0,2,0,0,창진가스에너지,,정시,00:00~24:00,,공공기관-지방자치단체,수세식,N,N,,N,N,,,2026-02-20,I,2026-05-15 18:43:46,2026-02-23 14:31:47
3740000,202437400000101362,공중화장실,법제3조제3호,연무지구대,경기도 수원시 장안구 경수대로 758(연무동),경기도 수원시 팔달구 연무동 254-11,1,1,1,0,0,0,1,0,0,수원장안경찰서,,상시,,,공공기관-지방자치단체,수세식,N,N,,N,N,,,2026-02-20,I,2026-05-15 18:43:46,2026-02-23 14:30:31
3740000,202437400000101363,공중화장실,법제3조제3호,창룡문외성,경기도 수원시 팔달구 경수대로 697(지동),경기도 수원시 팔달구 지동 261-59,4,6,1,1,1,0,7,0,1,수원시 화성사업소,,상시,,,공공기관-지방자치단체,수세식,N,N,,N,Y,여자화장실,,2026-02-20,I,2026-05-15 18:43:46,2026-02-23 14:29:48
3740000,202437400000101364,공중화장실,법제3조제3호,창룡도서관,경기도 수원시 팔달구 월드컵로 381번길 36(우만동),경기도 수원시 팔달구 우만동 582,6,9,3,0,0,3,12,3,3,수원시 도서관사업소,,정시,07:00~23:00(매주 금요일 휴무),,공공기관-지방자치단체,수세식,Y,Y,여자화장실,N,Y,여자화장실,,2026-02-20,I,2026-05-15 18:43:46,2026-02-23 14:29:11
3740000,202437400000101365,공중화장실,법제3조제11호,참좋은주유소,경기도 수원시 권선구 정조로 599 (세류동),경기도 수원시 권선구 세류동 147-3,1,1,0,0,0,0,1,0,0,참좋은주유소,,정시,05:00~24:00,,공공기관-지방자치단체,수세식,N,N,,N,N,,,2026-02-20,I,2026-05-15 18:43:46,2026-02-23 14:28:50
3740000,202437400000101366,공중화장실,법제3조제3호,참새(황골공원),경기도 수원시 영통구 영통로 530(영통동),경기도 수원시 영통구 영통동 948-2,2,2,0,0,0,0,2,0,0,수원시 영통구 녹지공원과,,상시,,,공공기관-지방자치단체,수세식,Y,Y,여자화장실,N,N,,,2026-02-20,I,2026-05-15 18:43:46,2026-02-23 14:28:21
3740000,202437400000101367,공중화장실,법제3조제11호,진흥주유소,"경기도 수원시 권선구 수인로 173 (서둔동, 진흥주유소)",경기도 수원시 권선구 서둔동 247-25,2,2,0,0,0,0,1,0,0,진흥주유소,,정시,06:00~22:00,,공공기관-지방자치단체,수세식,N,N,,N,N,,,2026-02-20,I,2026-05-15 18:43:46,2026-02-23 14:27:59
3740000,202437400000101368,공중화장실,법제3조제3호,진달래,,경기도 수원시 팔달구 고등동42-140,3,3,1,0,0,1,4,0,0,수원시 화성사업소,,상시,,,공공기관-지방자치단체,수세식,N,N,,N,Y,여자화장실,,2026-02-20,I,2026-05-15 18:43:46,2026-02-23 14:27:27
3740000,202437400000101369,공중화장실,법제3조제11호,직영G&G(수원햄스터)주유소,경기도 수원시 권선구 매송고색로 810 (고색동),경기도 수원시 권선구 고색동 185-6,1,2,0,0,0,0,2,0,0,직영G&G(수원햄스터)주유소,,상시,,,공공기관-지방자치단체,수세식,N,N,,N,N,,,2026-02-20,I,2026-05-15 18:43:46,2026-02-23 14:26:54
3740000,202437400000101370,공중화장실,법제3조제3호,지혜샘도서관 3층,경기도 수원시 권선구 동탄원천로 818(권선동),경기도 수원시 권선구 권선동 1310,2,3,0,0,0,0,4,0,0,수원시도서관사업소,,정시,평일 09:00~18:00(매주 월요일 휴무),,공공기관-지방자치단체,수세식,Y,Y,여자화장실,N,N,,,2026-02-20,I,2026-05-15 18:43:46,2026-02-23 14:26:10
3740000,202437400000101371,공중화장실,법제3조제3호,지혜샘도서관 2층,경기도 수원시 권선구 동탄원천로 818(권선동),경기도 수원시 권선구 권선동 1310,2,3,0,0,0,0,4,0,0,수원시도서관사업소,,정시,평일 09:00~18:00(매주 월요일 휴무),,공공기관-지방자치단체,수세식,Y,Y,여자화장실,N,N,,,2026-02-20,I,2026-05-15 18:43:46,2026-02-23 14:25:54
3740000,202437400000101372,공중화장실,법제3조제3호,지혜샘도서관 1층,경기도 수원시 권선구 동탄원천로 818(권선동),경기도 수원시 권선구 권선동 1310,2,3,0,0,0,0,5,0,0,수원시도서관사업소,,정시,평일 09:00~18:00(매주 월요일 휴무),,공공기관-지방자치단체,수세식,Y,Y,여자화장실,N,N,,,2026-02-20,I,2026-05-15 18:43:46,2026-02-23 14:25:34
3740000,202437400000101373,공중화장실,법제3조제3호,지지대,"경기도 수원시 장안구 경수대로 1274, 수원시립북수원전시관(관리사무실) (파장동)",경기도 수원시 장안구 파장동 39-35 수원시립북수원전시관(관리사무실),2,3,1,0,0,1,4,0,0,수원시 장안구 녹지공원과,,상시,,,공공기관-지방자치단체,수세식,Y,Y,여자화장실,N,Y,여자화장실,,2026-02-20,I,2026-05-15 18:43:46,2026-02-23 14:26:27
3740000,202437400000101374,공중화장실,법제3조제11호,지에스칼텍스(주) 영통주유소,경기도 수원시 영통구 청명로 107(영통동),경기도 수원시 영통구 영통동 996-2,2,2,0,0,0,0,2,0,0,지에스칼텍스(주) 영통주유소,,상시,,,공공기관-지방자치단체,수세식,N,N,,N,N,,,2026-02-20,I,2026-05-15 18:43:46,2026-02-23 14:06:02
3740000,202437400000101375,공중화장실,법제3조제11호,지에스칼텍스(주) 수원역주유소,경기도 수원시 권선구 덕영대로 1003 (세류동),경기도 수원시 권선구 세류동 213,1,2,0,0,0,0,1,0,0,지에스칼텍스(주) 수원역주유소,,상시,,,공공기관-지방자치단체,수세식,N,N,,N,N,,,2026-02-20,I,2026-05-15 18:43:46,2026-02-23 14:05:40
3740000,202437400000101376,공중화장실,법제3조제11호,지에스칼텍스(주) 경향주유소,경기도 수원시 권선구 매송고색로 827 (평동),경기도 수원시 권선구 평동 43-5,2,2,0,0,0,0,2,0,0,지에스칼텍스(주) 경향주유소,,상시,,,공공기관-지방자치단체,수세식,N,N,,N,N,,,2026-02-20,I,2026-05-15 18:43:46,2026-02-23 14:05:15
3740000,202437400000101377,공중화장실,법제3조제3호,지성,경기도 수원시 영통구 동탄지성로 520,경기도 수원시 영통구 망포동 755,2,2,1,0,1,1,4,1,0,수원시 영통구 녹지공원과,,상시,,,공공기관-지방자치단체,수세식,Y,Y,여자화장실,N,N,,,2026-02-20,I,2026-05-15 18:43:46,2026-02-23 14:04:49
3740000,202437400000101378,공중화장실,법제3조제3호,지동행정복지센터,경기도 수원시 팔달구 세지로 339(지동),경기도 수원시 팔달구 지동 143-1 지동행정복지센터,4,2,2,2,0,0,8,2,0,지동행정복지센터,,정시,평일 09:00~18:00,,공공기관-지방자치단체,수세식,Y,Y,장애인화장실,N,Y,남자화장실,,2026-02-20,I,2026-05-15 18:43:46,2026-02-23 14:04:26
3740000,202437400000101379,공중화장실,법제3조제3호,중앙도서관,경기도 수원시 팔달구 팔달산로 318(교동),경기도 수원시 팔달구 교동 산3-3,8,10,1,1,1,0,8,1,1,수원시 도서관사업소,,정시,"07:00~23:00(첫째, 셋째주 월요일 휴무)",,공공기관-지방자치단체,수세식,Y,Y,여자화장실,Y,N,,,2026-02-20,I,2026-05-15 18:43:46,2026-02-23 14:04:01
3740000,202437400000101380,공중화장실,법제3조제3호,중보들B,경기도 수원시 권선구 산업로155번길 161(고색동),경기도 수원시 권선구 고색동 523-1,4,4,2,2,1,0,9,2,1,수원시 권선구 녹지공원과,,상시,,,공공기관-지방자치단체,수세식,Y,Y,여자화장실,Y,N,,,2026-02-20,I,2026-05-15 18:43:46,2026-02-23 14:03:32
3740000,202437400000101381,공중화장실,법제3조제3호,중보들A,경기도 수원시 권선구 산업로155번길 161(고색동),경기도 수원시 권선구 고색동 523-1,3,3,2,2,1,0,6,2,1,수원시 권선구 녹지공원과,,상시,,,공공기관-지방자치단체,수세식,Y,Y,여자화장실,N,N,,,2026-02-20,I,2026-05-15 18:43:46,2026-02-23 14:03:13
3740000,202437400000101382,공중화장실,법제3조제3호,조원2동행정복지센터,경기도 수원시 장안구 송원로 109-5(조원동),경기도 수원시 장안구 조원동 877,1,2,1,0,0,0,2,1,0,조원2동행정복지센터,,정시,평일 09:00~18:00,,공공기관-지방자치단체,수세식,N,N,,N,N,,,2026-02-20,I,2026-05-15 18:43:46,2026-02-23 14:02:53
3740000,202437400000101383,공중화장실,법제3조제3호,조원1동행정복지센터,경기도 수원시 장안구 경기도 수원시 장안구 금당로 56(조원동),경기도 수원시 장안구 조원동 735,9,6,1,1,0,0,3,0,0,조원1동행정복지센터,,정시,평일 09:00~18:00,,공공기관-지방자치단체,수세식,Y,Y,여자화장실,N,Y,여자화장실,,2026-02-20,I,2026-05-15 18:43:46,2026-02-23 14:02:33
3740000,202437400000101384,공중화장실,법제3조제3호,조원,경기도 수원시 장안구 금당로38번길7(조원동),경기도 수원시 장안구 조원동 731,1,2,1,0,1,0,2,0,1,수원시 장안구 녹지공원과,,상시,,,공공기관-지방자치단체,수세식,Y,Y,여자화장실,N,N,,,2026-02-20,I,2026-05-15 18:43:46,2026-02-23 14:02:16
3740000,202437400000101385,공중화장실,법제3조제3호,제14호문화,경기도 수원시 권선구 평동로77번길 14-9 (평동),경기도 수원시 권선구 평동 2-36,2,1,1,0,0,1,5,1,0,수원시 권선구 녹지공원과,,상시,,,공공기관-지방자치단체,수세식,Y,Y,여자화장실,N,N,,,2026-02-20,I,2026-05-15 18:43:46,2026-02-23 14:01:59
3740000,202437400000101386,공중화장실,법제3조제3호,정자문화,경기도 수원시 장안구 이목로 24-25(정자1동),경기도 수원시 장안구 정자동 947(정자문화공원),2,3,1,1,1,0,5,1,0,수원시 장안구 녹지공원과,,상시,,,공공기관-지방자치단체,수세식,Y,Y,여자화장실,N,Y,여자화장실,,2026-02-20,I,2026-05-15 18:43:46,2026-02-23 14:00:00
3740000,202437400000101387,공중화장실,법제3조제3호,정자3동행정복지센터,경기도 수원시 장안구 대평로85(정자동),경기도 수원시 장안구 정자동 879-4,6,6,1,3,0,0,9,2,0,정자3동행정복지센터,,정시,평일 09:00~19:00,,공공기관-지방자치단체,수세식,Y,Y,여자화장실,N,N,,,2026-02-20,I,2026-05-15 18:43:46,2026-02-23 13:59:38
3740000,202437400000101388,공중화장실,법제3조제3호,정자2동행정복지센터,경기도 수원시 장안구 송정로24번길 34(정자동),경기도 수원시 장안구 정자동 32-7,2,2,1,0,0,0,1,1,0,정자2동행정복지센터,,정시,평일 09:00~18:00,,공공기관-지방자치단체,수세식,Y,Y,여자화장실,N,N,,,2026-02-20,I,2026-05-15 18:43:46,2026-02-23 13:59:18
3740000,202437400000101389,공중화장실,법제3조제3호,정자1동행정복지센터,경기도 수원시 장안구 정자로130번길 209(정자동),경기도 수원시 장안구 정자동 840-96,5,9,1,1,0,0,7,1,0,정자1동행정복지센터,,정시,평일 09:00~18:00,,공공기관-지방자치단체,수세식,Y,Y,여자화장실,N,N,,,2026-02-20,I,2026-05-15 18:43:46,2026-02-23 13:58:59
3740000,202437400000101390,공중화장실,법제3조제3호,정다운,경기도 수원시 영통구 영통구 광교호수로 127(하동),경기도 수원시 영통구 하동 999공 (호수공원),2,2,0,0,0,0,4,1,0,수원시 공원녹지사업소,,상시,,,공공기관-지방자치단체,수세식,Y,Y,여자화장실,N,Y,여자화장실,,2026-02-20,I,2026-05-15 18:43:46,2026-02-23 13:57:58
3740000,202437400000101391,공중화장실,법제3조제3호,전망좋은,경기도 수원시 팔달구 팔달산로 228(남창동),경기도 수원시 팔달구 남창동 55-22,3,3,1,1,0,1,6,0,0,수원시 화성사업소,,상시,,,공공기관-지방자치단체,수세식,Y,Y,여자화장실,N,Y,여자화장실,,2026-02-20,I,2026-05-15 18:43:46,2026-02-23 13:58:30
3740000,202437400000101392,공중화장실,법제3조제3호,전망대,경기도 수원시 영통구 광교호수로 127(하동),경기도 수원시 영통구 하동 1024공 (호수공원),2,1,1,7,0,0,2,1,0,수원시 공원녹지사업소,,상시,,,공공기관-지방자치단체,수세식,Y,Y,여자화장실,N,Y,여자화장실,,2026-02-20,I,2026-05-15 18:43:46,2026-02-23 13:57:34
3740000,202437400000101393,공중화장실,법제3조제3호,재미난밭,경기도 수원시 영통구 광교호수로 127(하동),경기도 수원시 영통구 하동 1024공 (호수공원),2,3,1,5,1,1,8,1,1,수원시 공원녹지사업소,,상시,,,공공기관-지방자치단체,수세식,N,N,,N,Y,여자화장실,,2026-02-20,I,2026-05-15 18:43:46,2026-02-23 13:57:02
3740000,202437400000101394,공중화장실,법제3조제3호,재난안전본부(남부119안전센터),"경기도 수원시 권선구 동수원로 286, 수원남부소방서 (권선동)",경기도 수원시 권선구 권선동 1237 수원남부소방서,11,15,1,1,0,0,11,1,0,남부119안전센터,,정시,09:00~18:00,,공공기관-지방자치단체,수세식,N,N,,N,N,,,2026-02-20,I,2026-05-15 18:43:46,2026-02-23 13:56:33
3740000,202437400000101396,공중화장실,법제3조제3호,장안문지구대,경기도 수원시 장안구 송정로 113(조원동),경기도 수원시 장안구 조원동 680-6,4,3,1,2,0,0,2,0,0,수원장안경찰서,,상시,,,공공기관-지방자치단체,수세식,N,N,,N,N,,,2026-02-20,I,2026-05-15 18:43:46,2026-02-23 13:54:05
3740000,202437400000101397,공중화장실,법제3조제3호,장안문,경기도 수원시 팔달구 정조로905번길8(장안동),경기도 수원시 팔달구 장안동 1-5,2,2,1,0,0,0,4,1,0,수원시 화성사업소,,상시,,,공공기관-지방자치단체,수세식,Y,Y,여자화장실,N,Y,여자화장실,,2026-02-20,I,2026-05-15 18:43:46,2026-02-23 13:53:35
3740000,202437400000101398,공중화장실,법제3조제3호,장안구청,경기도 수원시 장안구 송원로 101(조원동),경기도 수원시 장안구 조원동 888,26,27,7,0,0,0,26,7,0,장안구청,,정시,평일 09:00~18:00,,공공기관-지방자치단체,수세식,N,N,,Y,N,,,2026-02-20,I,2026-05-15 18:43:46,2026-02-23 13:53:14
3740000,202437400000101399,공중화장실,법제3조제3호,장안구보건소,경기도 수원시 장안구 송원로 101(조원동),경기도 수원시 장안구 조원동 888,2,3,1,0,0,0,3,1,0,장안구보건소,,정시,평일 09:00~18:00,,공공기관-지방자치단체,수세식,Y,Y,장애인화장실,N,N,,,2026-02-20,I,2026-05-15 18:43:46,2026-02-23 13:52:53
3740000,202437400000101400,공중화장실,법제3조제11호,장안공원주유소,경기도 수원시 장안구 팔달로 227 (영화동),경기도 수원시 장안구 영화동 438-8,2,3,0,0,0,0,2,0,0,장안공원주유소,,상시,,,공공기관-지방자치단체,수세식,N,N,,N,N,,,2026-02-20,I,2026-05-15 18:43:46,2026-02-23 13:52:34
3740000,202437400000101401,공중화장실,법제3조제3호,장안공원,경기도 수원시 장안구 팔달로238 (영화동),경기도 수원시 장안구 영화동 349-26,4,6,1,0,0,0,6,0,0,수원시 화성사업소,,상시,,,공공기관-지방자치단체,수세식,N,N,,N,Y,여자화장실,,2026-02-20,I,2026-05-15 18:43:46,2026-02-23 13:52:05
3740000,202437400000101402,공중화장실,법제3조제3호,장교둑,경기도 수원시 권선구 세지로82번길 15-5 (권선동),경기도 수원시 권선구 권선동 980-1,1,2,0,0,0,0,1,0,0,수원시 권선구 녹지공원과,,정시,09~18시,,공공기관-지방자치단체,수세식,Y,Y,여자화장실,N,N,,,2026-02-20,I,2026-05-15 18:43:46,2026-02-23 13:50:55
3740000,202437400000101403,공중화장실,법제3조제3호,자작나무쉼터,경기도 수원시 영통구 영통구 광교호수로 127(하동),경기도 수원시 영통구 하동 998공 (호수공원),2,2,1,0,0,1,8,1,1,수원시 공원녹지사업소,,상시,,,공공기관-지방자치단체,수세식,Y,Y,여자화장실,N,N,,,2026-02-20,I,2026-05-15 18:43:46,2026-02-23 13:49:53
3740000,202437400000101405,공중화장실,법제3조제11호,자유에너지(주) 선화주유소,경기도 수원시 권선구 매송고색로 552 (오목천동),경기도 수원시 권선구 오목천동 316-1,1,2,0,0,0,0,2,0,0,자유에너지(주) 선화주유소,,상시,,,공공기관-지방자치단체,수세식,N,N,,N,N,,,2026-02-20,I,2026-05-15 18:43:46,2026-02-23 13:47:17
3740000,202437400000101406,공중화장실,법제3조제11호,SK 청담에너지 직영,경기도 수원시 팔달구 인계로 58 (인계동),경기도 수원시 팔달구 인계동 975-2,1,1,0,0,0,0,1,0,0,SK 청담에너지 직영,,상시,,,공공기관-지방자치단체,수세식,N,N,,N,N,,,2026-02-20,I,2026-05-15 18:43:46,2026-02-23 13:46:00
3740000,202437400000101407,공중화장실,법제3조제3호,입북동행정복지센터,경기도 수원시 권선구 입북로 17(입북동),경기도 수원시 권선구 입북동 429-9,3,4,0,2,0,0,4,1,0,입북동행정복지센터,,정시,평일 09:00~18:00,,공공기관-지방자치단체,수세식,Y,Y,장애인화장실,N,N,,,2026-02-20,I,2026-05-15 18:43:46,2026-02-23 13:44:51
3740000,202437400000101408,공중화장실,법제3조제3호,일월도서관,"경기도 수원시 장안구 일월천로 77, 일월도서관 (천천동)",경기도 수원시 장안구 천천동 453-1 일월도서관,6,6,1,1,0,0,12,1,0,일월도서관,,정시,09:00~18:00,,공공기관-지방자치단체,수세식,N,N,,N,Y,여자화장실,,2026-02-20,I,2026-05-15 18:43:46,2026-02-23 13:44:32
3740000,202437400000101410,공중화장실,법제3조제11호,인성주유소,경기도 수원시 권선구 권선로 541(세류동),경기도 수원시 권선구 세류동 92-20,1,1,0,0,0,0,1,0,0,인성주유소,,정시,06:00~22:00,,공공기관-지방자치단체,수세식,N,N,,N,N,,,2026-02-20,I,2026-05-15 18:43:46,2026-02-23 13:41:42
3740000,202437400000101411,공중화장실,법제3조제3호,인도래작은도서관,경기도 수원시 팔달구 장다리로 258(인계동),경기도 수원시 팔달구 인계동 961-16,2,2,1,1,0,0,3,1,0,수원시 도서관사업소,,정시,매 09:00~18:00(매주 월요일 휴무),,공공기관-지방자치단체,수세식,N,N,,N,Y,여자화장실,,2026-02-20,I,2026-05-15 18:43:46,2026-02-23 13:41:13
3740000,202437400000101412,공중화장실,법제3조제3호,인도래,"경기도 수원시 권선구 효원로 240, 88배드민턴클럽 (권선동)",경기도 수원시 권선구 권선동 1012 88배드민턴클럽,2,3,0,0,0,0,4,0,0,수원시 권선구 녹지공원과,,상시,,,공공기관-지방자치단체,수세식,Y,Y,여자화장실,N,N,,,2026-02-20,I,2026-05-15 18:43:46,2026-02-23 13:40:45
3740000,202437400000101414,공중화장실,법제3조제3호,인계지구대,경기도 수원시 팔달구 장다리로 312(인계동),경기도 수원시 팔달구 인계동 930-1,2,1,0,0,0,0,2,0,0,수원팔달경찰서,,상시,,,공공기관-지방자치단체,수세식,N,N,,N,N,,,2026-02-20,I,2026-05-15 18:43:46,2026-02-23 13:28:53
3740000,202437400000101415,공중화장실,법제3조제3호,인계동행정복지센터,경기도 수원시 팔달구 인계로123(인계동),경기도 수원시 팔달구 인계동468,2,3,0,0,0,0,3,0,0,인계동행정복지센터,,정시,평일 09:00~18:00,,공공기관-지방자치단체,수세식,N,N,,N,N,,,2026-02-20,I,2026-05-15 18:43:46,2026-02-21 10:34:03
3740000,202437400000101416,공중화장실,법제3조제11호,인계동주유소,경기도 수원시 팔달구 인계로 139 (인계동),경기도 수원시 팔달구 인계동 452-42,1,1,0,0,0,0,1,0,0,인계동주유소,,상시,,,공공기관-지방자치단체,수세식,N,N,,N,N,,,2026-02-20,I,2026-05-15 18:43:46,2026-02-21 10:33:37
3740000,202437400000101417,공중화장실,법제3조제3호,이춘택병원,경기도 수원시 팔달구 매산로 138 (교동),경기도 수원시 팔달구 교동 130-1,2,3,1,1,0,0,2,1,0,이춘택병원,,정시,09:00~18:00,,공공기관-지방자치단체,수세식,N,N,,N,N,,,2026-02-20,I,2026-05-15 18:43:46,2026-02-21 10:33:08
3740000,202437400000101418,공중화장실,법제3조제3호,이마트 트레이더스 수원점,경기도 수원시 영통구 삼성로 2(신동),경기도 수원시 영통구 신동 941,9,9,1,0,0,4,18,1,0,이마트트레이더스 수원점,,정시,10:00~23:.00,,공공기관-지방자치단체,수세식,Y,Y,장애인화장실,N,Y,여자화장실,,2026-02-20,I,2026-05-15 18:43:46,2026-02-21 10:32:41
3740000,202437400000101419,공중화장실,법제3조제3호,이마트 수원점,경기도 수원시 권선구 경수대로 270(권선동),경기도 수원시 권선구 권선동 1189,17,22,1,1,0,0,28,1,0,이마트 수원점,,정시,10:00~23:.00,,공공기관-지방자치단체,수세식,N,N,,N,Y,여자화장실,,2026-02-20,I,2026-05-15 18:43:46,2026-02-21 10:32:18
3740000,202437400000101420,공중화장실,법제3조제3호,이마트 서수원점,경기도 수원시 권선구 수인로 291(구운동),경기도 수원시 권선구 구운동 925,7,10,1,0,0,3,18,1,0,이마트 서수원점,,정시,10:00~23:.00,,공공기관-지방자치단체,수세식,N,N,,N,Y,여자화장실,,2026-02-20,I,2026-05-15 18:43:46,2026-02-21 10:32:01
3740000,202437400000101421,공중화장실,법제3조제3호,이마트 광교점,경기도 수원시 영통구 광교로 191(이의동),경기도 수원시 영통구 이의동 1240,9,14,1,1,0,0,20,1,0,이마트 광교점,,정시,10:00~23:.00,,공공기관-지방자치단체,수세식,N,N,,N,Y,여자화장실,,2026-02-20,I,2026-05-15 18:43:46,2026-02-21 10:31:42
3740000,202437400000101422,공중화장실,법제3조제3호,은하수,경기도 수원시 권선구 평동로68번길 38(평동),경기도 수원시 권선구 평동 45-13,2,3,0,0,0,0,5,0,0,수원시 권선구 녹지공원과,,상시,,,공공기관-지방자치단체,수세식,Y,Y,여자화장실,N,Y,여자화장실,,2026-02-20,I,2026-05-15 18:43:46,2026-02-21 10:31:15
3740000,202437400000101423,공중화장실,법제3조제3호,율천파출소,"경기도 수원시 장안구 하률로 2, 율천파출소 (천천동)",경기도 수원시 장안구 천천동 557-1 율천파출소,0,1,1,0,0,0,1,0,0,수원장안경찰서,,상시,,,공공기관-지방자치단체,수세식,N,N,,N,N,,,2026-02-20,I,2026-05-15 18:43:46,2026-02-21 10:30:52
3740000,202437400000101424,공중화장실,법제3조제3호,율전,경기도 수원시 장안구 서부로2142(율전동),경기도 수원시 장안구 율전동 281-5,2,3,1,0,1,1,3,1,1,수원시 장안구 생활안전과,,상시,,,공공기관-지방자치단체,수세식,Y,Y,여자화장실,Y,Y,여자화장실,,2026-02-20,I,2026-05-15 18:43:46,2026-02-21 10:28:52
3740000,202437400000101425,공중화장실,법제3조제3호,매교파출소,경기도 수원시 팔달구 매산로116번길 50(매교동),경기도 수원시 팔달구 매교동 77-63,1,1,0,0,0,0,1,0,0,수원서부경찰서,,상시,,,공공기관-지방자치단체,수세식,N,N,,N,N,,,2026-02-20,I,2026-05-15 18:43:46,2026-02-21 10:28:17
3740000,202437400000101427,공중화장실,법제3조제11호,유신주유소,경기도 수원시 영통구 영통로 299(매탄동),경기도 수원시 영통구 매탄동 548-5,2,2,0,0,0,0,2,0,0,유신주유소,,상시,,,공공기관-지방자치단체,수세식,N,N,,N,N,,,2026-02-20,I,2026-05-15 18:43:46,2026-02-21 10:26:19
3740000,202437400000101428,공중화장실,법제3조제3호,윌스기념병원,"경기도 수원시 팔달구 경수대로 437, 윌스기념병원 (인계동)",경기도 수원시 팔달구 인계동 994-3 윌스기념병원,1,2,1,1,0,0,2,1,0,윌스기념병원,,정시,09:00~18:00,,공공기관-지방자치단체,수세식,Y,Y,장애인화장실,N,N,,,2026-02-20,I,2026-05-15 18:43:46,2026-02-21 10:25:53
3740000,202437400000101429,공중화장실,법제3조제3호,원천호수,경기도 수원시 영통구 광교호수로 127(하동),경기도 수원시 영통구 하동 1024(광교호수공원),2,4,1,3,0,0,7,1,1,수원시 공원녹지사업소,,상시,,,공공기관-지방자치단체,수세식,N,N,,N,Y,여자화장실,,2026-02-20,I,2026-05-15 18:43:46,2026-02-21 10:25:27
3740000,202437400000101430,공중화장실,법제3조제3호,원천동행정복지센터,경기도 수원시 영통구 중부대로 339(원천동),경기도 수원시 영통구 원천동 610,6,6,1,0,0,0,12,2,0,원천동행정복지센터,,정시,평일 09:00~18:00,,공공기관-지방자치단체,수세식,N,N,,N,N,,,2026-02-20,I,2026-05-15 18:43:46,2026-02-21 10:25:08
3740000,202437400000101431,공중화장실,법제3조제3호,원천4공원(매미),,경기도 수원시 영통구 매탄동 1217-6,1,1,0,0,0,0,1,0,0,수원시 영통구 녹지공원과,,상시,,,공공기관-지방자치단체,수세식,Y,Y,여자화장실,N,N,,,2026-02-20,I,2026-05-15 18:43:46,2026-02-21 10:24:43
3740000,202437400000101432,공중화장실,법제3조제3호,원천2공원(우정),경기도 수원시 영통구 매봉로46번길 14(매탄2동),경기도 수원시 영통구 매탄동 1201,1,1,0,0,0,0,1,0,0,수원시 영통구 녹지공원과,,상시,,,공공기관-지방자치단체,수세식,Y,Y,여자화장실,N,N,,,2026-02-20,I,2026-05-15 18:43:46,2026-02-21 10:24:25
3740000,202437400000101433,공중화장실,법제3조제11호,우성충전소,경기도 수원시 권선구 서호동로 65 (서둔동),경기도 수원시 권선구 서둔동 9-28,1,2,0,0,0,0,1,0,0,우성충전소,,정시,00:00~24:00,,공공기관-지방자치단체,수세식,N,N,,N,N,,,2026-02-20,I,2026-05-15 18:43:46,2026-02-21 10:24:05
3740000,202437400000101434,공중화장실,법제3조제3호,우만솔밭,경기도 수원시 팔달구 아주로 35(우만2동),경기도 수원시 팔달구 우만동 72-1,3,5,1,0,0,5,7,1,10,수원시 팔달구 녹지공원과,,상시,,,공공기관-지방자치단체,수세식,Y,Y,여자화장실,N,Y,여자화장실,,2026-02-20,I,2026-05-15 18:43:46,2026-02-21 10:23:37
3740000,202437400000101435,공중화장실,법제3조제3호,우만2동행정복지센터,경기도 수원시 팔달구 중부대로207번길 33(우만동),경기도 수원시 팔달구 우만동 108-3,8,6,1,1,0,0,5,1,0,우만2동행정복지센터,,정시,평일 09:00~18:00,,공공기관-지방자치단체,수세식,Y,Y,여자화장실,N,N,,,2026-02-20,I,2026-05-15 18:43:46,2026-02-21 10:23:16
3740000,202437400000101436,공중화장실,법제3조제3호,우만1동행정복지센터,경기도 수원시 팔달구 세지로406(우만동),경기도 수원시 팔달구 우만동506,6,6,3,0,0,0,15,3,0,우만1동행정복지센터,,정시,평일 09:00~18:00,,공공기관-지방자치단체,수세식,Y,Y,장애인화장실,N,N,,,2026-02-20,I,2026-05-15 18:43:46,2026-02-21 10:20:30
3740000,202437400000101437,공중화장실,법제3조제3호,스파이더맨주유소,경기도 수원시 권선구 덕영대로 1136(세류동),경기도 수원시 권선구 세류동 1126-6,1,2,0,0,0,0,1,0,0,스파이더맨주유소,,정시,05:00~22:00,,공공기관-지방자치단체,수세식,N,N,,N,N,,,2026-02-20,I,2026-05-15 18:43:46,2026-02-21 10:19:48
3740000,202437400000101438,공중화장실,법제3조제3호,올림피아,경기도 수원시 권선구 효원로 256번길(권선동),경기도 수원시 권선구 권선동 1012(올림픽공원),2,3,1,1,0,1,3,1,0,수원시 권선구 녹지공원과,,상시,,,공공기관-지방자치단체,수세식,Y,Y,여자화장실,N,Y,여자화장실,,2026-02-20,I,2026-05-15 18:43:46,2026-02-21 10:18:47
3740000,202437400000101439,공중화장실,법제3조제11호,오션주유소,경기도 수원시 권선구 매송고색로 843 (평동),경기도 수원시 권선구 평동 54,1,2,0,0,0,0,1,0,0,오션주유소,,상시,,,공공기관-지방자치단체,수세식,N,N,,N,N,,,2026-02-20,I,2026-05-15 18:43:46,2026-02-21 10:18:21
3740000,202437400000101440,공중화장실,법제3조제3호,오목호수,,경기도 수원시 권선구 오목천동 1171,1,2,1,1,0,0,6,1,0,수원시 권선구 녹지공원과,,상시,,,공공기관-지방자치단체,수세식,Y,Y,여자화장실,N,N,,,2026-02-20,I,2026-05-15 18:43:46,2026-02-21 10:17:42
3740000,202437400000101441,공중화장실,법제3조제11호,오목천주유소,경기도 수원시 권선구 오목천로 40 (오목천동),경기도 수원시 권선구 오목천동 559-6,1,1,0,0,0,0,2,0,0,오목천주유소,,정시,06:00~22:00,,공공기관-지방자치단체,수세식,N,N,,N,N,,,2026-02-20,I,2026-05-15 18:43:46,2026-02-21 10:17:19
3740000,202437400000101442,공중화장실,법제3조제3호,오목내,경기도 수원시 권선구 서부로 1433-3(고색동),경기도 수원시 권선구 고색동 992,1,2,1,0,0,0,2,1,0,수원시 권선구 녹지공원과,,상시,,,공공기관-지방자치단체,수세식,Y,Y,여자화장실,N,N,,,2026-02-20,I,2026-05-15 18:43:46,2026-02-21 10:16:45
3740000,202437400000101443,공중화장실,법제3조제11호,영화셀프주유소,경기도 수원시 장안구 수성로290번길 3 (영화동),경기도 수원시 장안구 영화동 390-1,1,1,0,0,0,0,1,0,0,영화셀프주유소,,상시,,,공공기관-지방자치단체,수세식,N,N,,N,N,,,2026-02-20,I,2026-05-15 18:43:46,2026-02-21 10:16:19
3740000,202437400000101444,공중화장실,법제3조제3호,영화동행정복지센터,경기도 수원시 장안구 수성로382번길 24(영화동),경기도 수원시 장안구 영화동 250-1,2,1,1,1,0,0,4,1,0,영화동행정복지센터,,정시,평일 09:00~18:00,,공공기관-지방자치단체,수세식,N,N,,N,Y,여자화장실,,2026-02-20,I,2026-05-15 18:43:46,2026-02-21 10:16:00
3740000,202437400000101445,공중화장실,법제3조제3호,영화동공영주차장,경기도 수원시 장안구 수설로382번길 30(영화동),경기도 수원시 장안구 영화동 230-3,1,3,1,0,0,0,3,1,0,수원시 장안구 생활안전과,,상시,,,공공기관-지방자치단체,수세식,Y,Y,여자화장실,Y,Y,여자화장실,,2026-02-20,I,2026-05-15 18:43:46,2026-02-21 10:15:42
3740000,202437400000101446,공중화장실,법제3조제3호,영화동 복합문화공간,경기도 수원시 장안구 정조로922번길 13(영화동),경기도 수원시 장안구 영화동 276-14,2,3,1,1,0,0,5,1,1,수원시 장안구 생활안전과,,상시,,,공공기관-지방자치단체,수세식,Y,Y,여자화장실,Y,N,,,2026-02-20,I,2026-05-15 18:43:46,2026-02-21 10:15:20
3740000,202437400000101447,공중화장실,법제3조제3호,영통지구대,경기도 수원시 영통구 청명로92(영통동),경기도 수원시 영통구 영통동 1046-2,2,2,1,1,0,0,1,1,0,수원영통경찰서,,상시,,,공공기관-지방자치단체,수세식,N,N,,N,N,,,2026-02-20,I,2026-05-15 18:43:46,2026-02-21 10:14:46
3740000,202437400000101448,공중화장실,법제3조제3호,영통중앙,경기도수원시 영통구 청명로 151(영통3동),경기도 수원시 영통구 영통2동 961-1번지(영통중앙공원),1,1,0,0,0,0,3,0,0,수원시 영통구 녹지공원과,,상시,,,공공기관-지방자치단체,수세식,Y,Y,여자화장실,N,N,,,2026-02-20,I,2026-05-15 18:43:46,2026-02-21 10:14:22
3740000,202437400000101449,공중화장실,법제3조제11호,영통제일셀프주유소,경기도 수원시 영통구 영통로 317(매탄동),경기도 수원시 영통구 매탄동 540-5,2,2,0,0,0,0,2,0,0,영통제일셀프주유소,,상시,,,공공기관-지방자치단체,수세식,N,N,,N,N,,,2026-02-20,I,2026-05-15 18:43:46,2026-02-21 10:14:02
3740000,202437400000101450,공중화장실,법제3조제3호,영통역 화장실,경기도 수원시 영통구 봉영로 1560 지하 1층 (영통동),경기도 수원시 영통구 영통동 1055,8,11,1,1,1,0,21,1,1,한국철도공사 수도권동부본부,,정시,20시간,,공공기관-지방자치단체,수세식,N,N,,N,N,,,2026-02-20,I,2026-05-15 18:43:46,2026-02-21 10:13:11
3740000,202437400000101451,공중화장실,법제3조제3호,영통도서관,경기도 수원시 영통구 청명로 151(영통동),경기도 수원시 영통구 영통동 961-1,10,19,4,1,0,0,14,4,0,수원시도서관사업소,,정시,"07:00~23:00(둘째, 네째주 월요일 휴무)",,공공기관-지방자치단체,수세식,N,N,,N,Y,여자화장실,,2026-02-20,I,2026-05-15 18:43:46,2026-02-21 10:12:45
3740000,202437400000101452,공중화장실,법제3조제3호,영통구청,경기도 수원시 영통구 효원로 407(매탄동),경기도 수원시 영통구 매탄동 1268,12,11,1,1,0,0,11,1,0,영통구청,,정시,평일 09:00~18:00,,공공기관-지방자치단체,수세식,N,N,,N,N,,,2026-02-20,I,2026-05-15 18:43:46,2026-02-21 10:12:21
3740000,202437400000101453,공중화장실,법제3조제3호,영통구보건소,경기도 수원시 영통구 영통로 396(영통동),경기도 수원시 영통구 영통동 961-18,11,5,2,7,0,0,30,3,0,영통구보건소,,정시,평일 09:00~18:00,,공공기관-지방자치단체,수세식,Y,Y,여자화장실,N,N,,,2026-02-20,I,2026-05-15 18:43:46,2026-02-21 10:12:04
3740000,202437400000101454,공중화장실,법제3조제3호,영통3동행정복지센터,경기도 수원시 영통구 반달로 105(영통동),경기도 수원시 영통구 영통동 1011-3,2,3,1,0,0,0,2,1,0,영통3동행정복지센터,,정시,평일 09:00~18:00,,공공기관-지방자치단체,수세식,Y,Y,여자화장실,Y,N,,,2026-02-20,I,2026-05-15 18:43:46,2026-02-21 10:11:49
3740000,202437400000101455,공중화장실,법제3조제3호,영통2동행정복지센터,경기도 수원시 영통구 영통로217번길 12(영통동),경기도 수원시 영통구 영통동 977-3,1,1,1,1,0,0,2,1,0,영통2동행정복지센터,,정시,평일 09:00~18:00,,공공기관-지방자치단체,수세식,Y,Y,여자화장실,N,N,,,2026-02-20,I,2026-05-15 18:43:46,2026-02-21 10:11:32
3740000,202437400000101456,공중화장실,법제3조제3호,영통1동행정복지센터,경기도 수원시 영통구 봉영로1759번길 23(영통동),경기도 수원시 영통구 영통동 947-6,2,3,1,1,0,0,5,1,0,영통1동행정복지센터,,정시,평일 09:00~18:00,,공공기관-지방자치단체,수세식,N,N,,N,N,,,2026-02-20,I,2026-05-15 18:43:46,2026-02-21 10:11:12
3740000,202437400000101457,공중화장실,법제3조제3호,염원,경기도 수원시 팔달구 동수원로335(인계동),경기도 수원시 팔달구 인계동 1128,3,5,1,0,0,2,6,0,7,수원시 팔달구 녹지공원과,,상시,,,공공기관-지방자치단체,수세식,Y,Y,여자화장실,N,Y,여자화장실,,2026-02-20,I,2026-05-15 18:43:46,2026-02-21 10:10:54
3740000,202437400000101458,공중화장실,법제3조제3호,열림,경기도 수원시 영통구 웰빙타운로 73(이의동),경기도 수원시 영통구 이의동 1183,3,3,1,0,1,1,12,1,1,수원시 영통구 녹지공원과,,정시,평일 09:00~18:00,,공공기관-지방자치단체,수세식,Y,Y,여자화장실,Y,N,,,2026-02-20,I,2026-05-15 18:43:46,2026-02-21 10:10:34
3740000,202437400000101459,공중화장실,법제3조제3호,연암(소),경기도 수원시 영통구 창룡대로 246(광교1동),경기도 수원시 영통구 이의동 1288,1,1,1,0,0,0,2,1,0,수원시 영통구 녹지공원과,,정시,평일 09:00~18:00,,공공기관-지방자치단체,수세식,Y,Y,여자화장실,Y,N,,,2026-02-20,I,2026-05-15 18:43:46,2026-02-21 10:10:11
3740000,202437400000101460,공중화장실,법제3조제3호,연암,경기도 수원시 영통구 창룡대로 246(광교1동),경기도 수원시 영통구 이의동 1288,2,3,1,0,1,1,11,1,1,수원시 영통구 녹지공원과,,정시,평일 09:00~18:00,,공공기관-지방자치단체,수세식,Y,Y,여자화장실,Y,N,,,2026-02-20,I,2026-05-15 18:43:46,2026-02-21 10:09:52
3740000,202437400000101461,공중화장실,법제3조제3호,연무동행정복지센터,경기도 수원시 장안구 경수대로 757 (연무동),경기도 수원시 장안구 연무동 181-1,3,2,2,2,1,0,7,2,1,연무동행정복지센터,,정시,평일 09:00~18:00,,공공기관-지방자치단체,수세식,N,N,,N,N,,,2026-02-20,I,2026-05-15 18:43:46,2026-02-21 10:09:29
3740000,202437400000101462,공중화장실,법제3조제3호,연무대,경기도 수원시 팔달구 창룡대로105(매향동),경기도 수원시 팔달구 매향동 3-32,3,4,1,1,0,1,7,0,1,수원시 화성사업소,,상시,,,공공기관-지방자치단체,수세식,N,N,,N,Y,여자화장실,,2026-02-20,I,2026-05-15 18:43:46,2026-02-21 10:09:10
3740000,202437400000101463,공중화장실,법제3조제3호,연꽃,,경기도 수원시 장안구 송죽동 434,1,3,0,0,0,0,3,0,0,수원시 장안구 녹지공원과,,상시,,,공공기관-지방자치단체,수세식,Y,Y,여자화장실,N,Y,여자화장실,,2026-02-20,I,2026-05-15 18:43:46,2026-02-21 10:08:45
3740000,202437400000101464,공중화장실,법제3조제3호,여기산2(동),,경기도 수원시 권선구 서둔동 365,4,3,1,0,0,0,4,1,0,수원시 권선구 녹지공원과,,상시,,,공공기관-지방자치단체,수세식,Y,Y,여자화장실,N,N,,,2026-02-20,I,2026-05-15 18:43:46,2026-02-21 10:08:24
3740000,202437400000101465,공중화장실,법제3조제3호,여기산1(서),경기도 수원시 권선구 여기산로26번길 30(서둔동),경기도 수원시 권선구 서둔동 256,2,3,1,0,0,0,3,1,0,수원시 권선구 녹지공원과,,상시,,,공공기관-지방자치단체,수세식,Y,Y,여자화장실,N,Y,여자화장실,,2026-02-20,I,2026-05-15 18:43:46,2026-02-21 10:08:04
3740000,202437400000101466,공중화장실,법제3조제3호,엘포트몰,경기도 수원시 영통구 광교중앙로 145(이의동),경기도 수원시 영통구 이의동 1336-1,18,20,2,0,0,0,37,2,0,엘프트몰,,정시,08:00~23:00,,공공기관-지방자치단체,수세식,Y,Y,여자화장실,Y,Y,여자화장실,,2026-02-20,I,2026-05-15 18:43:46,2026-02-21 10:07:25
3740000,202437400000101467,공중화장실,법제3조제11호,에이제이에너지(주)직영 정자현대주유소,"경기도 수원시 장안구 정자천로 175, 정자주유소 (정자동)",경기도 수원시 장안구 정자동 874-7 정자주유소,1,1,0,0,0,0,2,0,0,에이제이에너지(주)직영 정자현대주유소,,상시,,,공공기관-지방자치단체,수세식,N,N,,N,N,,,2026-02-20,I,2026-05-15 18:43:46,2026-02-21 10:06:40
3740000,202437400000101468,공중화장실,법제3조제3호,에덴메디여성병원,"경기도 수원시 권선구 동수원로 220, 에덴메디빌 (권선동)",경기도 수원시 권선구 권선동 1311-1 에덴메디빌,4,4,1,1,0,0,14,1,0,에덴메디여성병원,,정시,09:00~18:00,,공공기관-지방자치단체,수세식,N,N,,Y,Y,여자화장실,,2026-02-20,I,2026-05-15 18:43:46,2026-02-21 10:05:52
3740000,202437400000101469,공중화장실,법제3조제3호,어울림,경기도 수원시 권선구 금곡로 236(금곡동),경기도 수원시 권선구 금곡동 1126,2,3,1,1,0,1,7,1,1,수원시 권선구 녹지공원과,,상시,,,공공기관-지방자치단체,수세식,Y,Y,여자화장실,N,Y,여자화장실,,2026-02-20,I,2026-05-15 18:43:46,2026-02-21 10:05:20
3740000,202437400000101470,공중화장실,법제3조제3호,어번레비,경기도 수원시 영통구 광교호수로 127(하동),경기도 수원시 영통구 하동 1023공 (호수공원),2,4,1,1,1,1,8,1,1,수원시 공원녹지사업소,,상시,,,공공기관-지방자치단체,수세식,N,Y,여자화장실,N,Y,여자화장실,,2026-02-20,I,2026-05-15 18:43:46,2026-02-21 10:04:49
3740000,202437400000101471,공중화장실,법제3조제3호,솔밭어린이공원(어공9호),경기도 수원시 권선구 매탄로 11(권선동),경기도 수원시 권선구 권선동 1239,1,1,0,0,0,0,1,0,0,수원시 권선구 녹지공원과,,정시,09~18시,,공공기관-지방자치단체,수세식,Y,Y,여자화장실,Y,N,,,2026-02-20,I,2026-05-15 18:43:46,2026-02-21 10:03:14
3740000,202437400000101472,공중화장실,법제3조제3호,효정어린이공원(어공8호),경기도 수원시 권선구 권중로25번길 29-10(권선동),경기도 수원시 권선구 권선동 1232,1,1,0,0,0,0,1,0,0,수원시 권선구 녹지공원과,,정시,09~18시,,공공기관-지방자치단체,수세식,N,N,,Y,N,,,2026-02-20,I,2026-05-15 18:43:46,2026-02-21 10:02:49
3740000,202437400000101473,공중화장실,법제3조제3호,꽃잎어린이공원(어공7호),경기도 수원시 권선구 권중로 136(권선동),경기도 수원시 권선구 권선동 1273,1,1,0,0,0,0,1,0,0,수원시 권선구 녹지공원과,,정시,09~18시,,공공기관-지방자치단체,수세식,N,N,,N,N,,,2026-02-20,I,2026-05-15 18:43:46,2026-02-21 10:02:21
3740000,202437400000101474,공중화장실,법제3조제3호,선일어린이공원(어공6호),경기도 수원시 권선구 권중로120번길 17(권선동),경기도 수원시 권선구 권선동 1275,1,1,0,0,0,0,1,0,0,수원시 권선구 녹지공원과,,정시,09~18시,,공공기관-지방자치단체,수세식,Y,Y,여자화장실,Y,N,,,2026-02-20,I,2026-05-15 18:43:46,2026-02-21 10:01:14
3740000,202437400000101475,공중화장실,법제3조제3호,다솜어린이공원(어공5호),경기도 수원시 권선구 권중로 110(권선동),경기도 수원시 권선구 권선동 1264,1,1,0,0,0,0,1,0,0,수원시 권선구 녹지공원과,,정시,09~18시,,공공기관-지방자치단체,수세식,N,N,,N,N,,,2026-02-20,I,2026-05-15 18:43:46,2026-02-21 10:00:15
3740000,202437400000101476,공중화장실,법제3조제3호,우솔어린이공원(어공4호),경기도 수원시 권선구 권중로76번길 23(권선동),경기도 수원시 권선구 권선동 1261,1,1,0,0,0,0,1,0,0,수원시 권선구 녹지공원과,,정시,09~18시,,공공기관-지방자치단체,수세식,Y,Y,여자화장실,Y,N,,,2026-02-20,I,2026-05-15 18:43:46,2026-02-21 09:59:41
3740000,202437400000101477,공중화장실,법제3조제3호,다정어린이공원(어공3호),경기도 수원시 권선구 경수대로302번길 32(권선동),경기도 수원시 권선구 권선동 1188-2,1,1,0,0,0,0,2,0,0,수원시 권선구 녹지공원과,,정시,09~18시,,공공기관-지방자치단체,수세식,Y,Y,여자화장실,N,N,,,2026-02-20,I,2026-05-15 18:43:46,2026-02-21 09:59:09
3740000,202437400000101478,공중화장실,법제3조제3호,권선어린이공원(어공1호),경기도 수원시 권선구 권광로 55(권선동),경기도 수원시 권선구 권선동 1185-2,1,1,0,0,0,0,1,0,0,수원시 권선구 녹지공원과,,정시,09~18시,,공공기관-지방자치단체,수세식,Y,Y,여자화장실,N,N,,,2026-02-20,I,2026-05-15 18:43:46,2026-02-21 09:58:42
3740000,202437400000101479,공중화장실,법제3조제3호,앨리웨이광교,경기도 수원시 영통구 광교호수로 80(원천동),경기도 수원시 영통구 원천동 593,28,30,11,10,2,10,54,12,12,앨리웨이 광교,,정시,08:00~23:00,,공공기관-지방자치단체,수세식,N,N,,N,Y,남자화장실,,2026-02-20,I,2026-05-15 18:43:46,2026-02-21 09:58:14
3740000,202437400000101480,공중화장실,법제3조제11호,아주주유소,경기도 수원시 팔달구 월드컵로 246(우만동),경기도 수원시 팔달구 우만동 22,1,2,0,0,0,0,2,0,0,아주주유소,,정시,06:00~22:00,,공공기관-지방자치단체,수세식,N,N,,N,N,,,2026-02-20,I,2026-05-15 18:43:46,2026-02-21 09:56:26
3740000,202437400000101481,공중화장실,법제3조제3호,아우름,"경기도 수원시 권선구 권광로 43, 아우름 (권선동)",경기도 수원시 권선구 권선동 1333 아우름,1,1,0,0,0,0,2,0,0,수원시 권선구 녹지공원과,,정시,09~18시,,공공기관-지방자치단체,수세식,Y,Y,여자화장실,N,N,,,2026-02-20,I,2026-05-15 18:43:46,2026-02-21 09:57:21
3740000,202437400000101482,공중화장실,법제3조제3호,아브뉴프랑 광교점,경기도 수원시 영통구 센트럴타운로 85(이의동),경기도 수원시 영통구 이의동 1332,32,36,5,5,1,0,60,4,8,아브뉴프랑 광교점,,정시,11:00~21:00,,공공기관-지방자치단체,수세식,N,N,,N,Y,여자화장실,,2026-02-20,I,2026-05-15 18:43:46,2026-02-21 09:55:55
3740000,202437400000101483,공중화장실,법제3조제3호,아낌없이주는나무,,경기도 수원시 팔달구 우만동 487,3,4,0,0,0,8,7,1,13,수원시 팔달구 녹지공원과,,상시,,,공공기관-지방자치단체,수세식,Y,Y,여자화장실,N,N,,,2026-02-20,I,2026-05-15 18:43:46,2026-02-21 09:55:34
3740000,202437400000101484,공중화장실,법제3조제3호,아가위,경기도 수원시 권선구 당진로 32번길65(당수동),경기도 수원시 권선구 당수동 177-13,2,3,1,1,0,1,3,0,0,수원시 권선구 생활안전과,,정시,07:00~21:00,,공공기관-지방자치단체,수세식,Y,Y,여자화장실,N,Y,여자화장실,,2026-02-20,I,2026-05-15 18:43:46,2026-02-21 09:55:16
3740000,202437400000101485,공중화장실,법제3조제3호,씽씽,,경기도 수원시 권선구 고색동 1192번지,1,3,1,0,0,0,4,1,0,수원시 권선구 녹지공원과,,상시,,,공공기관-지방자치단체,수세식,Y,Y,여자화장실,N,N,,,2026-02-20,I,2026-05-15 18:43:46,2026-02-21 09:54:57
3740000,202437400000101487,공중화장실,법제3조제3호,신동수변,경기도 수원시 영통구 덕영대로1373번길 66 (신동),경기도 수원시 영통구 신동 942,4,3,1,0,1,1,7,1,1,수원시 영통구 녹지공원과,,상시,,,공공기관-지방자치단체,수세식,Y,Y,여자화장실,N,N,,,2026-02-20,I,2026-05-15 18:43:46,2026-02-21 09:52:06
3740000,202437400000101488,공중화장실,법제3조제3호,신대호수,경기도 수원시 영통구 영통구 광교호수로 127(하동),경기도 수원시 영통구 하동 1008(광교호수공원),2,2,1,0,0,1,4,1,1,수원시 공원녹지사업소,,상시,,,공공기관-지방자치단체,수세식,N,N,,N,Y,여자화장실,,2026-02-20,I,2026-05-15 18:43:46,2026-02-21 09:51:35
3740000,202437400000101489,공중화장실,법제3조제3호,시원이네,경기도 수원시 팔달구 권광로 293(인계동),경기도 수원시 팔달구 인계동 333,3,4,1,1,0,1,5,1,0,수원청소년문화센터,,정시,06:00~22:00,,공공기관-지방자치단체,수세식,Y,Y,여자화장실,Y,Y,여자화장실,,2026-02-20,I,2026-05-15 18:43:46,2026-02-21 09:51:17
3740000,202437400000101490,공중화장실,법제3조제3호,슬기샘도서관 3층,경기도 수원시 장안구 송정로 9(송죽동),경기도 수원시 장안구 송죽동 417-23,2,3,0,0,0,0,3,0,0,수원시도서관사업소,,정시,평일 09:00~18:00(매주 월요일 휴무),,공공기관-지방자치단체,수세식,Y,Y,여자화장실,N,N,,,2026-02-20,I,2026-05-15 18:43:46,2026-02-21 09:50:53
3740000,202437400000101491,공중화장실,법제3조제3호,슬기샘도서관 2층,경기도 수원시 장안구 송정로 9(송죽동),경기도 수원시 장안구 송죽동 417-23,2,3,0,0,0,0,4,0,0,수원시도서관사업소,,정시,평일 09:00~18:00(매주 월요일 휴무),,공공기관-지방자치단체,수세식,N,N,,N,N,,,2026-02-20,I,2026-05-15 18:43:46,2026-02-21 09:50:38
3740000,202437400000101492,공중화장실,법제3조제3호,슬기샘도서관 1층,경기도 수원시 장안구 송정로 9(송죽동),경기도 수원시 장안구 송죽동 417-23,2,3,0,0,0,0,4,0,0,수원시도서관사업소,,정시,평일 09:00~18:00(매주 월요일 휴무),,공공기관-지방자치단체,수세식,Y,Y,여자화장실,N,N,,,2026-02-20,I,2026-05-15 18:43:46,2026-02-21 09:50:22
3740000,202437400000101493,공중화장실,법제3조제11호,슈퍼맨주유소,경기도 수원시 권선구 덕영대로 1139(세류동),경기도 수원시 권선구 세류동 1125-3,1,1,0,0,0,0,1,0,0,슈퍼맨주유소,,정시,05:00~22:00,,공공기관-지방자치단체,수세식,N,N,,N,N,,,2026-02-20,I,2026-05-15 18:43:46,2026-02-21 09:49:55
3740000,202437400000101494,공중화장실,법제3조제3호,쉼터,경기도 수원시 장안구 경수대로1283(이목동),경기도 수원시 장안구 이목동 563,2,3,1,1,1,0,3,1,0,수원시 장안구 녹지공원과,,상시,,,공공기관-지방자치단체,수세식,Y,Y,여자화장실,N,Y,여자화장실,,2026-02-20,I,2026-05-15 18:43:46,2026-02-21 09:49:32
3740000,202437400000101495,공중화장실,법제3조제3호,숙지,경기도 수원시 팔달구 화양로68번길 7-40(화서동),경기도 수원시 팔달구 화서동 259-14,2,4,1,0,0,1,3,1,1,수원시 팔달구 녹지공원과,,상시,,,공공기관-지방자치단체,수세식,Y,Y,여자화장실,Y,Y,여자화장실,,2026-02-20,I,2026-05-15 18:43:46,2026-02-21 09:49:05
3740000,202437400000101496,공중화장실,법제3조제11호,수일가스충전소,"경기도 수원시 권선구 평동로 31, 수일가스충전소 (고색동)",경기도 수원시 권선구 고색동 173-2 수일가스충전소,2,2,0,0,0,0,1,0,0,수일가스충전소,,정시,00:00~24:00,,공공기관-지방자치단체,수세식,N,N,,N,N,,,2026-02-20,I,2026-05-15 18:43:46,2026-02-21 09:48:38
3740000,202437400000101497,공중화장실,법제3조제3호,수원화성박물관(지하1층),"경기도 수원시 팔달구 창룡대로 21, 수원화성박물관 (매향동)",경기도 수원시 팔달구 매향동 49 수원화성박물관,0,1,0,0,0,0,1,0,0,수원화성박물관,,정시,09:00~18:00,,공공기관-지방자치단체,수세식,N,N,,Y,N,,,2026-02-20,I,2026-05-15 18:43:46,2026-02-21 09:48:14
3740000,202437400000101498,공중화장실,법제3조제3호,수원화성박물관(2층),"경기도 수원시 팔달구 창룡대로 21, 수원화성박물관 (매향동)",경기도 수원시 팔달구 매향동 49 수원화성박물관,2,3,0,0,0,0,5,0,0,수원화성박물관,,정시,09:00~18:00,,공공기관-지방자치단체,수세식,Y,Y,여자화장실,Y,N,,,2026-02-20,I,2026-05-15 18:43:46,2026-02-21 09:47:52
3740000,202437400000101499,공중화장실,법제3조제3호,수원화성박물관(1층 좌측),"경기도 수원시 팔달구 창룡대로 21, 수원화성박물관 (매향동)",경기도 수원시 팔달구 매향동 49 수원화성박물관,3,4,1,1,0,0,5,1,0,수원화성박물관,,정시,09:00~18:00,,공공기관-지방자치단체,수세식,Y,Y,여자화장실,Y,N,,,2026-02-20,I,2026-05-15 18:43:46,2026-02-21 09:47:34
3740000,202437400000101500,공중화장실,법제3조제3호,수원화성박물관(1층 우측),"경기도 수원시 팔달구 창룡대로 21, 수원화성박물관 (매향동)",경기도 수원시 팔달구 매향동 49 수원화성박물관,0,1,0,0,0,0,1,0,0,수원화성박물관,,정시,09:00~18:00,,공공기관-지방자치단체,수세식,N,N,,Y,N,,,2026-02-20,I,2026-05-15 18:43:46,2026-02-21 09:47:18
3740000,202437400000101501,공중화장실,법제3조제3호,수원컨벤션센터,경기도 수원시 영통구 광교중앙로 140(하동),경기도 수원시 영통구 하동 855-2,65,61,13,13,0,0,185,13,0,수원컨벤션센터,,정시,07:00~23:00,,공공기관-지방자치단체,수세식,Y,Y,장애인화장실,N,N,,,2026-02-20,I,2026-05-15 18:43:46,2026-02-21 09:46:51
3740000,202437400000101502,공중화장실,법제3조제3호,수원출입국·외국인청,경기도 수원시 영통구 반달로39(영통동),경기도 수원시 영통구 영통동 1012-6,6,7,1,0,0,0,11,1,0,수원출입국·외국인청 외국인청,,정시,09:00~18:00(공휴일 제외),,공공기관-지방자치단체,수세식,N,N,,Y,N,,,2026-02-20,I,2026-05-15 18:43:46,2026-02-21 09:45:47
3740000,202437400000101503,공중화장실,법제3조제3호,수원장안경찰서 본관 1층,경기도 수원시 장안구 정자천로 199(정자동),경기도 수원시 장안구 정자동 873-4,4,5,1,0,0,0,3,1,0,수원중부경찰서,,상시,,,공공기관-지방자치단체,수세식,Y,Y,여자화장실,N,N,,,2026-02-20,I,2026-05-15 18:43:46,2026-02-21 09:44:58
3740000,202437400000101504,공중화장실,법제3조제3호,수원장안경찰서 별관 1층,경기도 수원시 장안구 정자천로 199(정자동),경기도 수원시 장안구 정자동 873-4,2,5,1,0,0,0,2,1,0,수원장안경찰서,,상시,,,공공기관-지방자치단체,수세식,N,N,,N,N,,,2026-02-20,I,2026-05-15 18:43:46,2026-02-21 09:44:36
3740000,202437400000101505,공중화장실,법제3조제11호,수원주유소,경기도 수원시 팔달구 인계로 76 (인계동),경기도 수원시 팔달구 인계동 977-1,1,1,0,0,0,0,1,0,0,수원주유소,,상시,,,공공기관-지방자치단체,수세식,N,N,,N,N,,,2026-02-20,I,2026-05-15 18:43:46,2026-02-21 09:43:46
3740000,202437400000101507,공중화장실,법제3조제3호,수원역환승센터,경기도 수원시 권선구 세화로 136(서둔동),경기도 수원시 권선구 서둔동 296-84,3,4,1,0,1,1,10,1,1,수원도시공사,,상시,,,공공기관-지방자치단체,수세식,N,N,,N,N,,,2026-02-20,I,2026-05-15 18:43:46,2026-02-21 09:40:55
3740000,202437400000101508,공중화장실,법제3조제3호,수원역 지하2층 서편,"경기도 수원시 팔달구 덕영대로 924 (매산로1가, AK플라자)",경기도 수원시 팔달구 매산로1가 18,2,2,1,1,0,0,5,1,0,한국철도공사,,정시,05:00~23:30,,공공기관-지방자치단체,수세식,N,N,,N,Y,여자화장실,,2026-02-20,I,2026-05-15 18:43:46,2026-02-21 09:40:26
3740000,202437400000101509,공중화장실,법제3조제3호,수원역 지하1층 중앙,"경기도 수원시 팔달구 덕영대로 924 (매산로1가, AK플라자)",경기도 수원시 팔달구 매산로1가 18,11,24,1,1,0,0,23,1,0,한국철도공사,,정시,05:00~23:30,,공공기관-지방자치단체,수세식,Y,Y,여자화장실,N,Y,여자화장실,,2026-02-20,I,2026-05-15 18:43:46,2026-02-21 09:40:11
3740000,202437400000101510,공중화장실,법제3조제3호,수원역 지하1층 동편,"경기도 수원시 팔달구 덕영대로 924 (매산로1가, AK플라자)",경기도 수원시 팔달구 매산로1가 18,7,11,1,1,0,0,15,1,0,한국철도공사,,정시,05:00~23:30,,공공기관-지방자치단체,수세식,N,N,,N,Y,여자화장실,,2026-02-20,I,2026-05-15 18:43:46,2026-02-21 09:39:54
3740000,202437400000101511,공중화장실,법제3조제3호,수원역 2층 서편,"경기도 수원시 팔달구 덕영대로 924 (매산로1가, AK플라자)",경기도 수원시 팔달구 매산로1가 18,5,7,1,1,0,0,8,1,0,한국철도공사,,정시,05:00~23:30,,공공기관-지방자치단체,수세식,Y,Y,여자화장실,N,Y,여자화장실,,2026-02-20,I,2026-05-15 18:43:46,2026-02-21 09:39:35
3740000,202437400000101512,공중화장실,법제3조제3호,수원역 2층 동편,"경기도 수원시 팔달구 덕영대로 924 (매산로1가, AK플라자)",경기도 수원시 팔달구 매산로1가 18,7,9,1,1,0,0,12,1,0,한국철도공사,,정시,05:00~23:30,,공공기관-지방자치단체,수세식,N,N,,N,Y,여자화장실,,2026-02-20,I,2026-05-15 18:43:46,2026-02-21 09:39:17
3740000,202437400000101513,공중화장실,법제3조제3호,수원시청역 화장실,경기도 수원시 권선구 효원로 지하270(인계동),경기도 수원시 인계동 1124번지,9,12,1,1,1,1,21,1,1,한국철도공사 수도권동부본부,,정시,20시간,,공공기관-지방자치단체,수세식,N,N,,N,N,,,2026-02-20,I,2026-05-15 18:43:46,2026-02-21 09:38:49
3740000,202437400000101514,공중화장실,법제3조제3호,수원시청 본관,경기도 수원시 팔달구 효원로 241,경기도 수원시 팔달구 인계동 1111,15,17,3,3,0,0,15,2,0,수원시청,,정시,09:00~18:00,,공공기관-지방자치단체,수세식,N,N,,N,Y,여자화장실,,2026-02-20,I,2026-05-15 18:43:46,2026-02-21 09:38:26
3740000,202437400000101515,공중화장실,법제3조제3호,수원시청 별관,경기도 수원시 팔달구 효원로 241,경기도 수원시 팔달구 인계동 1111,37,31,5,8,0,0,37,4,0,수원시청,,정시,09:00~18:00,,공공기관-지방자치단체,수세식,N,N,,N,Y,여자화장실,,2026-02-20,I,2026-05-15 18:43:46,2026-02-21 09:38:11
3740000,202437400000101516,공중화장실,법제3조제3호,수원시장애인종합복지관 1층,경기도 수원시 영통구 창룡대로 255(이의동),경기도 수원시 영통구 이의동 1088,2,3,2,3,0,0,5,5,0,수원시 장애인복지과,,정시,10시간,,공공기관-지방자치단체,수세식,Y,Y,여자화장실,N,Y,여자화장실,,2026-02-20,I,2026-05-15 18:43:46,2026-02-21 09:37:44
3740000,202437400000101517,공중화장실,법제3조제3호,수원시연화장(추모의 집지하층),"경기도 수원시 영통구 광교호수로 278, 수원시 연화장 (하동)",경기도 수원시 영통구 하동 20 수원시 연화장,2,3,0,0,0,0,2,0,0,수원시연화장,,정시,09:00~18:00,,공공기관-지방자치단체,수세식,N,N,,N,N,,,2026-02-20,I,2026-05-15 18:43:46,2026-02-21 09:37:23
3740000,202437400000101518,공중화장실,법제3조제3호,수원시연화장(추모의 집1층),"경기도 수원시 영통구 광교호수로 278, 수원시 연화장 (하동)",경기도 수원시 영통구 하동 20 수원시 연화장,2,3,0,0,0,0,2,0,0,수원시연화장,,정시,09:00~18:00,,공공기관-지방자치단체,수세식,N,N,,N,N,,,2026-02-20,I,2026-05-15 18:43:46,2026-02-21 09:37:03
3740000,202437400000101519,공중화장실,법제3조제3호,수원시연화장(장례식장2층좌측),"경기도 수원시 영통구 광교호수로 278, 수원시 연화장 (하동)",경기도 수원시 영통구 하동 20 수원시 연화장,4,4,0,0,0,0,4,0,0,수원시연화장,,정시,09:00~18:00,,공공기관-지방자치단체,수세식,Y,Y,여자화장실,N,N,,,2026-02-20,I,2026-05-15 18:43:46,2026-02-21 09:36:44
3740000,202437400000101520,공중화장실,법제3조제3호,수원시연화장(장례식장2층우측),"경기도 수원시 영통구 광교호수로 278, 수원시 연화장 (하동)",경기도 수원시 영통구 하동 20 수원시 연화장,4,4,0,0,0,0,4,0,0,수원시연화장,,정시,09:00~18:00,,공공기관-지방자치단체,수세식,Y,Y,여자화장실,N,N,,,2026-02-20,I,2026-05-15 18:43:46,2026-02-21 09:36:24
3740000,202437400000101521,공중화장실,법제3조제3호,수원시연화장(장례식장1층좌측),"경기도 수원시 영통구 광교호수로 278, 수원시 연화장 (하동)",경기도 수원시 영통구 하동 20 수원시 연화장,4,4,0,0,0,0,4,0,0,수원시연화장,,정시,09:00~18:00,,공공기관-지방자치단체,수세식,Y,Y,여자화장실,N,N,,,2026-02-20,I,2026-05-15 18:43:46,2026-02-21 09:36:06
3740000,202437400000101522,공중화장실,법제3조제3호,수원시연화장(장례식장1층우측),"경기도 수원시 영통구 광교호수로 278, 수원시 연화장 (하동)",경기도 수원시 영통구 하동 20 수원시 연화장,4,4,0,0,0,0,4,0,0,수원시연화장,,정시,09:00~18:00,,공공기관-지방자치단체,수세식,Y,Y,여자화장실,Y,N,,,2026-02-20,I,2026-05-15 18:43:46,2026-02-21 09:35:48
3740000,202437400000101523,공중화장실,법제3조제3호,수원시연화장(승화원 좌측),"경기도 수원시 영통구 광교호수로 278, 수원시 연화장 (하동)",경기도 수원시 영통구 하동 20 수원시 연화장,3,4,0,0,0,0,3,0,0,수원시연화장,,정시,09:00~18:00,,공공기관-지방자치단체,수세식,N,N,,N,N,,,2026-02-20,I,2026-05-15 18:43:46,2026-02-21 09:35:14
3740000,202437400000101524,공중화장실,법제3조제3호,수원시연화장(승화원 우측),"경기도 수원시 영통구 광교호수로 278, 수원시 연화장 (하동)",경기도 수원시 영통구 하동 20 수원시 연화장,3,4,0,0,0,0,3,0,0,수원시연화장,,정시,09:00~18:00,,공공기관-지방자치단체,수세식,Y,Y,여자화장실,N,N,,,2026-02-20,I,2026-05-15 18:43:46,2026-02-21 09:34:55
3740000,202437400000101525,공중화장실,법제3조제3호,수원시민회관,경기도 수원시 팔달구 팔달산로 28(매산로3가),경기도 수원시 팔달구 매산로3가 산3,14,19,1,0,0,0,15,4,0,수원시 문화예술과,,정시,09:00~18:00,,공공기관-지방자치단체,수세식,N,N,,Y,N,,,2026-02-20,I,2026-05-15 18:43:46,2026-02-21 09:34:14
3740000,202437400000101526,공중화장실,법제3조제3호,수원시립아이파크미술관(2층),경기도 수원시 팔달구 정조로 833(신풍동),경기도 수원시 팔달구 신풍동 238-1,1,1,0,0,0,0,2,0,1,수원시립미술관,,정시,10:00~18:00,,공공기관-지방자치단체,수세식,Y,Y,여자화장실,Y,N,,,2026-02-20,I,2026-05-15 18:43:46,2026-02-21 09:33:49
3740000,202437400000101527,공중화장실,법제3조제3호,수원시립아이파크미술관(1층),경기도 수원시 팔달구 정조로 833(신풍동),경기도 수원시 팔달구 신풍동 238-1,1,2,1,0,1,0,4,1,2,수원시립미술관,,정시,10:00~18:00,,공공기관-지방자치단체,수세식,Y,Y,여자화장실,Y,Y,여자화장실,,2026-02-20,I,2026-05-15 18:43:46,2026-02-21 09:33:31
3740000,202437400000101528,공중화장실,법제3조제3호,수원시농업기술센터,경기도 수원시 권선구 온정로 45 (오목천동),경기도 수원시 권선구 오목천동 40,6,9,1,1,0,0,6,1,0,수원시농업기술센터,,정시,09:00~18:00,,공공기관-지방자치단체,수세식,N,N,,N,N,,,2026-02-20,I,2026-05-15 18:43:46,2026-02-21 09:33:12
3740000,202437400000101529,공중화장실,법제3조제3호,수원시가족여성회관,경기도 수원시 팔달구 매산로 119(교동),경기도 수원시 팔달구 교동 74-1,4,5,0,2,1,0,20,1,1,수원시 여성정책과,,정시,09:00~22:00,,공공기관-지방자치단체,수세식,Y,Y,여자화장실,N,N,,,2026-02-20,I,2026-05-15 18:43:46,2026-02-21 09:32:52
3740000,202437400000101530,공중화장실,법제3조제3호,수원세무서,"경기도 수원시 팔달구 매산로 61, 수원세무서 (매산로3가)",경기도 수원시 팔달구 매산로3가 28 수원세무서,8,12,1,1,0,0,8,1,0,수원세무서,,정시,09:00~18:00,,공공기관-지방자치단체,수세식,Y,Y,여자화장실,Y,N,,,2026-02-20,I,2026-05-15 18:43:46,2026-02-21 09:32:32
3740000,202437400000101531,공중화장실,법제3조제3호,수원세관,"경기도 수원시 영통구 창룡대로 315, 수원세관 (이의동)",경기도 수원시 영통구 이의동 817-1 수원세관,7,8,0,0,0,0,4,0,0,수원세관,,정시,9:00~18:00,,공공기관-지방자치단체,수세식,Y,Y,여자화장실,N,N,,,2026-02-20,I,2026-05-15 18:43:46,2026-02-21 09:32:11
3740000,202437400000101532,공중화장실,법제3조제3호,수원권선경찰서 본관,경기도 수원시 권선구 서부로 1673 (탑동),경기도 수원시 권선구 탑동 911,3,4,0,0,0,0,3,0,0,수원권선경찰서,,상시,,,공공기관-지방자치단체,수세식,Y,Y,여자화장실,N,N,,,2026-02-20,I,2026-05-15 18:43:46,2026-02-21 09:31:49
3740000,202437400000101533,공중화장실,법제3조제3호,수원권선경찰서 민원관,경기도 수원시 권선구 서부로 1673 (탑동),경기도 수원시 권선구 탑동 911,2,2,0,0,0,0,3,0,0,수원권선경찰서,,상시,,,공공기관-지방자치단체,수세식,N,N,,N,N,,,2026-02-20,I,2026-05-15 18:43:46,2026-02-21 09:31:14
3740000,202437400000101534,공중화장실,법제3조제3호,수원병원장례식지하1층중앙,"경기도 수원시 장안구 수성로245번길 69, 경기도립수원의료원 (정자동)",경기도 수원시 장안구 정자동 886-9 경기도립수원의료원,4,4,1,1,0,0,7,1,0,수원병원장례식지하1층중앙,,정시,00:00~24:00,,공공기관-지방자치단체,수세식,N,N,,N,N,,,2026-02-20,I,2026-05-15 18:43:46,2026-02-21 09:30:37
3740000,202437400000101535,공중화장실,법제3조제3호,수원병원장례식장지하외부,"경기도 수원시 장안구 수성로245번길 69, 경기도립수원의료원 (정자동)",경기도 수원시 장안구 정자동 886-9 경기도립수원의료원,2,3,0,0,0,0,3,0,0,수원병원장례식장지하외부,,정시,00:00~24:00,,공공기관-지방자치단체,수세식,N,N,,N,N,,,2026-02-20,I,2026-05-15 18:43:46,2026-02-21 09:30:18
3740000,202437400000101536,공중화장실,법제3조제3호,수원병원본관2층북쪽,"경기도 수원시 장안구 수성로245번길 69, 경기도립수원의료원 (정자동)",경기도 수원시 장안구 정자동 886-9 경기도립수원의료원,1,3,1,1,0,0,3,1,0,수원병원본관2층북쪽,,정시,09:00~18:00,,공공기관-지방자치단체,수세식,N,N,,N,N,,,2026-02-20,I,2026-05-15 18:43:46,2026-02-21 09:29:51
3740000,202437400000101537,공중화장실,법제3조제3호,수원병원본관2층남쪽,"경기도 수원시 장안구 수성로245번길 69, 경기도립수원의료원 (정자동)",경기도 수원시 장안구 정자동 886-9 경기도립수원의료원,2,3,0,0,0,0,2,0,0,수원병원본관2층남쪽,,정시,09:00~18:00,,공공기관-지방자치단체,수세식,N,N,,N,N,,,2026-02-20,I,2026-05-15 18:43:46,2026-02-21 09:29:31
3740000,202437400000101538,공중화장실,법제3조제3호,수원병원본관1층북쪽,"경기도 수원시 장안구 수성로245번길 69, 경기도립수원의료원 (정자동)",경기도 수원시 장안구 정자동 886-9 경기도립수원의료원,2,3,1,1,0,0,3,1,0,수원병원본관1층북쪽,,정시,09:00~18:00,,공공기관-지방자치단체,수세식,N,N,,N,N,,,2026-02-20,I,2026-05-15 18:43:46,2026-02-21 09:29:13
3740000,202437400000101539,공중화장실,법제3조제3호,수원병원본관1층남쪽,"경기도 수원시 장안구 수성로245번길 69, 경기도립수원의료원 (정자동)",경기도 수원시 장안구 정자동 886-9 경기도립수원의료원,1,3,0,0,0,0,2,0,0,수원병원본관1층남쪽,,정시,09:00~18:00,,공공기관-지방자치단체,수세식,N,N,,Y,N,,,2026-02-20,I,2026-05-15 18:43:46,2026-02-21 09:28:56
3740000,202437400000101540,공중화장실,법제3조제3호,수원병원 응급실 1층 접수옆,"경기도 수원시 장안구 수성로245번길 69, 경기도립수원의료원 (정자동)",경기도 수원시 장안구 정자동 886-9 경기도립수원의료원,1,0,0,0,0,0,1,0,0,수원병원 응급실 1층 접수옆,,정시,09:00~18:00,,공공기관-지방자치단체,수세식,N,N,,N,N,,,2026-02-20,I,2026-05-15 18:43:46,2026-02-21 09:28:34
3740000,202437400000101541,공중화장실,법제3조제3호,수원병원 2층 검진센타,"경기도 수원시 장안구 수성로245번길 69, 경기도립수원의료원 (정자동)",경기도 수원시 장안구 정자동 886-9 경기도립수원의료원,2,2,0,0,0,0,3,0,0,수원병원 2층 검진센타,,정시,09:00~18:00,,공공기관-지방자치단체,수세식,N,N,,N,N,,,2026-02-20,I,2026-05-15 18:43:46,2026-02-21 09:28:11
3740000,202437400000101542,공중화장실,법제3조제3호,수원백병원,"경기도 수원시 팔달구 정조로 793, 백내과병원 (팔달로2가)",경기도 수원시 팔달구 팔달로2가 95 백내과병원,8,14,0,0,0,0,8,0,0,수원백병원,,정시,09:00~18:00,,공공기관-지방자치단체,수세식,N,N,,N,N,,,2026-02-20,I,2026-05-15 18:43:46,2026-02-21 09:27:34
3740000,202437400000101543,공중화장실,법제3조제3호,수원박물관,"경기도 수원시 영통구 창룡대로 265, 수원박물관 (이의동)",경기도 수원시 영통구 이의동 1088-10 수원박물관,6,8,1,1,0,0,18,1,1,수원박물관,,정시,09:00~18:00,,공공기관-지방자치단체,수세식,Y,Y,여자화장실,Y,N,,,2026-02-20,I,2026-05-15 18:43:46,2026-02-21 09:26:56
3740000,202437400000101544,공중화장실,법제3조제3호,수원영통경찰서,경기도 수원시 영통구 매봉로 52(매탄동),경기도 수원시 영통구 매탄동 1196,19,22,1,2,0,0,17,0,0,수원영통경찰서,,상시,,,공공기관-지방자치단체,수세식,N,N,,N,N,,,2026-02-20,I,2026-05-15 18:43:46,2026-02-21 09:26:09
3740000,202437400000101546,공중화장실,법제3조제11호,수안주유소,"경기도 수원시 장안구 경수대로 1246 (파장동, 수안주유소)",경기도 수원시 장안구 파장동 43-1,2,3,0,0,0,0,2,0,0,수안주유소,,정시,06:00~22:00,,공공기관-지방자치단체,수세식,N,N,,N,N,,,2026-02-20,I,2026-05-15 18:43:46,2026-02-21 09:25:15
3740000,202437400000101547,공중화장실,법제3조제3호,수롱이,경기도 수원시 장안구 만석로65(정자동),경기도 수원시 장안구 정자동 869-1,2,4,1,0,0,0,5,1,0,수원시 장안구 녹지공원과,,상시,,,공공기관-지방자치단체,수세식,Y,Y,여자화장실,N,Y,여자화장실,,2026-02-20,I,2026-05-15 18:43:46,2026-02-21 09:24:49
3740000,202437400000101548,공중화장실,법제3조제3호,송죽동행정복지센터,경기도 수원시 장안구 경기도 수원시 장안구 송원로41번길 16-21(송죽동),경기도 수원시 장안구 송죽동 502-1,3,4,1,1,0,0,6,0,0,송죽동행정복지센터,,정시,평일 09:00~18:00,,공공기관-지방자치단체,수세식,N,N,,N,N,,,2026-02-20,I,2026-05-15 18:43:46,2026-02-21 09:24:24
3740000,202437400000101549,공중화장실,법제3조제3호,솟대,,경기도 수원시 장안구 천천동 483-6,1,2,1,1,0,0,2,1,0,수원시 장안구 환경위생과,,상시,,,공공기관-지방자치단체,수세식,Y,Y,여자화장실,N,N,,,2026-02-20,I,2026-05-15 18:43:46,2026-02-21 09:21:20
3740000,202437400000101550,공중화장실,법제3조제3호,솔숲(매탄공원),경기도 수원시 영통구 매탄로 185(매탄동),경기도 수원시 영통구 매탄동 811,4,2,1,0,1,1,6,0,1,수원시 영통구 녹지공원과,,상시,,,공공기관-지방자치단체,수세식,Y,Y,여자화장실,N,Y,여자화장실,,2026-02-20,I,2026-05-15 18:43:46,2026-02-21 09:20:49
3740000,202437400000101551,공중화장실,법제3조제11호,솔밭주유소,경기도 수원시 장안구 장안로 357(정자동),경기도 수원시 장안구 정자동 574-6,2,1,0,0,0,0,2,0,0,솔밭주유소,,정시,06:00~22:00,,공공기관-지방자치단체,수세식,N,N,,N,N,,,2026-02-20,I,2026-05-15 18:43:46,2026-02-21 09:20:24
3740000,202437400000101552,공중화장실,법제3조제3호,솔대,경기도 수원시 권선구 오목천로152번길 7 (고색동),경기도 수원시 권선구 고색동 917,3,3,1,1,0,0,6,0,0,수원시 체육진흥과,,정시,06:00-22:00,,공공기관-지방자치단체,수세식,Y,Y,여자화장실,N,Y,여자화장실,,2026-02-20,I,2026-05-15 18:43:46,2026-02-21 09:23:50
3740000,202437400000101553,공중화장실,법제3조제3호,세류지구대,경기도 수원시 권선구 정조로 370(세류동),경기도 수원시 권선구 세류동 1167-33,1,1,1,1,0,0,2,0,0,수원권선경찰서,,상시,,,공공기관-지방자치단체,수거식,N,N,,N,N,,,2026-02-20,I,2026-05-15 18:43:46,2026-02-21 09:18:32
3740000,202437400000101554,공중화장실,법제3조제3호,세류동우체국,경기도 수원시 권선구 덕영대로 1084(세류동),경기도 수원시 권선구 세류2동 543-2호,1,1,0,0,0,0,0,0,0,서수원우체국,,정시,09:00~18:00,,공공기관-지방자치단체,수세식,Y,Y,여자화장실,N,N,,,2026-02-20,I,2026-05-15 18:43:46,2026-02-23 16:05:51
3740000,202437400000101555,공중화장실,법제3조제3호,세류3동행정복지센터,경기도 수원시 권선구 정조로 557(세류동),경기도 수원시 권선구 세류동 476-11,1,2,1,0,0,0,2,1,0,세류3동행정복지센터,,정시,평일 09:00~18:00,,공공기관-지방자치단체,수세식,Y,Y,여자화장실,N,N,,,2026-02-20,I,2026-05-15 18:43:46,2026-02-21 09:17:30
3740000,202437400000101556,공중화장실,법제3조제3호,세류2동행정복지센터,경기도 수원시 권선구 덕영대로 1107(세류동),경기도 수원시 권선구 세류동 980-1,3,1,0,2,0,0,7,1,0,세류2동행정복지센터,,정시,평일 09:00~18:00,,공공기관-지방자치단체,수세식,N,N,,N,N,,,2026-02-20,I,2026-05-15 18:43:46,2026-02-21 09:17:13
3740000,202437400000101557,공중화장실,법제3조제3호,세류1동행정복지센터,경기도 수원시 권선구 세류로38번길 10(세류동),경기도 수원시 권선구 세류동 223-2,4,5,0,0,0,0,2,1,0,세류1동행정복지센터,,정시,평일 09:00~18:00,,공공기관-지방자치단체,수세식,Y,Y,여자화장실,N,N,,,2026-02-20,I,2026-05-15 18:43:46,2026-02-21 09:16:50
3740000,202437400000101558,공중화장실,법제3조제11호,세광상사(주) 행복주유소,경기도 수원시 권선구 수인로 379 (구운동),경기도 수원시 권선구 구운동 671,3,2,0,0,0,0,2,0,0,세광상사(주) 행복주유소,,정시,06:00~22:00,,공공기관-지방자치단체,수세식,Y,Y,여자화장실,N,N,,,2026-02-20,I,2026-05-15 18:43:46,2026-02-21 09:16:29
3740000,202437400000101559,공중화장실,법제3조제3호,성죽,,경기도 수원시 영통구 이의동 1213,1,1,1,0,0,0,2,1,0,수원시 영통구 녹지공원과,,상시,,,공공기관-지방자치단체,수세식,N,N,,N,N,,,2026-02-20,I,2026-05-15 18:43:46,2026-02-21 09:15:50
3740000,202437400000101561,공중화장실,법제3조제3호,성빈센트병원,"경기도 수원시 팔달구 중부대로 93, 성빈센트병원 (지동)",경기도 수원시 팔달구 지동 93-6 성빈센트병원,2,3,0,0,0,0,3,0,0,성빈센트병원,,정시,09:00~18:00,,공공기관-지방자치단체,수세식,N,N,,Y,N,,,2026-02-20,I,2026-05-15 18:43:46,2026-02-21 09:13:43
3740000,202437400000101562,공중화장실,법제3조제3호,성균관대역,"경기도 수원시 장안구 서부로 2149, 성대역사 (율전동)",경기도 수원시 장안구 율전동 495-2 성대역사,2,4,1,1,0,0,6,1,0,성균관대역,,정시,20시간,,공공기관-지방자치단체,수세식,Y,Y,여자화장실,N,Y,여자화장실,,2026-02-20,I,2026-05-15 18:43:46,2026-02-21 09:13:19
3740000,202437400000101563,공중화장실,법제3조제3호,선주리들,"경기도 수원시 영통구 동탄원천로915번길 33 (매탄동, 주공그린빌)",경기도 수원시 영통구 매탄동 1280 주공그린빌,1,1,1,0,0,0,1,1,0,수원시 영통구 녹지공원과,,정시,06:00~22:00,,공공기관-지방자치단체,수세식,Y,Y,여자화장실,N,N,,,2026-02-20,I,2026-05-15 18:43:46,2026-02-21 09:12:10
3740000,202437400000101564,공중화장실,법제3조제3호,선경도서관,경기도 수원시 팔달구 신풍로23번길 68(신풍동),경기도 수원시 팔달구 신풍동 123-68,10,16,0,1,0,0,13,0,0,수원시 도서관사업소,,정시,"07:00~23:00(둘째, 네째주 월요일 휴무)",,공공기관-지방자치단체,수세식,Y,Y,여자화장실,Y,Y,여자화장실,,2026-02-20,I,2026-05-15 18:43:46,2026-02-21 09:11:25
3740000,202437400000101565,공중화장실,법제3조제3호,서호지구대,경기도 수원시 권선구 구운로73번길 18-13 (구운동),경기도 수원시 권선구 구운동 939-2,1,1,0,0,0,0,1,0,0,수원권선경찰서,,상시,,,공공기관-지방자치단체,수세식,N,N,,N,N,,,2026-02-20,I,2026-05-15 18:43:46,2026-02-21 09:10:59
3740000,202437400000101566,공중화장실,법제3조제3호,서호잔디광장,"경기도 수원시 팔달구 수성로 92, 농민회관 (화서동)",경기도 수원시 팔달구 화서동 436-3 농민회관,3,4,0,0,0,8,7,1,13,수원시 팔달구 녹지공원과,,상시,,,공공기관-지방자치단체,수세식,Y,Y,여자화장실,Y,N,,,2026-02-20,I,2026-05-15 18:43:46,2026-02-21 09:09:51
3740000,202437400000101567,공중화장실,법제3조제3호,서호노인복지관 지하1층,경기도 수원시 권선구 구운로 4번길 34(구운동),경기도 수원시 권선구 구운동 501,1,1,0,0,0,0,1,0,0,서호노인복지관,,정시,09:00~18:00,,공공기관-지방자치단체,수세식,N,N,,Y,N,,,2026-02-20,I,2026-05-15 18:43:46,2026-02-21 09:08:23
3740000,202437400000101568,공중화장실,법제3조제3호,서호노인복지관 3층,경기도 수원시 권선구 구운로 4번길 34(구운동),경기도 수원시 권선구 구운동 501,2,1,1,1,0,0,3,1,0,서호노인복지관,,정시,09:00~18:00,,공공기관-지방자치단체,수세식,N,N,,Y,N,,,2026-02-20,I,2026-05-15 18:43:46,2026-02-21 09:07:50
3740000,202437400000101569,공중화장실,법제3조제3호,서호노인복지관 2층,경기도 수원시 권선구 구운로 4번길 34(구운동),경기도 수원시 권선구 구운동 501,2,1,1,1,0,0,3,1,0,서호노인복지관,,정시,09:00~18:00,,공공기관-지방자치단체,수세식,N,N,,Y,N,,,2026-02-20,I,2026-05-15 18:43:46,2026-02-21 09:07:26
3740000,202437400000101570,공중화장실,법제3조제3호,서호노인복지관 1층,경기도 수원시 권선구 구운로 4번길 34(구운동),경기도 수원시 권선구 구운동 501,2,1,1,1,0,0,3,1,0,서호노인복지관,,정시,09:00~18:00,,공공기관-지방자치단체,수세식,N,N,,Y,N,,,2026-02-20,I,2026-05-15 18:43:46,2026-02-21 09:06:59
3740000,202437400000101571,공중화장실,법제3조제3호,서호꽃뫼(2),,경기도 수원시 팔달구 화서동 410-22,1,1,0,0,0,0,3,0,0,수원시 팔달구 녹지공원과,,상시,,,공공기관-지방자치단체,수세식,Y,Y,여자화장실,Y,Y,여자화장실,,2026-02-20,I,2026-05-15 18:43:46,2026-02-21 09:06:31
3740000,202437400000101572,공중화장실,법제3조제3호,서호꽃뫼,경기도 수원시 팔달구 수성로 120(화서동),경기도 수원시 팔달구 화서동 433-6,1,1,0,0,0,0,3,0,0,수원시 팔달구 녹지공원과,,상시,,,공공기관-지방자치단체,수세식,Y,Y,여자화장실,Y,Y,여자화장실,,2026-02-20,I,2026-05-15 18:43:46,2026-02-21 09:06:11
3740000,202437400000101573,공중화장실,법제3조제3호,서수원터미널,경기도 수원시 권선구 수인로 291(구운동),경기도 수원시 권선구 구운동 925,16,30,1,4,0,0,34,1,3,서수원터미널,,정시,05:00~23:30,,공공기관-지방자치단체,수세식,N,N,,N,Y,여자화장실,,2026-02-20,I,2026-05-15 18:43:46,2026-02-21 09:05:41
3740000,202437400000101574,공중화장실,법제3조제11호,서수원주유소,경기도 수원시 권선구 서부로 1963 (구운동),경기도 수원시 권선구 구운동 217-11,1,1,0,0,0,0,1,0,0,서수원주유소,,상시,,,공공기관-지방자치단체,수세식,N,N,,N,N,,,2026-02-20,I,2026-05-15 18:43:46,2026-02-21 08:58:55
3740000,202437400000101575,공중화장실,법제3조제3호,서수원도서관,경기도수원시 권선구 탑동로 57번길 35(탑동),경기도 수원시 권선구 탑동 746-1,16,16,4,4,0,0,28,4,2,서수원도서관,,정시,"평일 09:00 - 22:00, 주말 09:00 - 17:00",,공공기관-지방자치단체,수세식,N,N,,N,Y,여자화장실,,2026-02-20,I,2026-05-15 18:43:46,2026-02-21 08:58:06
3740000,202437400000101576,공중화장실,법제3조제11호,서부주유소,경기도 수원시 팔달구 수성로 188 (화서동),경기도 수원시 팔달구 화서동 647-2,0,2,0,0,0,0,2,0,0,서부주유소,,정시,06:00~22:00,,공공기관-지방자치단체,수세식,Y,Y,여자화장실,N,N,,,2026-02-20,I,2026-05-15 18:43:46,2026-02-21 08:57:44
3740000,202437400000101577,공중화장실,법제3조제3호,서둔동행정복지센터,경기도 수원시 권선구 서호로 146(서둔동),경기도 수원시 권선구 서둔동 207-13,2,6,1,1,0,0,3,0,1,서둔동행정복지센터,,정시,평일 09:00~18:00,,공공기관-지방자치단체,수세식,Y,Y,여자화장실,N,N,,,2026-02-20,I,2026-05-15 18:43:46,2026-02-21 08:57:17
3740000,202437400000101578,공중화장실,법제3조제3호,서둔119안전센터,"경기도 수원시 권선구 서호동로 48, 서둔119안전센터 (서둔동)",경기도 수원시 권선구 서둔동 17-77 서둔119안전센터,2,2,0,0,0,0,0,0,0,서둔119안전센터,,정시,09:00~18:00,,공공기관-지방자치단체,수세식,N,N,,N,N,,,2026-02-20,I,2026-05-15 18:43:46,2026-02-21 08:56:53
3740000,202437400000101579,공중화장실,법제3조제3호,샛길,"경기도 수원시 권선구 권중로 171, 샛길 (권선동)",경기도 수원시 권선구 권선동 1269 샛길,2,4,0,0,0,0,3,0,0,수원시 권선구 녹지공원과,,상시,,,공공기관-지방자치단체,수세식,Y,Y,여자화장실,N,Y,여자화장실,,2026-02-20,I,2026-05-15 18:43:46,2026-02-21 08:56:05
3740000,202437400000101580,공중화장실,법제3조제11호,새한주유소,경기도 수원시 장안구 서부로 2348(이목동),경기도 수원시 장안구 이목동 266-1,2,2,0,0,0,0,2,0,0,새한주유소,,정시,06:00~22:00,,공공기관-지방자치단체,수세식,N,N,,N,N,,,2026-02-20,I,2026-05-15 18:43:46,2026-02-21 08:55:07
3740000,202437400000101581,공중화장실,법제3조제3호,상수도사업소 청사(1층),경기도 수원시 장안구 광교산로119(하광교동),경기도 수원시 장안구 하광교동416-1,2,2,1,1,0,0,4,1,0,수원시 상수도사업소,,정시,09:00~18:00,,공공기관-지방자치단체,수세식,N,N,,N,N,,,2026-02-20,I,2026-05-15 18:43:46,2026-02-21 08:54:45
3740000,202437400000101582,공중화장실,법제3조제11호,삼성주유소,경기도 수원시 영통구 매영로 248(원천동),경기도 수원시 영통구 원천동 409-2,1,2,0,0,0,0,2,0,0,삼성주유소,,정시,06:00~22:00,,공공기관-지방자치단체,수세식,N,N,,N,N,,,2026-02-20,I,2026-05-15 18:43:46,2026-02-21 08:54:18
3740000,202437400000101583,공중화장실,법제3조제3호,살구,경기도 수원시 영통구 매영로 366(영통동),경기도 수원시 영통구 영통동 989-2,2,2,0,2,0,0,2,0,0,수원시 영통구 녹지공원과,,상시,,,공공기관-지방자치단체,수세식,Y,Y,여자화장실,N,N,,,2026-02-20,I,2026-05-15 18:43:46,2026-02-21 08:53:42
3740000,202437400000101584,공중화장실,법제3조제3호,산아래,경기도 수원시 팔달구 팔달산로 131(화서1동),경기도 수원시 팔달구 화서동 산1-12,2,2,1,0,0,0,3,0,0,수원시 화성사업소,,상시,,,공공기관-지방자치단체,수세식,N,N,,N,N,,,2026-02-20,I,2026-05-15 18:43:46,2026-02-21 08:53:22
3740000,202437400000101585,공중화장실,법제3조제3호,산남지구대,경기도 수원시 영통구 매영로 93-18(매탄동),경기도 수원시 영통구 매탄동 1213-2,2,2,1,1,0,0,2,1,0,수원영통경찰서,,상시,,,공공기관-지방자치단체,수세식,N,N,,N,N,,,2026-02-20,I,2026-05-15 18:43:46,2026-02-21 08:53:01
3740000,202437400000101586,공중화장실,법제3조제3호,사색,경기도 수원시 영통구 광교중앙로 96 (원천동),경기도 수원시 영통구 원천동 588,2,3,1,0,1,0,6,1,1,수원시 영통구 녹지공원과,,정시,06:00~22:00,,공공기관-지방자치단체,수세식,Y,Y,여자화장실,N,N,,,2026-02-20,I,2026-05-15 18:43:46,2026-02-21 08:51:42
3740000,202437400000101587,공중화장실,법제3조제11호,비행장주유소,경기도 수원시 권선구 정조로 291(대황교동),경기도 수원시 권선구 대황교동 259-5,1,1,0,0,0,0,2,0,0,비행장주유소,,정시,06:00~22:00,,공공기관-지방자치단체,수세식,N,N,,N,N,,,2026-02-20,I,2026-05-15 18:43:46,2026-02-21 08:50:59
3740000,202437400000101588,공중화장실,법제3조제11호,북수원톨게이트충전소,"경기도 수원시 장안구 경수대로 1184, 주유소 (파장동)",경기도 수원시 장안구 파장동 127-1 주유소,2,2,0,0,0,0,0,0,0,북수원톨게이트충전소,,정시,06:00~10:00,,공공기관-지방자치단체,수세식,N,N,,N,N,,,2026-02-20,I,2026-05-15 18:43:46,2026-02-21 08:50:34
3740000,202437400000101589,공중화장실,법제3조제11호,북수원셀프주유소,경기도 수원시 장안구 서부로 2201 (율전동),경기도 수원시 장안구 율전동 114-3,1,2,0,0,0,0,2,0,0,북수원셀프주유소,,상시,,,공공기관-지방자치단체,수세식,N,N,,N,Y,여자화장실,,2026-02-20,I,2026-05-15 18:43:46,2026-02-21 08:50:12
3740000,202437400000101590,공중화장실,법제3조제3호,북수원도서관 3층,경기도 수원시 장안구 만석로 65(정자동),경기도 수원시 장안구 정자동 869-1,3,5,0,0,0,0,8,0,0,수원시도서관사업소,,정시,평일 09:00~18:00(매주 월요일 휴무),,공공기관-지방자치단체,수세식,Y,Y,여자화장실,N,N,,,2026-02-20,I,2026-05-15 18:43:46,2026-02-21 08:49:49
3740000,202437400000101591,공중화장실,법제3조제3호,북수원도서관 2층,경기도 수원시 장안구 만석로 65(정자동),경기도 수원시 장안구 정자동 869-1,3,5,0,0,0,0,8,0,0,수원시도서관사업소,,정시,평일 09:00~18:00(매주 월요일 휴무),,공공기관-지방자치단체,수세식,Y,Y,여자화장실,N,N,,,2026-02-20,I,2026-05-15 18:43:46,2026-02-21 08:49:32
3740000,202437400000101592,공중화장실,법제3조제3호,북수원도서관 1층,경기도 수원시 장안구 만석로 65(정자동),경기도 수원시 장안구 정자동 869-1,3,5,0,0,0,0,8,0,0,수원시도서관사업소,,정시,평일 09:00~18:00(매주 월요일 휴무),,공공기관-지방자치단체,수세식,Y,Y,여자화장실,N,N,,,2026-02-20,I,2026-05-15 18:43:46,2026-02-21 08:49:13
3740000,202437400000101593,공중화장실,법제3조제3호,북수원 패션아울렛,경기도 수원시 장안구 경수대로 950(조원동),경기도 수원지 장안구 조원동 893,29,34,9,1,0,0,43,9,7,북수원패션아울렛,,정시,10:00~22:00,,공공기관-지방자치단체,수세식,Y,Y,여자화장실,Y,N,,,2026-02-20,I,2026-05-15 18:43:46,2026-02-21 08:48:36
3740000,202437400000101594,공중화장실,법제3조제3호,봉화대,경기도 수원시 팔달구 창룡대로104번길158(남수동),경기도 수원시 팔달구 남수동 7-3,1,3,1,0,0,0,2,1,0,수원시 화성사업소,,상시,,,공공기관-지방자치단체,수세식,N,N,,N,Y,여자화장실,,2026-02-20,I,2026-05-15 18:43:46,2026-02-21 08:48:09
3740000,202437400000101595,공중화장실,법제3조제11호,법원주유소,경기도 수원시 영통구 중부대로 309(원천동),경기도 수원시 영통구 원천동 90-11,1,2,0,0,0,0,1,0,0,법원주유소,,정시,06:00~22:00,,공공기관-지방자치단체,수세식,N,N,,N,N,,,2026-02-20,I,2026-05-15 18:43:46,2026-02-21 08:47:47
3740000,202437400000101596,공중화장실,법제3조제3호,버드내도서관 3층,경기도 수원시 권선구 세권로 94번길 29(세류동),경기도 수원시 권선구 세류동 503-2,2,2,1,1,1,0,5,1,1,버드내도서관,,정시,"평일 7:00~23:00, 주말 7:00~21:00",,공공기관-지방자치단체,수세식,Y,Y,여자화장실,N,N,,,2026-02-20,I,2026-05-15 18:43:46,2026-02-21 08:47:22
3740000,202437400000101597,공중화장실,법제3조제3호,버드내도서관 2층,경기도 수원시 권선구 세권로 94번길 29(세류동),경기도 수원시 권선구 세류동 503-2,2,2,1,1,1,0,5,1,1,버드내도서관,,정시,"평일 7:00~23:00, 주말 7:00~21:00",,공공기관-지방자치단체,수세식,Y,Y,여자화장실,N,N,,,2026-02-20,I,2026-05-15 18:43:46,2026-02-21 08:47:05
3740000,202437400000101598,공중화장실,법제3조제3호,버드내도서관 1층,경기도 수원시 권선구 세권로 94번길 29(세류동),경기도 수원시 권선구 세류동 503-2,2,2,1,1,1,0,5,1,1,버드내도서관,,정시,"평일 7:00~23:00, 주말 7:00~21:00",,공공기관-지방자치단체,수세식,Y,Y,여자화장실,N,Y,여자화장실,,2026-02-20,I,2026-05-15 18:43:46,2026-02-21 08:46:47
3740000,202437400000101600,공중화장실,법제3조제3호,버드내노인복지관 지하1층 중앙,경기도 수원시 권선구 권선로564번길 36(세류동),경기도 수원시 권선구 세류3동 483번지,2,3,1,0,0,0,4,1,0,버드내노인복지관,,정시,09:00~18:00,,공공기관-지방자치단체,수세식,Y,Y,여자화장실,N,N,,,2026-02-20,I,2026-05-15 18:43:46,2026-02-21 08:45:28
3740000,202437400000101602,공중화장실,법제3조제3호,버드내노인복지관 4층,경기도 수원시 권선구 권선로564번길 36(세류동),경기도 수원시 권선구 세류3동 483번지,1,1,0,0,0,0,2,0,0,버드내노인복지관,,정시,09:00~18:00,,공공기관-지방자치단체,수세식,Y,Y,여자화장실,N,N,,,2026-02-20,I,2026-05-15 18:43:46,2026-02-21 08:45:10
3740000,202437400000101603,공중화장실,법제3조제3호,버드내노인복지관 3층,경기도 수원시 권선구 권선로564번길 36(세류동),경기도 수원시 권선구 세류3동 483번지,2,3,1,0,0,0,4,1,0,버드내노인복지관,,정시,09:00~18:00,,공공기관-지방자치단체,수세식,Y,Y,여자화장실,N,N,,,2026-02-20,I,2026-05-15 18:43:46,2026-02-21 08:44:29
3740000,202437400000101606,공중화장실,법제3조제3호,버드내노인복지관 2층,경기도 수원시 권선구 권선로564번길 36(세류동),경기도 수원시 권선구 세류3동 483번지,1,1,0,0,0,0,2,0,0,버드내노인복지관,,정시,09:00~18:00,,공공기관-지방자치단체,수세식,Y,Y,여자화장실,N,N,,,2026-02-20,I,2026-05-15 18:43:46,2026-02-21 08:44:13
3740000,202437400000101608,공중화장실,법제3조제3호,버드내노인복지관 1층,경기도 수원시 권선구 권선로564번길 36(세류동),경기도 수원시 권선구 세류3동 483번지,2,3,1,0,0,0,4,1,0,버드내노인복지관,,정시,09:00~18:00,,공공기관-지방자치단체,수세식,Y,Y,여자화장실,N,N,,,2026-02-20,I,2026-05-15 18:43:46,2026-02-21 08:43:54
3740000,202437400000101609,공중화장실,법제3조제3호,버드내,경기도 수원시 권선구 권선로564번길 36(세류동),경기도 수원시 권선구 세류3동 483,2,3,1,1,0,0,3,0,0,수원시 권선구 환경위생과,,정시,07:00~21:00,,공공기관-지방자치단체,수세식,N,N,,N,Y,여자화장실,,2026-02-20,I,2026-05-15 18:43:46,2026-02-21 08:46:15
3740000,202437400000101610,공중화장실,법제3조제3호,백로,,경기도 수원시 팔달구 화서동 436-1,2,3,1,0,0,0,5,1,1,수원시 팔달구 녹지공원과,,상시,,,공공기관-지방자치단체,수세식,Y,Y,여자화장실,N,Y,여자화장실,,2026-02-20,I,2026-05-15 18:43:46,2026-02-21 08:42:11
3740000,202437400000101611,공중화장실,법제3조제3호,배다리,"경기도 수원시 권선구 산업로156번길 171-33, 화장실 및 관리사무소 (고색동)",경기도 수원시 권선구 고색동 1111 화장실 및 관리사무소,2,3,1,1,0,0,5,1,1,수원시 권선구 녹지공원과,,상시,,,공공기관-지방자치단체,수세식,N,N,,N,N,,,2026-02-20,I,2026-05-15 18:43:46,2026-02-21 08:41:36
3740000,202437400000101612,공중화장실,법제3조제3호,방죽,경기도 수원시 영통구 덕영대로1484번길 10-25(망포2동),경기도 수원시 영통구 망포동 737,3,3,1,1,1,1,4,1,4,수원시 영통구 녹지공원과,,상시,,,공공기관-지방자치단체,수세식,Y,Y,여자화장실,N,N,,,2026-02-20,I,2026-05-15 18:43:46,2026-02-21 08:40:56
3740000,202437400000101614,공중화장실,법제3조제3호,밤밭노인복지관 지하1층,경기도 수원시 장안구 상률로 53(율전동),경기도 수원시 장안구 율전동 40-1,2,2,1,0,0,0,3,1,0,밤밭노인복지관,,정시,09:00~18:00,,공공기관-지방자치단체,수세식,Y,Y,여자화장실,N,Y,여자화장실,,2026-02-20,I,2026-05-15 18:43:46,2026-02-21 08:40:27
3740000,202437400000101616,공중화장실,법제3조제3호,밤밭노인복지관 3층,경기도 수원시 장안구 상률로 53(율전동),경기도 수원시 장안구 율전동 40-1,2,2,1,0,0,0,3,1,0,밤밭노인복지관,,정시,09:00~18:00,,공공기관-지방자치단체,수세식,Y,Y,여자화장실,N,Y,여자화장실,,2026-02-20,I,2026-05-15 18:43:46,2026-02-21 08:40:07
3740000,202437400000101618,공중화장실,법제3조제3호,밤밭노인복지관 2층,경기도 수원시 장안구 상률로 53(율전동),경기도 수원시 장안구 율전동 40-1,2,2,1,0,0,0,3,1,0,밤밭노인복지관,,정시,09:00~18:00,,공공기관-지방자치단체,수세식,N,N,,N,Y,여자화장실,,2026-02-20,I,2026-05-15 18:43:46,2026-02-21 08:39:49
3740000,202437400000101620,공중화장실,법제3조제3호,밤밭노인복지관 1층,경기도 수원시 장안구 상률로 53(율전동),경기도 수원시 장안구 율전동 40-1,2,2,1,0,0,0,3,1,0,밤밭노인복지관,,정시,09:00~18:00,,공공기관-지방자치단체,수세식,N,N,,N,Y,여자화장실,,2026-02-20,I,2026-05-15 18:43:46,2026-02-21 08:37:38
3740000,202437400000101621,공중화장실,법제3조제3호,밤밭,경기도 수원시 장안구 하률로30번길 50(정자3동),경기도 수원시 장안구 천천동575(밤밭공원),2,2,1,1,0,0,5,0,0,수원시 장안구 녹지공원과,,상시,,,공공기관-지방자치단체,수세식,Y,Y,여자화장실,N,Y,여자화장실,,2026-02-20,I,2026-05-15 18:43:46,2026-02-21 08:37:11
3740000,202437400000101622,공중화장실,법제3조제3호,반딧불이,경기도 수원시 장안구 광교산로172(하광교동),경기도 수원시 장안구 하광교동 402-1,3,7,1,0,0,1,6,1,0,수원시 장안구 환경위생과,,상시,,,공공기관-지방자치단체,수세식,Y,Y,여자화장실,Y,Y,여자화장실,,2026-02-20,I,2026-05-15 18:43:46,2026-02-21 08:36:47
3740000,202437400000101623,공중화장실,법제3조제3호,반달,경기도 수원시 영통구 반달로 77(영통동),경기도 수원시 영통구 영통동 1012-4,2,3,0,0,0,0,5,0,0,수원시 영통구 녹지공원과,,상시,,,공공기관-지방자치단체,수세식,N,N,,N,Y,여자화장실,,2026-02-20,I,2026-05-15 18:43:46,2026-02-21 08:36:02
3740000,202437400000101625,공중화장실,법제3조제3호,바른샘도서관 3층,경기도 수원시 영통구 매봉로 10(매탄동),경기도 수원시 영통구 매탄동 1213,3,5,0,0,0,0,3,0,0,수원시도서관사업소,,정시,평일 09:00~18:00(매주 월요일 휴무),,공공기관-지방자치단체,수세식,Y,Y,여자화장실,N,N,,,2026-02-20,I,2026-05-15 18:43:46,2026-02-21 08:33:46
3740000,202437400000101626,공중화장실,법제3조제3호,바른샘도서관 2층,경기도 수원시 영통구 매봉로 10(매탄동),경기도 수원시 영통구 매탄동 1213,3,5,0,0,0,0,3,0,0,수원시도서관사업소,,정시,평일 09:00~18:00(매주 월요일 휴무),,공공기관-지방자치단체,수세식,Y,Y,여자화장실,N,N,,,2026-02-20,I,2026-05-15 18:43:46,2026-02-21 08:33:23
3740000,202437400000101628,공중화장실,법제3조제3호,바른샘도서관 1층,경기도 수원시 영통구 매봉로 10(매탄동),경기도 수원시 영통구 매탄동 1213,3,5,0,0,0,0,3,0,0,수원시도서관사업소,,정시,평일 09:00~18:00(매주 월요일 휴무),,공공기관-지방자치단체,수세식,N,N,,N,N,,,2026-02-20,I,2026-05-15 18:43:46,2026-02-21 08:33:02
3740000,202437400000101629,공중화장실,법제3조제3호,바람소리,경기도 수원시 권선구 당수로48번길 160-28(금곡동),경기도 수원시 권선구 금곡동 1068,2,2,0,0,0,1,5,0,0,수원시 권선구 녹지공원과,,상시,,,공공기관-지방자치단체,수세식,N,N,,N,N,,,2026-02-20,I,2026-05-15 18:43:46,2026-02-21 08:32:07
3740000,202437400000101630,공중화장실,법제3조제3호,바람개비,경기도 수원시 권선구 매송고색로 594(고색동),경기도 수원시 권선구 고색동 904-14,2,4,1,0,0,0,3,1,0,수원시 청소자원과,,정시,09:00-21:00,,공공기관-지방자치단체,수세식,Y,Y,여자화장실,N,Y,여자화장실,,2026-02-20,I,2026-05-15 18:43:46,2026-02-21 08:31:38
3740000,202437400000101631,공중화장실,법제3조제3호,민방위교육장(내)화장실,경기도 수원시 팔달구 동수원로 341(인계동),경기도 수원시 팔달구 인계동 1128번지,5,8,0,0,0,0,5,0,0,수원시 재난대응과,,불규칙,미개방,,공공기관-지방자치단체,수거식,N,N,,N,N,,,2026-02-20,I,2026-05-15 18:43:46,2026-02-21 08:31:17
3740000,202437400000101632,공중화장실,법제3조제3호,미술관옆,경기도 수원시 팔달구 신풍로 14(신풍동),경기도 수원시 팔달구 신풍동 262-5,3,8,1,0,1,0,20,1,1,수원시 화성사업소,,상시,,,공공기관-지방자치단체,수세식,N,N,,N,N,,,2026-02-20,I,2026-05-15 18:43:46,2026-02-21 08:30:53
3740000,202437400000101633,공중화장실,법제3조제11호,미래주유소,경기도 수원시 영통구 창룡대로 266(이의동),경기도 수원시 영통구 이의동 1282,1,2,0,0,0,0,1,0,0,미래주유소,,정시,06:00~22:00,,공공기관-지방자치단체,수세식,N,N,,N,N,,,2026-02-20,I,2026-05-15 18:43:46,2026-02-21 08:30:31
3740000,202437400000101634,공중화장실,법제3조제3호,물향기,경기도 수원시 권선구 칠보로 142(호매실동),경기도 수원시 권선구 호매실동 1382,3,4,0,0,1,0,9,0,1,수원시 권선구 녹지공원과,,상시,,,공공기관-지방자치단체,수세식,Y,Y,여자화장실,N,N,,,2026-02-20,I,2026-05-15 18:43:46,2026-02-21 08:30:08
3740000,202437400000101635,공중화장실,법제3조제3호,물빛찬,경기도 수원시 권선구 금곡로 190(금곡동),경기도 수원시 권선구 금곡동 1120,2,4,1,1,0,1,8,1,1,수원시 권선구 녹지공원과,,상시,,,공공기관-지방자치단체,수세식,N,N,,N,Y,여자화장실,,2026-02-20,I,2026-05-15 18:43:46,2026-02-21 08:29:46
3740000,202437400000101636,공중화장실,법제3조제3호,물레방아,경기도 수원시 권선구 오목천로 96(고색동),경기도 수원시 권선구 고색동 980,1,4,1,0,0,0,3,1,0,수원시 권선구 녹지공원과,,상시,,,공공기관-지방자치단체,수세식,Y,Y,여자화장실,N,Y,여자화장실,,2026-02-20,I,2026-05-15 18:43:46,2026-02-21 08:29:19
3740000,202437400000101637,공중화장실,법제3조제3호,문화,경기도 수원시 팔달구 권중로50번길 5(권선동),경기도 수원시 팔달구 권선동 1252,1,2,1,0,0,0,2,1,0,수원시 권선구 녹지공원과,,상시,,,공공기관-지방자치단체,수세식,N,N,,N,N,,,2026-02-20,I,2026-05-15 18:43:46,2026-02-21 08:28:52
3740000,202437400000101638,공중화장실,법제3조제3호,무지개,경기도 수원시 장안구 수성로340번길 30,경기도 수원시 장안구 영화동 412,2,3,1,1,0,0,3,0,0,수원시 장안구 녹지공원과,,상시,,,공공기관-지방자치단체,수세식,Y,Y,여자화장실,N,N,,,2026-02-20,I,2026-05-15 18:43:46,2026-02-21 08:27:57
3740000,202437400000101639,공중화장실,법제3조제3호,못골어린이공원,경기도 수원시 팔달문로115번길 43(지동),경기도 수원시 팔달구 지동 473,1,2,0,0,0,7,3,0,12,수원시 팔달구 녹지공원과,,상시,,,공공기관-지방자치단체,수세식,Y,Y,여자화장실,N,Y,여자화장실,,2026-02-20,I,2026-05-15 18:43:46,2026-02-21 08:27:16
3740000,202437400000101640,공중화장실,법제3조제11호,명품주유소,경기도 수원시 권선구 권선로 651 (권선동),경기도 수원시 권선구 권선동 962-6,2,2,0,0,0,0,1,0,0,명품주유소,,상시,,,공공기관-지방자치단체,수세식,N,N,,N,N,,,2026-02-20,I,2026-05-15 18:43:46,2026-02-21 08:26:23
3740000,202437400000101641,공중화장실,법제3조제3호,먼내(매봉공원),경기도 수원시 영통구 동탄원천로1109번길 61(매탄동),경기도 수원시 영통구 매탄동 1210,2,4,0,0,0,0,8,0,2,수원시 영통구 녹지공원과,,상시,,,공공기관-지방자치단체,수세식,N,N,,N,Y,여자화장실,,2026-02-20,I,2026-05-15 18:43:46,2026-02-21 08:25:53
3740000,202437400000101642,공중화장실,법제3조제3호,맹꽁이,,경기도 수원시 장안구 정자동 295-2,2,4,1,0,1,0,5,1,0,수원시 장안구 녹지공원과,,상시,,,공공기관-지방자치단체,수세식,N,N,,N,Y,여자화장실,,2026-02-20,I,2026-05-15 18:43:46,2026-02-21 08:25:32
3740000,202437400000101643,공중화장실,법제3조제3호,맷돌,경기도 수원시 권선구 칠보로88번길 222(호매실동),경기도 수원시 권선구 호매실동 905-13,2,3,1,1,1,0,5,0,1,수원시 권선구 공원녹지과,,정시,07:00~21:00,,공공기관-지방자치단체,수세식,Y,Y,여자화장실,Y,Y,여자화장실,,2026-02-20,I,2026-05-15 18:43:46,2026-02-21 08:26:44
3740000,202437400000101644,공중화장실,법제3조제3호,매화,,경기도 수원시 권선구 금곡동 1148,3,3,6,3,0,1,6,6,0,수원시 권선구 녹지공원과,,상시,,,공공기관-지방자치단체,수세식,Y,Y,여자화장실,N,Y,여자화장실,,2026-02-20,I,2026-05-15 18:43:46,2026-02-21 08:24:48
3740000,202437400000101645,공중화장실,법제3조제3호,매탄지구대,경기도 수원시 팔달구 동수원로 403(인계동),경기도 수원시 팔달구 인계동1117,2,2,1,1,0,0,1,1,0,수원남부경찰서,,상시,,,공공기관-지방자치단체,수세식,N,N,,N,N,,,2026-02-20,I,2026-05-15 18:43:46,2026-02-21 08:23:54
3740000,202437400000101646,공중화장실,법제3조제11호,매탄동주유소,경기도 수원시 영통구 동탄원천로 1015(고색동),경기도 수원시 영통구 매탄동 825-13,2,2,0,0,0,0,1,0,0,매탄동주유소,,상시,,,공공기관-지방자치단체,수세식,N,N,,N,N,,,2026-02-20,I,2026-05-15 18:43:46,2026-02-21 08:23:19
3740000,202437400000101647,공중화장실,법제3조제3호,매탄권선역 화장실,경기도 수원시 영통구 권선로 841 지하(매탄동),경기도 수원시 매탄동 687-4,9,11,1,1,1,1,20,1,1,한국철도공사 수도권동부본부,,정시,20시간,,공공기관-지방자치단체,수세식,Y,Y,여자화장실,N,N,,,2026-02-20,I,2026-05-15 18:43:46,2026-02-21 08:22:56
3740000,202437400000101648,공중화장실,법제3조제3호,매탄4동행정복지센터,경기도 수원시 영통구 산남로 26-4(매탄동),경기도 수원시 영통구 매탄동 232-2,4,5,1,0,0,0,8,2,0,매탄4동행정복지센터,,정시,평일 09:00~18:00,,공공기관-지방자치단체,수거식,Y,Y,여자화장실,Y,N,,,2026-02-20,I,2026-05-15 18:43:46,2026-02-21 08:22:22
3740000,202437400000101649,공중화장실,법제3조제3호,매탄3동행정복지센터,경기도 수원시 영통구 동탄원천로881번길 76(매탄동),경기도 수원시 영통구 매탄동 1279-1,8,8,1,0,0,0,8,0,0,매탄3동행정복지센터,,정시,평일 09:00~18:00,,공공기관-지방자치단체,수세식,Y,Y,여자화장실,N,N,,,2026-02-20,I,2026-05-15 18:43:46,2026-02-21 08:22:02
3740000,202437400000101650,공중화장실,법제3조제3호,매탄2동행정복지센터,경기도 수원시 영통구 매영로39번길 21(매탄동),경기도 수원시 영통구 매탄2동 198-99,4,6,1,0,0,0,5,1,0,매탄2동행정복지센터,,정시,평일 09:00~18:00,,공공기관-지방자치단체,수세식,Y,Y,여자화장실,N,N,,,2026-02-20,I,2026-05-15 18:43:46,2026-02-21 08:21:40
3740000,202437400000101651,공중화장실,법제3조제3호,매탄1동행정복지센터,경기도 수원시 영통구 인계로189번길 119(매탄동),경기도 수원시 영통구 매탄동 176-4,1,4,1,0,0,0,2,1,0,매탄1동행정복지센터,,정시,평일 09:00~18:00,,공공기관-지방자치단체,수세식,N,N,,Y,Y,여자화장실,,2026-02-20,I,2026-05-15 18:43:46,2026-02-21 08:21:14
3740000,202437400000101652,공중화장실,법제3조제3호,매탄(매여울공원),"경기도 수원시 영통구 효원로 408, 매탄 공중화장실 (매탄동)",경기도 수원시 영통구 매탄동 1338 매탄 공중화장실,2,2,1,1,0,0,5,1,0,수원시 영통구 녹지공원과,,상시,,,공공기관-지방자치단체,수세식,Y,Y,여자화장실,N,N,,,2026-02-20,I,2026-05-15 18:43:46,2026-02-21 08:20:20
3740000,202437400000101653,공중화장실,법제3조제3호,매여울도서관,경기도 수원시 영통구 효원로 415(매탄동),경기도 수원시 영통구 매탄동 1268,9,6,4,4,1,1,21,4,1,수원시도서관사업소,,정시,"평일 07:00 - 23:00, 주말 07:00 - 21:00",,공공기관-지방자치단체,수세식,Y,Y,여자화장실,N,N,,,2026-02-20,I,2026-05-15 18:43:46,2026-02-21 08:18:41
3740000,202437400000101654,공중화장실,법제3조제3호,매산지구대,경기도 수원시 팔달구 덕영대로 924(팔달구),경기도 수원시 팔달구 매산로1가 18,1,1,0,0,0,0,1,0,0,수원서부경찰서,,상시,,,공공기관-지방자치단체,수세식,N,N,,N,N,,,2026-02-20,I,2026-05-15 18:43:46,2026-02-21 08:19:04
3740000,202437400000101655,공중화장실,법제3조제3호,매산동행정복지센터,"경기도 수원시 팔달구 매산로 41, 2층 (매산로2가)",경기도 수원시 팔달구 매산로2가 40-30,2,2,0,0,0,0,2,0,0,매산동행정복지센터,,정시,평일 09:00~18:00,,공공기관-지방자치단체,수세식,N,N,,Y,N,,,2026-02-20,I,2026-05-15 18:43:46,2026-02-21 08:17:30
3740000,202437400000101656,공중화장실,법제3조제3호,매교역 화장실,경기도 수원시 효원로 지하126(매교동),경기도 수원시 팔달구 매교동 173-22,8,11,1,1,1,1,19,1,1,한국철도공사 수도권동부본부,,정시,20시간,,공공기관-지방자치단체,수세식,Y,Y,장애인화장실,N,Y,여자화장실,,2026-02-20,I,2026-05-15 18:43:46,2026-02-21 08:16:07
3740000,202437400000101657,공중화장실,법제3조제3호,매교동행정복지센터,경기도 수원시 팔달구 정조로715번길 17(매교동),경기도 수원시 팔달구 매교동 23,2,2,1,0,0,0,4,1,0,매교동행정복지센터,,정시,평일 09:00~18:00,,공공기관-지방자치단체,수세식,N,N,,Y,N,,,2026-02-20,I,2026-05-15 18:43:46,2026-02-21 08:15:46
3740000,202437400000101659,공중화장실,법제3조제3호,망포글빛도서관,"경기도 수원시 영통구 망포로 100, 망포글빛도서관 (망포동)",경기도 수원시 영통구 망포동 780 망포글빛도서관,4,4,2,2,1,0,10,2,1,수원시도서관사업소,,정시,"평일 07:00 - 23:00, 주말 07:00 - 21:00",,공공기관-지방자치단체,수세식,Y,Y,여자화장실,N,N,,,2026-02-20,I,2026-05-15 18:43:46,2026-02-21 08:13:20
3740000,202437400000101660,공중화장실,법제3조제3호,망포2동행정복지센터,경기도 수원시 영통구 태장로54번길 10(망포동),경기도 수원시 영통구 망포동 234-43,7,7,1,1,0,0,15,1,0,망포2동행정복지센터,,정시,평일 09:00~18:00,,공공기관-지방자치단체,수세식,N,N,,N,N,,,2026-02-20,I,2026-05-15 18:43:46,2026-02-21 08:12:25
3740000,202437400000101661,공중화장실,법제3조제3호,망포,,경기도 수원시 영통구 망포동 358-5,2,3,1,0,0,0,8,1,0,수원시 영통구 녹지공원과,,상시,,,공공기관-지방자치단체,수세식,Y,Y,여자화장실,N,Y,여자화장실,,2026-02-20,I,2026-05-15 18:43:46,2026-02-21 08:11:50
3740000,202437400000101662,공중화장실,법제3조제3호,만석공원,경기도 수원시 장안구 정조로1087(송죽동),경기도 수원시 장안구 송죽동 239-2,4,7,1,0,0,1,6,1,1,수원시 장안구 녹지공원과,,상시,,,공공기관-지방자치단체,수세식,Y,Y,여자화장실,N,Y,여자화장실,,2026-02-20,I,2026-05-15 18:43:46,2026-02-21 08:11:21
3740000,202437400000101663,공중화장실,법제3조제3호,마중생태,"경기도 수원시 권선구 경수대로 124, 마중생태 (권선동)",경기도 수원시 권선구 권선동 1344 마중생태,2,1,1,0,1,1,3,1,1,수원시 권선구 녹지공원과,,상시,,,공공기관-지방자치단체,수세식,Y,Y,여자화장실,N,Y,여자화장실,,2026-02-20,I,2026-05-15 18:43:46,2026-02-21 08:10:32
3740000,202437400000101664,공중화장실,법제3조제3호,마중광장,"경기도 수원시 권선구 경수대로 88, 마중광장 (권선동)",경기도 수원시 권선구 권선동 1348 마중광장,1,2,1,0,0,0,2,1,0,수원시 권선구 녹지공원과,,상시,,,공공기관-지방자치단체,수세식,Y,Y,여자화장실,N,N,,,2026-02-20,I,2026-05-15 18:43:46,2026-02-21 08:09:30
3740000,202437400000101665,공중화장실,법제3조제3호,롯데아울렛 광교점,경기도 수원시 영통구 도청로 10(이의동),경기도 수원시 영통구 이의동 1338,23,34,4,0,0,0,76,4,0,롯데아울렛 광교점,,정시,11:00~21:00,,공공기관-지방자치단체,수세식,Y,Y,장애인화장실,N,N,,,2026-02-20,I,2026-05-15 18:43:46,2026-02-21 08:07:42
3740000,202437400000101666,공중화장실,법제3조제3호,타임빌라스 수원,"경기도 수원시 권선구 세화로 134, 롯데몰 수원점 (서둔동)",경기도 수원시 권선구 서둔동 381 롯데몰 수원점,3,4,1,1,0,0,6,1,1,타임빌라스 수원,,정시,10:00~23:00,,공공기관-지방자치단체,수세식,N,N,,Y,Y,여자화장실,,2026-02-20,I,2026-05-15 18:43:46,2026-02-21 08:06:57
3740000,202437400000101667,공중화장실,법제3조제3호,롯데마트 천천점,경기도 수원시 장안구 만석로19번길 25-10(천천점),경기도 수원시 장안구 천천동 525,9,12,1,0,0,1,15,1,0,롯데마트 천천점,,정시,10:00~23:.00,,공공기관-지방자치단체,수세식,N,N,,N,Y,여자화장실,,2026-02-20,I,2026-05-15 18:43:46,2026-02-21 08:06:11
3740000,202437400000101669,공중화장실,법제3조제3호,롯데마트 권선점,경기도 수원시 권선구 동수원로 232(권선동),경기도 수원시 권선구 권선동 1296-5,10,12,2,0,0,0,18,2,0,롯데마트 권선점,,정시,10:00~23:.00,,공공기관-지방자치단체,수세식,N,N,,Y,Y,여자화장실,,2026-02-20,I,2026-05-15 18:43:46,2026-02-21 08:03:49
3740000,202437400000101670,공중화장실,법제3조제3호,롯데마트 광교점,"경기도 수원시 영통구 센트럴타운로 85 (이의동, 광교C1 호반베르디움, Summit Place광교)","경기도 수원시 영통구 이의동 1332 광교C1 호반베르디움, Summit Place광교",3,2,1,1,0,0,4,1,0,롯데마트 광교점,,정시,10:00~24:00,,공공기관-지방자치단체,수세식,N,N,,Y,N,,,2026-02-20,I,2026-05-15 18:43:46,2026-02-21 08:03:26
3740000,202437400000101671,공중화장실,법제3조제3호,들바람,경기도 수원시 권선구 산업로92번길 105(고색동),경기도 수원시 권선구 고색동 931,1,2,0,0,0,0,2,0,0,수원시 권선구 녹지공원과,,상시,,,공공기관-지방자치단체,수세식,Y,Y,여자화장실,N,N,,,2026-02-20,I,2026-05-15 18:43:46,2026-02-21 08:02:33
3740000,202437400000101672,공중화장실,법제3조제3호,두레뜰,경기도 수원시 권선구 금곡로118번길 36(금곡동),경기도 수원시 권선구 금곡동 1092,3,3,1,1,0,0,8,1,1,수원시 권선구 녹지공원과,,상시,,,공공기관-지방자치단체,수세식,Y,Y,여자화장실,Y,N,,,2026-02-20,I,2026-05-15 18:43:46,2026-02-21 08:02:07
3740000,202437400000101674,공중화장실,법제3조제11호,동수원현대셀프주유소,경기도 수원시 영통구 중부대로 277(원천동),경기도 수원시 영통구 원천동 73-1,1,1,0,0,0,0,1,0,0,동수원현대셀프주유소,,상시,,,공공기관-지방자치단체,수세식,N,N,,N,N,,,2026-02-20,I,2026-05-15 18:43:46,2026-02-21 07:59:07
3740000,202437400000101675,공중화장실,법제3조제3호,동수원세무서 지하1층,경기도 수원시 영통구 청명남로 13(영통동),경기도 수원시 영통동 999-1,2,3,0,0,0,0,3,0,0,동수원세무서,,정시,09:00~18:00,,공공기관-지방자치단체,수세식,Y,Y,여자화장실,N,N,,,2026-02-20,I,2026-05-15 18:43:46,2026-02-21 07:58:40
3740000,202437400000101676,공중화장실,법제3조제3호,동수원세무서 4층,경기도 수원시 영통구 청명남로 13(영통동),경기도 수원시 영통동 999-1,3,3,0,1,0,0,4,0,0,동수원세무서,,정시,09:00~18:00,,공공기관-지방자치단체,수세식,N,N,,N,N,,,2026-02-20,I,2026-05-15 18:43:46,2026-02-21 07:58:26
3740000,202437400000101677,공중화장실,법제3조제3호,동수원세무서 3층,경기도 수원시 영통구 청명남로 13(영통동),경기도 수원시 영통동 999-1,3,3,0,1,0,0,4,0,0,동수원세무서,,정시,09:00~18:00,,공공기관-지방자치단체,수세식,N,N,,N,N,,,2026-02-20,I,2026-05-15 18:43:46,2026-02-21 07:58:10
3740000,202437400000101678,공중화장실,법제3조제3호,동수원세무서 2층,경기도 수원시 영통구 청명남로 13(영통동),경기도 수원시 영통동 999-1,3,3,0,1,0,0,4,0,0,동수원세무서,,정시,09:00~18:00,,공공기관-지방자치단체,수세식,N,N,,N,N,,,2026-02-20,I,2026-05-15 18:43:46,2026-02-21 07:57:53
3740000,202437400000101679,공중화장실,법제3조제3호,동수원세무서 1층,경기도 수원시 영통구 청명남로 13(영통동),경기도 수원시 영통동 999-1,3,3,1,1,0,0,4,0,0,동수원세무서,,정시,09:00~18:00,,공공기관-지방자치단체,수세식,Y,Y,여자화장실,N,N,,,2026-02-20,I,2026-05-15 18:43:46,2026-02-21 07:57:36
3740000,202437400000101680,공중화장실,법제3조제3호,동수원병원,"경기도 수원시 팔달구 중부대로 165, 동수원병원 (우만동)",경기도 수원시 팔달구 우만동 157-7 동수원병원,3,5,0,0,0,0,3,0,0,동수원병원,,정시,09:00~18:00,,공공기관-지방자치단체,수세식,Y,Y,여자화장실,N,N,,,2026-02-20,I,2026-05-15 18:43:46,2026-02-21 07:57:13
3740000,202437400000101681,공중화장실,법제3조제3호,동부파출소,경기도 수원시 팔달구 경수대로 621(지동),경기도 수원시 팔달구 지동 480-6,1,1,0,0,0,0,1,0,0,수원중부경찰서,,상시,,,공공기관-지방자치단체,수세식,N,N,,Y,N,,,2026-02-20,I,2026-05-15 18:43:46,2026-02-21 07:56:51
3740000,202437400000101682,공중화장실,법제3조제11호,동문B주유소,경기도 수원시 영통구 창룡대로 380(이의동),경기도 수원시 영통구 이의동 422-10,2,2,0,0,0,0,2,0,0,동문B주유소,,상시,,,공공기관-지방자치단체,수세식,Y,Y,여자화장실,N,N,,,2026-02-20,I,2026-05-15 18:43:46,2026-02-21 07:55:53
3740000,202437400000101683,공중화장실,법제3조제11호,동문A주유소,경기도 수원시 영통구 창룡대로 370(이의동),경기도 수원시 영통구 이의동 835,2,2,0,0,0,0,2,0,0,동문A주유소,,상시,,,공공기관-지방자치단체,수세식,N,N,,N,N,,,2026-02-20,I,2026-05-15 18:43:46,2026-02-21 07:55:30
3740000,202437400000101684,공중화장실,법제3조제3호,동문,경기도 수원시 장안구 장안구 경수대로 893(조원동),경기도 수원시 장안구 장안구 조원동 775번지,3,3,0,0,0,0,4,0,0,KT야구단,,상시,,,공공기관-지방자치단체,수세식,Y,Y,여자화장실,Y,N,,,2026-02-20,I,2026-05-15 18:43:46,2026-02-21 07:55:02
3740000,202437400000101685,공중화장실,법제3조제3호,돌하루방,경기도 수원시 팔달구 동수원로397(인계동),경기도 수원시 팔달구 인계동 1117,3,3,1,0,0,1,3,1,6,수원시 팔달구 녹지공원과,,상시,,,공공기관-지방자치단체,수세식,Y,Y,여자화장실,N,Y,여자화장실,,2026-02-20,I,2026-05-15 18:43:46,2026-02-21 07:54:36
3740000,202437400000101686,공중화장실,법제3조제3호,돌고래,경기도 수원시 장안구 서부로2034(율천동),경기도 수원시 장안구 율전동 470-7,2,2,1,0,0,0,3,0,0,수원시 장안구 녹지공원과,,상시,,,공공기관-지방자치단체,수세식,Y,Y,여자화장실,N,Y,여자화장실,,2026-02-20,I,2026-05-15 18:43:46,2026-02-21 07:54:11
3740000,202437400000101687,공중화장실,법제3조제3호,도토리,경기도 수원시 권선구 권중로 66(권선동),경기도 수원시 권선구 권선동 1269(권선중앙공원 배드민턴장 옆),1,1,0,0,0,0,2,0,0,수원시 권선구 녹지공원과,,상시,,,공공기관-지방자치단체,수세식,Y,Y,여자화장실,N,N,,,2026-02-20,I,2026-05-15 18:43:46,2026-02-21 07:53:41
3740000,202437400000101688,공중화장실,법제3조제3호,도로교통관리사업소,"경기도 수원시 권선구 서부로 1600, 도로교통관리사업소 (고색동)",경기도 수원시 권선구 고색동 886-70 도로교통관리사업소,11,7,1,1,0,0,10,1,0,도로교통관리사업소,,정시,09:00~18:00,,공공기관-지방자치단체,수세식,N,N,,N,N,,,2026-02-20,I,2026-05-15 18:43:46,2026-02-21 07:53:18
3740000,202437400000101689,공중화장실,법제3조제11호,덕원주유소,경기도 수원시 권선구 권선로 258 (고색동),경기도 수원시 권선구 고색동 888-6,1,2,0,0,0,0,2,0,0,덕원주유소,,상시,,,공공기관-지방자치단체,수세식,N,N,,N,N,,,2026-02-20,I,2026-05-15 18:43:46,2026-02-21 07:53:02
3740000,202437400000101690,공중화장실,법제3조제11호,대황교주유소,경기도 수원시 권선구 정조로 235(대황교동),경기도 수원시 권선구 대황교동 33-5,1,1,0,0,0,0,1,0,0,대황교주유소,,정시,06:00~22:00,,공공기관-지방자치단체,수세식,N,N,,N,N,,,2026-02-20,I,2026-05-15 18:43:46,2026-02-21 07:52:37
3740000,202437400000101691,공중화장실,법제3조제11호,대호주유소,경기도수원시 영통구 창룡대로 442(이의동),경기도 수원시 영통구 이의동 27-1,2,2,0,0,0,0,2,0,0,대호주유소,,상시,,,공공기관-지방자치단체,수세식,N,N,,N,N,,,2026-02-20,I,2026-05-15 18:43:46,2026-02-21 07:52:11
3740000,202437400000101692,공중화장실,법제3조제3호,대추골도서관,경기도 수원시 장안구 수일로 164,경기도 수원시 장안구 조원동 198-14,4,8,0,0,0,0,20,0,0,수원시도서관사업소,,정시,평일 09:00~18:00(매주 월요일 휴무),,공공기관-지방자치단체,수세식,N,N,,N,N,,,2026-02-20,I,2026-05-15 18:43:46,2026-02-21 07:51:45
3740000,202437400000101693,공중화장실,법제3조제11호,대원주유소,경기도 수원시 장안구 경수대로 772 (영화동),경기도 수원시 장안구 영화동 37-317,2,2,0,0,0,0,2,0,0,대원주유소,,정시,06:00~22:00,,공공기관-지방자치단체,수세식,N,N,,N,N,,,2026-02-20,I,2026-05-15 18:43:46,2026-02-21 07:51:12
3740000,202437400000101695,공중화장실,법제3조제11호,대성산업(주) 수원주유소,경기도 수원시 장안구 경수대로 868 (조원동),경기도 수원시 장안구 조원동 763-23,1,2,0,0,0,0,1,0,0,대성산업(주) 수원주유소,,정시,06:00~22:00,,공공기관-지방자치단체,수세식,N,N,,N,N,,,2026-02-20,I,2026-05-15 18:43:46,2026-02-21 07:49:09
3740000,202437400000101696,공중화장실,법제3조제3호,대부둑,"경기도 수원시 권선구 호매실로 29-12, 대부둑 (고색동)",경기도 수원시 권선구 고색동 1189 대부둑,3,2,1,1,1,1,8,1,0,수원시 권선구 녹지공원과,,상시,,,공공기관-지방자치단체,수세식,Y,Y,여자화장실,N,N,,,2026-02-20,I,2026-05-15 18:43:46,2026-02-21 07:48:34
3740000,202437400000101697,공중화장실,법제3조제3호,당수파출소,경기도 수원시 권선구 당진로32번길 28-4(당수동),경기도 수원시 권선구 당수동 159-1,1,1,0,0,0,0,1,0,0,수원서부경찰서,,상시,,,공공기관-지방자치단체,수세식,N,N,,N,N,,,2026-02-20,I,2026-05-15 18:43:46,2026-02-21 07:47:26
3740000,202437400000101698,공중화장실,법제3조제3호,당수체육공원,경기도 수원시 권선구 당진로32번길 49(당수동),경기도 수원시 권선구 당수동 162-1,2,4,0,0,0,0,9,0,0,수원시 권선구 녹지공원과,,상시,,,공공기관-지방자치단체,수세식,Y,Y,여자화장실,Y,Y,여자화장실,,2026-02-20,I,2026-05-15 18:43:46,2026-02-21 07:46:58
3740000,202437400000101699,공중화장실,법제3조제3호,달맞이(벽적골공원),경기도 수원시 영통구 덕영대로1555번길 60 (영통동),경기도 수원시 영통구 영통동 969-2,2,2,0,2,0,0,2,0,0,수원시 영통구 녹지공원과,,상시,,,공공기관-지방자치단체,수세식,Y,Y,여자화장실,N,N,,,2026-02-20,I,2026-05-15 18:43:46,2026-02-21 07:44:06
3740000,202437400000101700,공중화장실,법제3조제3호,달맞이,경기도 수원시 장안구 수원천로 391번길 9(영화동),경기도 수원시 장안구 영화동 148-8,2,5,1,0,0,0,6,0,1,수원시 화성사업소,,정시,09:00-21:00,,공공기관-지방자치단체,수세식,N,N,,N,Y,여자화장실,,2026-02-20,I,2026-05-15 18:43:46,2026-02-21 07:43:42
3740000,202437400000101701,공중화장실,법제3조제3호,다슬기,경기도 수원시 장안구 광교산로597(상광교동),경기도 수원시 장안구 상광교동 38-3,3,5,1,1,0,0,6,1,0,수원시 장안구 환경위생과,,상시,,,공공기관-지방자치단체,수세식,Y,Y,여자화장실,N,Y,여자화장실,,2026-02-20,I,2026-05-15 18:43:46,2026-02-21 07:43:12
3740000,202437400000101702,공중화장실,법제3조제3호,다산,,경기도 수원시 영통구 이의동 1328,2,3,1,0,1,0,6,1,1,수원시 영통구 녹지공원과,,정시,09:00-21:00,,공공기관-지방자치단체,수세식,Y,Y,여자화장실,N,N,,,2026-02-20,I,2026-05-15 18:43:46,2026-02-21 07:42:37
3740000,202437400000101703,공중화장실,법제3조제3호,다람쥐,경기도 수원시 장안구 조원로11번길 33-23(조원1동),경기도 수원시 장안구 조원동 758-4,2,2,0,0,0,0,3,0,0,수원시 장안구 녹지공원과,,상시,,,공공기관-지방자치단체,수세식,Y,Y,여자화장실,N,N,,,2026-02-20,I,2026-05-15 18:43:46,2026-02-21 07:42:12
3740000,202437400000101704,공중화장실,법제3조제3호,뉴코아아울렛 동수원점,경기도 수원시 팔달구 인계로154(인계동),경기도 수원시 팔달구 인계동 1114-1,32,32,1,2,3,3,55,1,3,뉴코아아울렛 동수원점,,정시,10:30~21:00,,공공기관-지방자치단체,수세식,N,N,,N,N,,,2026-02-20,I,2026-05-15 18:43:46,2026-02-21 07:41:44
3740000,202437400000101705,공중화장실,법제3조제3호,농수산물도매시장,"경기도 수원시 권선구 세권로 243, 수원시농수산물도매시장 (권선동)",경기도 수원시 권선구 권선동 1229 수원시농수산물도매시장,4,8,1,1,0,0,10,1,0,농수산물도매시장,,상시,,,공공기관-지방자치단체,수세식,N,N,,N,N,,,2026-02-20,I,2026-05-15 18:43:46,2026-02-21 07:41:17
3740000,202437400000101706,공중화장실,법제3조제3호,노송지구대,경기도 수원시 장안구 이목로 58(파장동),경기도 수원시 장안구 파장동 566-14,1,1,1,0,0,0,1,1,0,수원장안경찰서,,상시,,,공공기관-지방자치단체,수세식,Y,Y,여자화장실,N,N,,,2026-02-20,I,2026-05-15 18:43:46,2026-02-21 07:40:28
3740000,202437400000101707,공중화장실,법제3조제11호,노송주유소,경기도 수원시 장안구 서부로 2359(이목동),경기도 수원시 장안구 이목동 259,0,2,0,0,0,0,2,0,0,노송주유소,,상시,,,공공기관-지방자치단체,수세식,N,N,,N,N,,,2026-02-20,I,2026-05-15 18:43:46,2026-02-21 07:39:57
3740000,202437400000101708,공중화장실,법제3조제11호,남선주유소,경기도 수원시 권선구 권선로 334 (고색동),경기도 수원시 권선구 고색동 14-33,1,2,0,0,0,0,1,0,0,남선주유소,,정시,06:00~22:00,,공공기관-지방자치단체,수세식,N,N,,N,N,,,2026-02-20,I,2026-05-15 18:43:46,2026-02-21 07:39:33
3740000,202437400000101710,공중화장실,법제3조제3호,남문,경기도 수원시 장안구 장안구 경수대로 893(조원동),경기도 수원시 장안구 장안구 조원동 775번지,2,3,1,0,1,1,6,1,1,종합운동장,,상시,,,공공기관-지방자치단체,수세식,Y,Y,여자화장실,N,N,,,2026-02-20,I,2026-05-15 18:43:46,2026-02-21 07:36:37
3740000,202437400000101711,공중화장실,법제3조제3호,낙조,,경기도 수원시 팔달구 화서동 436-1,2,3,1,0,0,0,5,1,2,수원시 팔달구 녹지공원과,,상시,,,공공기관-지방자치단체,수세식,Y,Y,여자화장실,Y,Y,여자화장실,,2026-02-20,I,2026-05-15 18:43:46,2026-02-21 07:36:13
3740000,202437400000101712,공중화장실,법제3조제3호,나루터,경기도 수원시 영통구 광교호수로 127(하동),경기도 수원시 영통구 하동 1024(광교호수공원),2,3,1,4,0,1,6,1,1,수원시 공원녹지사업소,,상시,,,공공기관-지방자치단체,수세식,N,N,,N,Y,여자화장실,,2026-02-20,I,2026-05-15 18:43:46,2026-02-21 07:35:05
3740000,202437400000101713,공중화장실,법제3조제3호,나그네,경기도 수원시 권선구 덕영대로1207번길 26-8(권선동),경기도 수원시 권선구 권선동 1198,2,2,0,0,0,0,2,0,0,수원시 권선구 녹지공원과,,상시,,,공공기관-지방자치단체,수세식,Y,Y,여자화장실,N,Y,여자화장실,,2026-02-20,I,2026-05-15 18:43:46,2026-02-21 07:34:43
3740000,202437400000101714,공중화장실,법제3조제3호,꿈이랑,"경기도 수원시 권선구 경수대로158번길 7, 꿈이랑 (권선동)",경기도 수원시 권선구 권선동 1343 꿈이랑,1,1,1,0,0,0,2,1,0,수원시 권선구 녹지공원과,,정시,09~18시,,공공기관-지방자치단체,수세식,Y,Y,여자화장실,N,N,,,2026-02-20,I,2026-05-15 18:43:46,2026-02-21 07:33:42
3740000,202437400000101715,공중화장실,법제3조제3호,꽃뫼,경기도 수원시 장안구 만석로5번길 21(정자3동),경기도 수원시 장안구 천천동 520,2,2,1,0,0,0,5,1,0,수원시 장안구 녹지공원과,,상시,,,공공기관-지방자치단체,수세식,Y,Y,여자화장실,N,Y,여자화장실,,2026-02-20,I,2026-05-15 18:43:46,2026-02-21 07:32:44
3740000,202437400000101716,공중화장실,법제3조제3호,까치,경기도 수원시 팔달구 동수원로 399(인계동),경기도 수원시 팔달구 인계동 1117,2,3,0,0,0,0,2,0,5,수원시 팔달구 녹지공원과,,상시,,,공공기관-지방자치단체,수세식,Y,Y,여자화장실,N,N,,,2026-02-20,I,2026-05-15 18:43:46,2026-02-21 07:32:21
3740000,202437400000101717,공중화장실,법제3조제3호,까치,"경기도 수원시 권선구 수인로621번길 91, 까치 (당수동)",경기도 수원시 권선구 당수동 292-1 까치,2,2,0,0,0,0,4,0,0,수원시 권선구 녹지공원과,,정시,09~18시,,공공기관-지방자치단체,수세식,Y,Y,여자화장실,N,N,,,2026-02-20,I,2026-05-15 18:43:46,2026-02-21 07:30:42
3740000,202437400000101718,공중화장실,법제3조제3호,기분좋은주유소(GS칼텍스),경기도 수원시 장안구 서부로 2175 (율전동),경기도 수원시 장안구 율전동 99-9,1,2,0,0,0,0,2,0,0,기분좋은주유소(GS칼텍스),,정시,06:00~22:00,,공공기관-지방자치단체,수세식,N,N,,N,N,,,2026-02-20,I,2026-05-15 18:43:46,2026-02-21 07:28:49
3740000,202437400000101719,공중화장실,법제3조제11호,금호주유소,경기도 수원시 장안구 경수대로 852 (조원동),경기도 수원시 장안구 조원동 774-28,1,2,0,0,0,0,2,0,0,금호주유소,,상시,,,공공기관-지방자치단체,수세식,N,N,,N,N,,,2026-02-20,I,2026-05-15 18:43:46,2026-02-21 07:27:30
3740000,202437400000101720,공중화장실,법제3조제3호,금곡동행정복지센터,경기도 수원시 권선구 금곡로196번길 20(금곡동),경기도 수원시 권선구 금곡동 1119-4,4,4,2,3,0,0,12,2,0,금곡동행정복지센터,,정시,평일 09:00~18:00,,공공기관-지방자치단체,수세식,N,N,,N,N,,,2026-02-20,I,2026-05-15 18:43:46,2026-02-21 07:27:05
3740000,202437400000101721,공중화장실,법제3조제11호,금강주유소,경기도 수원시 권선구 매송고색로 577 (오목천동),경기도 수원시 권선구 오목천동 274-1,1,2,0,0,0,0,2,0,0,금강주유소,,상시,,,공공기관-지방자치단체,수세식,N,N,,Y,N,,,2026-02-20,I,2026-05-15 18:43:46,2026-02-21 07:26:33
3740000,202437400000101722,공중화장실,법제3조제3호,글빛누리,경기도 수원시 영통구 망포로100(망포2동),경기도 수원시 영통구  망포동 76-10(글빛누리공원),2,3,1,0,0,0,5,1,0,수원시 영통구 녹지공원과,,상시,,,공공기관-지방자치단체,수세식,Y,Y,여자화장실,N,N,,,2026-02-20,I,2026-05-15 18:43:46,2026-02-21 07:25:49
3740000,202437400000101723,공중화장실,법제3조제11호,극동산업(주)광명충전소,경기도 수원시 권선구 매송고색로 487 (오목천동),경기도 수원시 권선구 오목천동 356-8 극동산업(주)광명충전소,1,1,0,0,0,0,1,0,0,광명충전소,,정시,00:00~24:00,,공공기관-지방자치단체,수세식,N,N,,N,N,,,2026-02-20,I,2026-05-15 18:43:46,2026-02-20 18:02:57
3740000,202437400000101724,공중화장실,법제3조제11호,극동산업 병점충전소,경기도 수원시 권선구 정조로 215 (곡선동),경기도 수원시 권선구 대황교동 100-5,2,2,0,0,0,0,2,0,0,극동산업 병점충전소,,정시,00:00~24:00,,공공기관-지방자치단체,수세식,N,N,,N,N,,,2026-02-20,I,2026-05-15 18:43:46,2026-02-20 18:02:22
3740000,202437400000101725,공중화장실,법제3조제3호,그린타운,경기도 수원시 장안구 광교산로 13 (영화동),경기도 수원시 장안구 영화동 60,1,3,1,0,0,0,4,1,0,수원시 장안구 녹지공원과,,상시,,,공공기관-지방자치단체,수세식,Y,Y,여자화장실,N,N,,,2026-02-20,I,2026-05-15 18:43:46,2026-02-20 18:01:46
3740000,202437400000101726,공중화장실,법제3조제3호,권선파출소,경기도 수원시 권선구 권선로669번길 24-23(권선동),경기도 수원시 권선구 권선동 1012,2,2,1,1,0,0,1,1,0,수원남부경찰서,,상시,,,공공기관-지방자치단체,수세식,Y,Y,장애인화장실,N,Y,여자화장실,,2026-02-20,I,2026-05-15 18:43:46,2026-02-20 18:01:07
3740000,202437400000101727,공중화장실,법제3조제3호,권선동우체국,경기도 수원시 권선구 경수대로 382(권선동),경기도 수원시 권선구 권선동 1008,1,1,0,0,0,0,0,0,0,서수원우체국,,정시,09:00~18:00,,공공기관-지방자치단체,수세식,Y,Y,여자화장실,N,N,,,2026-02-20,I,2026-05-15 18:43:46,2026-02-20 17:59:56
3740000,202437400000101728,공중화장실,법제3조제3호,권선구청,경기도 수원시 권선구 호매실로 12 권선구청(탑동),경기도 수원시 권선구 탑동 900,12,12,1,3,0,0,21,1,0,권선구청,,정시,평일 09:00~18:00,,공공기관-지방자치단체,수세식,Y,Y,여자화장실,N,Y,여자화장실,,2026-02-20,I,2026-05-15 18:43:46,2026-02-20 17:59:21
3740000,202437400000101729,공중화장실,법제3조제3호,권선구보건소,경기도 수원시 권선구 호매실로 22-50(탑동),경기도 수원시 권선구 탑동 910,6,6,1,2,0,0,11,1,1,권선구보건소,,정시,평일 09:00~18:00,,공공기관-지방자치단체,수세식,N,N,,N,Y,여자화장실,,2026-02-20,I,2026-05-15 18:43:46,2026-02-20 17:58:55
3740000,202437400000101730,공중화장실,법제3조제3호,산들어린이공원,경기도 수원시 권선구 덕영대로1323번길 26-7(권선동),경기도 수원시 권선구 권선동 1319,2,2,0,0,0,0,3,0,0,수원시 권선구 녹지공원과,,정시,09~18시,,공공기관-지방자치단체,수세식,Y,Y,여자화장실,N,N,,,2026-02-20,I,2026-05-15 18:43:46,2026-02-20 17:57:39
3740000,202437400000101731,공중화장실,법제3조제3호,권선2동행정복지센터,경기도 수원시 권선구 권중로 85(권선동),경기도 수원시 권선구 권선동 1268-2,1,2,1,1,0,0,1,1,0,권선2동행정복지센터,,정시,평일 09:00~18:00,,공공기관-지방자치단체,수세식,N,N,,N,N,,,2026-02-20,I,2026-05-15 18:43:46,2026-02-20 17:56:36
3740000,202437400000101732,공중화장실,법제3조제3호,권선1동행정복지센터,경기도 수원시 권선구 경수대로352번길29(권선동),경기도 수원시 권선구 권선동 1034-5,4,3,1,0,0,0,10,1,0,권선1동행정복지센터,,정시,평일 09:00~18:00,,공공기관-지방자치단체,수세식,N,N,,N,N,,,2026-02-20,I,2026-05-15 18:43:46,2026-02-20 17:56:12
3740000,202437400000101733,공중화장실,법제3조제3호,권선(늘푸른),경기도 수원시 권선구 동탄원천로 818(권선동),경기도 수원시 권선구 권선동 1310,3,6,0,0,0,0,5,0,0,수원시 권선구 녹지공원과,,상시,,,공공기관-지방자치단체,수세식,Y,Y,여자화장실,N,N,,,2026-02-20,I,2026-05-15 18:43:46,2026-02-20 17:55:17
3740000,202437400000101734,공중화장실,법제3조제3호,군들,경기도 수원시 권선구 구운로14번길 42(구운동),경기도 수원시 권선구 구운동 501,2,3,1,0,0,1,3,1,0,수원시 권선구 녹지공원과,,상시,,,공공기관-지방자치단체,수세식,Y,Y,여자화장실,N,Y,여자화장실,,2026-02-20,I,2026-05-15 18:43:46,2026-02-20 17:53:56
3740000,202437400000101735,공중화장실,법제3조제3호,국토지리정보원 지도박물관,"경기도 수원시 영통구 월드컵로 92 (원천동, 국토지리정보원)",경기도 수원시 영통구 원천동 111,2,3,1,0,0,0,2,0,0,국토지리정보원,,정시,10:00-17:00,,공공기관-지방자치단체,수세식,N,N,,N,N,,,2026-02-20,I,2026-05-15 18:43:46,2026-02-20 17:50:10
3740000,202437400000101736,공중화장실,법제3조제3호,국토지리정보원 본관,"경기도 수원시 영통구 월드컵로 92 (원천동, 국토지리정보원)",경기도 수원시 영통구 원천동 111,3,5,1,0,0,0,2,0,0,국토지리정보원,,정시,09:00-18:00,,공공기관-지방자치단체,수세식,N,N,,N,N,,,2026-02-20,I,2026-05-15 18:43:46,2026-02-20 17:49:48
3740000,202437400000101737,공중화장실,법제3조제3호,구운동행정복지센터,경기도 수원시 권선구 구운로47번길 57-33(구운동),경기도 수원시 권선구 구운동 965,1,2,1,0,0,0,1,1,0,구운동행정복지센터,,정시,평일 09:00~18:00,,공공기관-지방자치단체,수세식,N,N,,N,N,,,2026-02-20,I,2026-05-15 18:43:46,2026-02-20 17:49:19
3740000,202437400000101738,공중화장실,법제3조제3호,구운2호(하구운어린이공원),경기도 수원시 권선구 금호로189번길(구운동),경기도 수원시 권선구 구운동 524,1,1,0,0,0,0,1,0,0,수원시 권선구 녹지공원과,,정시,09~18시,,공공기관-지방자치단체,수세식,Y,Y,여자화장실,N,N,,,2026-02-20,I,2026-05-15 18:43:46,2026-02-20 17:48:42
3740000,202437400000101739,공중화장실,법제3조제3호,구운1호(은하수어린이공원),경기도 수원시 권선구 구운로86번길 20-21(구운동),경기도 수원시 권선구 구운동 487,1,1,0,0,0,0,1,0,0,수원시 권선구 녹지공원과,,정시,09~18시,,공공기관-지방자치단체,수세식,Y,Y,여자화장실,N,N,,,2026-02-20,I,2026-05-15 18:43:46,2026-02-20 17:47:31
3740000,202437400000101740,공중화장실,법제3조제3호,구도일삼익씨앤에스유통,경기도 수원시 장안구 경수대로 1104(파장동),경기도 수원시 장안구 파장동 219-1,2,2,0,0,0,0,2,0,0,구도일삼익씨앤에스유통,,상시,,,공공기관-지방자치단체,수세식,N,N,,N,N,,,2026-02-20,I,2026-05-15 18:43:46,2026-02-20 17:46:47
3740000,202437400000101741,공중화장실,법제3조제3호,교구정,"경기도 수원시 장안구 송정로 3, 교구정 공중화장실 (송죽동)",경기도 수원시 장안구 송죽동 417-32 교구정 공중화장실,3,2,0,0,0,0,3,0,0,수원시 장안구 녹지공원과,,상시,,,공공기관-지방자치단체,수세식,Y,Y,여자화장실,N,Y,여자화장실,,2026-02-20,I,2026-05-15 18:43:46,2026-02-20 17:45:37
3740000,202437400000101742,공중화장실,법제3조제3호,광교홍재도서관,경기도 수원시 영통구 대학로88(이의동),경기도 수원시 영통구 이의동1209,10,5,5,5,0,1,20,5,1,수원시도서관사업소,,정시,"07:00~23:00(둘째, 네째주 월요일 휴무)",,공공기관-지방자치단체,수세식,Y,Y,장애인화장실,N,N,,,2026-02-20,I,2026-05-15 18:43:46,2026-02-20 17:44:58
3740000,202437400000101743,공중화장실,법제3조제3호,광교푸른숲도서관,경기도 수원시 영통구 광교호수로 131(하동),경기도 수원시 영통구 하동 1024,14,8,3,3,0,0,13,3,0,수원시도서관사업소,,정시,"평일 07:00 - 23:00, 주말 07:00 - 21:00",,공공기관-지방자치단체,수세식,Y,Y,여자화장실,N,N,,,2026-02-20,I,2026-05-15 18:43:46,2026-02-20 17:44:24
3740000,202437400000101744,공중화장실,법제3조제3호,광교지구대,경기도 수원시 영통구 에듀타운로 82(이의동),경기도 수원시 영통구 이의동 1347-6,4,2,1,1,0,0,2,0,0,수원남부경찰서,,상시,,,공공기관-지방자치단체,수세식,N,N,,N,N,,,2026-02-20,I,2026-05-15 18:43:46,2026-02-20 17:43:48
3740000,202437400000101745,공중화장실,법제3조제3호,광교중앙2,,경기도 수원시 영통구 이의동 1302(광교중앙공원),1,1,1,0,0,0,1,1,0,수원시 영통구 녹지공원과,,상시,,,공공기관-지방자치단체,수세식,N,N,여자화장실,N,N,,,2026-02-20,I,2026-05-15 18:43:46,2026-02-20 17:43:26
3740000,202437400000101746,공중화장실,법제3조제3호,광교중앙,,경기도 수원시 영통구 이의동 1302,3,5,1,0,1,1,10,1,2,수원시 영통구 녹지공원과,,정시,"07:00~23:00(둘째, 네째주 월요일 휴무)",,공공기관-지방자치단체,수세식,Y,Y,여자화장실,Y,N,,,2026-02-20,I,2026-05-15 18:43:46,2026-02-20 17:43:01
3740000,202437400000101747,공중화장실,법제3조제3호,광교주차시설내,경기도 수원시 장안구 수원시 장안구 광교산로 159(하광교동),경기도 수원시 장안구 수원시 장안구 하광교동 393-2,3,7,1,1,0,0,10,1,0,수원도시공사,,상시,,,공공기관-지방자치단체,수세식,Y,Y,여자화장실,N,Y,여자화장실,,2026-02-20,I,2026-05-15 18:43:46,2026-02-20 17:42:31
3740000,202437400000101748,공중화장실,법제3조제3호,광교종합사회복지관,"경기도 수원시 영통구 대학2로 41, 광교종합사회복지관 (이의동)",경기도 수원시 영통구 이의동 1259-4 광교종합사회복지관,12,15,1,1,1,1,27,1,1,광교종합사회복지관,,정시,06:00~22:00,,공공기관-지방자치단체,수세식,N,N,,N,N,,,2026-02-20,I,2026-05-15 18:43:46,2026-02-20 17:40:51
3740000,202437400000101749,공중화장실,법제3조제3호,광교임시수련원,"경기도 수원시 장안구 광교산로 337, 광교 임시 수련원 (하광교동)",경기도 수원시 장안구 하광교동 89-2 광교 임시 수련원,3,4,1,0,0,0,4,1,0,수원시 체육진흥과,,정시,15시간,,공공기관-지방자치단체,수세식,N,N,,N,Y,여자화장실,,2026-02-20,I,2026-05-15 18:43:46,2026-02-20 17:40:13
3740000,202437400000101750,공중화장실,법제3조제3호,광교역사2,,경기도 수원시 영통구 이의동 산13-77(광교역사공원),1,1,0,0,0,0,3,0,0,수원시 영통구 녹지공원과,,상시,,,공공기관-지방자치단체,수세식,Y,Y,여자화장실,N,N,,,2026-02-20,I,2026-05-15 18:43:46,2026-02-20 17:39:27
3740000,202437400000101751,공중화장실,법제3조제3호,광교역사,,경기도 수원시 영통구 이의동 산13-77(광교역사공원),1,1,1,0,0,0,1,1,0,수원시 영통구 녹지공원과,,상시,,,공공기관-지방자치단체,수세식,N,N,,N,N,,,2026-02-20,I,2026-05-15 18:43:46,2026-02-20 17:38:29
3740000,202437400000101752,공중화장실,법제3조제3호,광교쉼터,경기도 수원시 장안구 광교산로 321 (하광교동),경기도 수원시 장안구 하광교동 203-2,1,2,0,0,0,0,1,1,0,수원시 장안구 녹지공원과,,상시,,,공공기관-지방자치단체,수세식,Y,Y,여자화장실,N,N,,,2026-02-20,I,2026-05-15 18:43:46,2026-02-20 17:37:52
3740000,202437400000101753,공중화장실,법제3조제3호,광교박물관,"경기도 수원시 영통구 광교로 182, 수원광교박물관 (이의동)",경기도 수원시 영통구 이의동 403-2 수원광교박물관,3,4,1,1,1,1,7,1,1,광교박물관,,정시,09:00~18:00,,공공기관-지방자치단체,수세식,N,N,,Y,N,,,2026-02-20,I,2026-05-15 18:43:46,2026-02-20 17:37:25
3740000,202437400000101755,공중화장실,법제3조제3호,광교노인복지관 지하1층,경기도 수원시 영통구 센트럴타운로 22(이의동),경기도 수원시 영통구 이의동 1328-1,3,3,1,0,0,0,6,1,0,광교노인복지관,,정시,09:00-18:00,,공공기관-지방자치단체,수세식,N,N,,N,N,,,2026-02-20,I,2026-05-15 18:43:46,2026-02-20 17:36:58
3740000,202437400000101756,공중화장실,법제3조제3호,광교노인복지관 4층,경기도 수원시 영통구 센트럴타운로 22(이의동),경기도 수원시 영통구 이의동 1328-1,2,3,0,0,0,0,6,0,0,광교노인복지관,,정시,09:00-18:00,,공공기관-지방자치단체,수세식,Y,Y,여자화장실,N,N,,,2026-02-20,I,2026-05-15 18:43:46,2026-02-20 17:36:04
3740000,202437400000101759,공중화장실,법제3조제3호,광교노인복지관 3층,경기도 수원시 영통구 센트럴타운로 22(이의동),경기도 수원시 영통구 이의동 1328-1,2,3,1,0,0,0,6,1,0,광교노인복지관,,정시,09:00-18:00,,공공기관-지방자치단체,수세식,Y,Y,여자화장실,N,N,,,2026-02-20,I,2026-05-15 18:43:46,2026-02-20 17:35:00
3740000,202437400000101761,공중화장실,법제3조제3호,광교노인복지관 2층,경기도 수원시 영통구 센트럴타운로 22(이의동),경기도 수원시 영통구 이의동 1328-1,2,3,0,0,0,0,6,0,0,광교노인복지관,,정시,09:00-18:00,,공공기관-지방자치단체,수세식,Y,Y,여자화장실,N,N,,,2026-02-20,I,2026-05-15 18:43:46,2026-02-20 17:34:13
3740000,202437400000101763,공중화장실,법제3조제3호,광교2동행정복지센터,경기도 수원시 영통구 법조로149번길 155(하동),경기도 수원시 영통구 하동 976,4,8,4,1,0,0,8,4,0,광교2동행정복지센터,,정시,평일 09:00~18:00,,공공기관-지방자치단체,수세식,Y,Y,여자화장실,N,N,,,2026-02-20,I,2026-05-15 18:43:46,2026-02-20 17:32:48
3740000,202437400000101764,공중화장실,법제3조제3호,광교1동행정복지센터,경기도 수원시 영통구 도청로89번길 20(이의동),경기도 수원시 영통구 이의동 1350,6,5,4,2,0,0,12,4,0,광교1동행정복지센터,,정시,평일 09:00~18:00,,공공기관-지방자치단체,수세식,N,N,,N,N,,,2026-02-20,I,2026-05-15 18:43:46,2026-02-20 17:32:21
3740000,202437400000101765,공중화장실,법제3조제3호,관리사무소,경기도 수원시 영통구 광교호수공원로 102 (하동),경기도 수원시 영통구 하동 1023공 (호수공원관리사무소),3,3,1,2,1,1,8,1,1,수원시 공원녹지사업소,,상시,,,공공기관-지방자치단체,수세식,N,N,,N,Y,여자화장실,,2026-02-20,I,2026-05-15 18:43:46,2026-02-20 17:31:55
3740000,202437400000101766,공중화장실,법제3조제3호,곳집말,경기도 수원시 권선구 서수원로 71(평동),경기도 수원시 권선구 오목천동 1179,2,2,1,1,0,0,5,1,0,수원시 권선구 녹지공원과,,상시,,,공공기관-지방자치단체,수세식,Y,Y,여자화장실,N,N,,,2026-02-20,I,2026-05-15 18:43:46,2026-02-20 17:31:26
3740000,202437400000101767,공중화장실,법제3조제11호,골든벨주유소,경기도 수원시 권선구 서부로 1650 (고색동),경기도 수원시 권선구 고색동 894-5,1,1,0,0,0,0,1,0,0,골든벨주유소,,상시,,,공공기관-지방자치단체,수세식,Y,Y,여자화장실,N,N,,,2026-02-20,I,2026-05-15 18:43:46,2026-02-20 17:30:57
3740000,202437400000101768,공중화장실,법제3조제3호,곡선지구대,"경기도 수원시 권선구 권중로 77, 곡선지구대 (권선동)",경기도 수원시 권선구 권선동 1268 곡선지구대,2,2,0,0,0,0,2,0,0,수원권선경찰서,,상시,,,공공기관-지방자치단체,수세식,N,N,,N,N,,,2026-02-20,I,2026-05-15 18:43:46,2026-02-20 17:30:03
3740000,202437400000101769,공중화장실,법제3조제3호,곡선동행정복지센터,경기도 수원시 권선구 동수원로146번길 174(곡반정동),경기도 수원시 권선구 곡반정동 522,6,11,1,0,0,0,6,1,0,곡선동행정복지센터,,정시,평일 09:00~18:00,,공공기관-지방자치단체,수세식,N,N,,N,N,,,2026-02-20,I,2026-05-15 18:43:46,2026-02-20 17:29:18
3740000,202437400000101770,공중화장실,법제3조제3호,곡선동우체국,경기도 수원시 권선구 권중로 81(권선동),경기도 수원시 권선구 권선동 1268-1,0,1,0,0,0,0,0,1,0,서수원우체국,,정시,09:00~18:00,,공공기관-지방자치단체,수세식,N,N,,N,N,,,2026-02-20,I,2026-05-15 18:43:46,2026-02-20 17:28:45
3740000,202437400000101771,공중화장실,법제3조제3호,고색향토전시관,경기도 수원시 권선구 오목천로 276(고색동),경기도 수원시 권선구 고색동 1129,2,2,0,0,0,0,2,0,0,수원시 문화예술과,,정시,09:00~18:00,,공공기관-지방자치단체,수세식,N,N,,Y,N,,,2026-02-20,I,2026-05-15 18:43:46,2026-02-20 17:28:10
3740000,202437400000101772,공중화장실,법제3조제3호,고색파출소,"경기도 수원시 권선구 매송고색로 748, 고색파출소 (고색동)",경기도 수원시 권선구 고색동 146-7 고색파출소,1,1,0,0,0,0,1,0,0,고색파출소,,상시,,,공공기관-지방자치단체,수세식,Y,Y,여자화장실,N,N,,,2026-02-20,I,2026-05-15 18:43:46,2026-02-20 17:27:28
3740000,202437400000101773,공중화장실,법제3조제11호,고색충전소,경기도 수원시 권선구 권선로 258 (고색동),경기도 수원시 권선구 고색동 888-6,2,2,0,0,0,0,1,0,0,고색충전소,,정시,00:00~24:00,,공공기관-지방자치단체,수세식,Y,Y,여자화장실,N,N,,,2026-02-20,I,2026-05-15 18:43:46,2026-02-20 17:25:34
3740000,202437400000101775,공중화장실,법제3조제3호,고색119안전센터,"경기도 수원시 권선구 서부로 1614, 수원중부소방서 고색파출소 (고색동)",경기도 수원시 권선구 고색동 886-145 수원중부소방서 고색파출소,3,3,0,0,0,0,3,0,0,고색119안전센터,,정시,09:00~18:00,,공공기관-지방자치단체,수세식,N,N,,N,N,,,2026-02-20,I,2026-05-15 18:43:46,2026-02-20 17:21:25
3740000,202437400000101776,공중화장실,법제3조제3호,고렴,경기도 수원시 권선구 동수원로 114 (곡반정동),경기도 수원시 권선구 곡반정동 546,3,2,1,0,0,0,3,1,0,수원시 권선구 녹지공원과,,상시,,,공공기관-지방자치단체,수세식,Y,Y,여자화장실,N,N,,,2026-02-20,I,2026-05-15 18:43:46,2026-02-20 17:20:15
3740000,202437400000101777,공중화장실,법제3조제3호,고래의 모험,경기도 수원시 팔달구 덕영대로1070번길 56(세류동),경기도 수원시 팔달구 세류동 1066-9,2,2,0,0,0,0,4,0,0,수원시 권선구 녹지공원과,,상시,,,공공기관-지방자치단체,수세식,Y,Y,여자화장실,N,N,,,2026-02-20,I,2026-05-15 18:43:46,2026-02-20 17:19:29
3740000,202437400000101778,공중화장실,법제3조제3호,고등파출소,경기도 수원시 팔달구 고등로 50 (고등등),경기도 수원시 팔달구 고등동 105-25,1,1,0,0,0,0,1,0,0,수원권선경찰서,,상시,,,공공기관-지방자치단체,수세식,N,N,,N,N,,,2026-02-20,I,2026-05-15 18:43:46,2026-02-20 17:18:45
3740000,202437400000101779,공중화장실,법제3조제3호,고등동행정복지센터,경기도 수원시 팔달구 고등로 37 (고등동),경기도 수원시 팔달구 고등동 153-1,3,3,3,3,0,0,9,3,0,고등동행정복지센터,,정시,평일 09:00~18:00,,공공기관-지방자치단체,수세식,Y,Y,장애인화장실,N,Y,여자화장실,,2026-02-20,I,2026-05-15 18:43:46,2026-02-20 17:18:07
3740000,202437400000101780,공중화장실,법제3조제11호,경희주유소,경기도 수원시 영통구 덕영대로 1729(영통동),경기도 수원시 영통구 영통동 1025-11,1,2,0,0,0,0,2,0,0,경희주유소,,정시,06:00~22:00,,공공기관-지방자치단체,수세식,N,N,,N,N,,,2026-02-20,I,2026-05-15 18:43:46,2026-02-20 17:17:33
3740000,202437400000101781,공중화장실,법제3조제11호,경진셀프주유소,경기도 수원시 장안구 경수대로 1059(파장동),경기도 수원시 장안구 파장동 585-4,2,2,0,0,0,0,2,0,0,경진셀프주유소,,상시,,,공공기관-지방자치단체,수세식,Y,Y,여자화장실,N,N,,,2026-02-20,I,2026-05-15 18:43:46,2026-02-20 17:16:16
3740000,202437400000101783,공중화장실,법제3조제3호,경기아트센터 소극장,경기도 수원시 팔달구 효원로307번길 20 (인계동),,7,6,0,3,0,0,10,0,0,경기도청,,정시,공연시간 1시간 전후,,공공기관-지방자치단체,수세식,Y,Y,여자화장실,N,Y,여자화장실,,2026-02-20,I,2026-05-15 18:43:46,2026-02-20 17:13:37
3740000,202437400000101784,공중화장실,법제3조제3호,경기아트센터 대극장,경기도 수원시 팔달구 효원로307번길 20 (인계동),,27,50,0,6,0,0,51,0,0,경기도청,,정시,공연시간 1시간 전후,,공공기관-지방자치단체,수세식,Y,Y,여자화장실,N,Y,여자화장실,,2026-02-20,I,2026-05-15 18:43:46,2026-02-20 17:13:09
3740000,202437400000101785,공중화장실,법제3조제3호,경기상상캠퍼스,경기도 수원시 권선구 서둔로 166 (서둔동),경기도 수원시 권선구 서둔동 103-25,21,21,1,1,0,0,21,1,0,경기상상캠퍼스,,정시,09:00~18:00,,공공기관-지방자치단체,수세식,N,N,,N,N,,,2026-02-20,I,2026-05-15 18:43:46,2026-02-20 17:12:39
3740000,202437400000101786,공중화장실,법제3조제3호,경기도청 구청사,경기도 수원시 팔달구 효원로 1 (매산로3가,경기도 수원시 팔달구 매산로3가 1-1,10,11,2,0,0,0,13,2,0,경기도청 구청사,,정시,09:00~18:00,,공공기관-지방자치단체,수세식,N,N,,N,N,,,2026-02-20,I,2026-05-15 18:43:46,2026-02-20 17:09:46
3740000,202437400000101787,공중화장실,법제3조제3호,경기도장애인복지종합지원센터,경기도 수원시 권선구 서수원로 130(오목천동),경기도 수원시 권선구 오목천동 677 경기도장애인복지종합지원센터,7,14,4,4,0,0,13,4,0,경기도장애인복지종합지원센터,,정시,09:00~18:00,,공공기관-지방자치단체,수세식,Y,Y,여자화장실,N,N,,,2026-02-20,I,2026-05-15 18:43:46,2026-02-20 17:08:15
3740000,202437400000101788,공중화장실,법제3조제3호,경기도수원교육지원청 4층,경기도 수원시 장안구 경수대로 792(영화동),경기도 수원시 장안구 영화동 107-12 경기도수원교육청,2,2,0,0,0,0,4,0,0,경기도수원교육지원청,,정시,9:00~18:00,,공공기관-지방자치단체,수세식,N,N,,N,N,,,2026-02-20,I,2026-05-15 18:43:46,2026-02-20 17:07:15
3740000,202437400000101789,공중화장실,법제3조제3호,경기도수원교육지원청 3층,경기도 수원시 장안구 경수대로 792(영화동),경기도 수원시 장안구 영화동 107-12 경기도수원교육청,2,2,0,0,0,0,4,0,0,경기도수원교육지원청,,정시,9:00~18:00,,공공기관-지방자치단체,수세식,N,N,,N,N,,,2026-02-20,I,2026-05-15 18:43:46,2026-02-20 17:06:54
3740000,202437400000101790,공중화장실,법제3조제3호,경기도수원교육지원청 2층,경기도 수원시 장안구 경수대로 792(영화동),경기도 수원시 장안구 영화동 107-12 경기도수원교육청,3,3,0,0,0,0,4,0,0,경기도수원교육지원청,,정시,9:00~18:00,,공공기관-지방자치단체,수세식,Y,Y,여자화장실,N,N,,,2026-02-20,I,2026-05-15 18:43:46,2026-02-20 17:06:36
3740000,202437400000101792,공중화장실,법제3조제3호,경기도건설본부,경기도 수원시 권선구 칠보로1번길 20(금곡동),경기도 수원시 권선구 금곡동 781-2,10,6,1,1,0,0,4,1,0,경기도건설본부,,정시,09:00~18:00,,공공기관-지방자치단체,수세식,N,N,,N,N,,,2026-02-20,I,2026-05-15 18:43:46,2026-02-20 17:05:34
3740000,202437400000101793,공중화장실,법제3조제3호,경기도교육청 남부청사,경기도 수원시 장안구 조원로 18(조원동),경기도 수원시 장안구 조원동 915,0,1,1,0,0,0,2,0,0,경기도교육청,,정시,평일 09:00~18:00,,공공기관-지방자치단체,수세식,N,N,,Y,N,,,2026-02-20,I,2026-05-15 18:43:46,2026-02-20 17:04:57
3740000,202437400000101794,공중화장실,법제3조제3호,경기남부보훈지청 별관,경기도 수원시 장안구 조원로8(영화동),경기도 수원시 장안구 영화동 15-5,6,3,3,0,0,0,9,3,0,경기남부보훈지청,,정시,평일 09:00~18:00,,공공기관-지방자치단체,수세식,N,N,,N,Y,여자화장실,,2026-02-20,I,2026-05-15 18:43:46,2026-02-20 17:02:20
3740000,202437400000101795,공중화장실,법제3조제3호,경기남부보훈지청,경기도 수원시 장안구 조원로8(영화동),경기도 수원시 장안구 영화동 15-5,6,9,2,0,0,0,8,0,0,경기남부보훈지청,,정시,평일 09:00~18:00,,공공기관-지방자치단체,수세식,Y,Y,여자화장실,N,N,,,2026-02-20,I,2026-05-15 18:43:46,2026-02-20 17:01:56
3740000,202437400000101796,공중화장실,법제3조제3호,거창에너지 권선제일,경기도 수원시 권선구 경수대로 350(권선동),경기도 수원시 권선구 권선동 1005-1,1,2,0,0,0,0,1,0,0,거창에너지 권선제일,,정시,06:00~22:00,,공공기관-지방자치단체,수세식,N,N,,N,N,,,2026-02-20,I,2026-05-15 18:43:46,2026-02-20 17:01:25
3740000,202437400000101797,공중화장실,법제3조제3호,갤러리아 광교,경기도 수원시 영통구 광교중앙로 124(하동),경기도 수원시 영통구 하동 871-1,60,51,11,31,2,0,172,11,0,갤러리아광교점,,정시,10:30~20:00,,공공기관-지방자치단체,수세식,Y,Y,여자화장실,Y,Y,여자화장실,,2026-02-20,I,2026-05-15 18:43:46,2026-02-20 17:00:40
3740000,202437400000101798,공중화장실,법제3조제3호,간이,"경기도 수원시 권선구 구운로14번길 42, 구운공원실내배드민턴장 (구운동)",경기도 수원시 권선구 구운동 501 구운공원실내배드민턴장,1,1,0,0,0,0,1,0,0,수원시 권선구 녹지공원과,,상시,,,공공기관-지방자치단체,수세식,N,N,,N,N,,,2026-02-20,I,2026-05-15 18:43:46,2026-02-20 16:59:47
3740000,202437400000101799,공중화장실,법제3조제11호,SK충전소,경기도 수원시 장안구 경수대로976번길 13(송죽동),경기도 수원시 장안구 송죽동 202-1 SK충전소,1,2,0,0,0,0,2,0,0,SK충전소,,상시,,,공공기관-지방자치단체,수세식,N,N,,N,N,,,2026-02-20,I,2026-05-15 18:43:46,2026-02-20 16:58:45
3740000,202437400000101800,공중화장실,법제3조제3호,SK청솔노인복지관 3층,경기도 수원시 장안구 장안로 174번지(정자동),경기도 수원시 장안구 정자동 286,2,3,1,1,0,0,5,1,0,SK청솔노인복지관,,정시,07:00~21:00,,공공기관-지방자치단체,수세식,Y,Y,여자화장실,N,N,,,2026-02-20,I,2026-05-15 18:43:46,2026-02-20 16:57:34
3740000,202437400000101801,공중화장실,법제3조제3호,SK청솔노인복지관 2층,경기도 수원시 장안구 장안로 174번지(정자동),경기도 수원시 장안구 정자동 286,3,5,1,1,0,0,7,1,0,SK청솔노인복지관,,정시,07:00~21:00,,공공기관-지방자치단체,수세식,Y,Y,여자화장실,N,N,,,2026-02-20,I,2026-05-15 18:43:46,2026-02-20 16:57:07
3740000,202437400000101802,공중화장실,법제3조제3호,SK청솔노인복지관 1층,경기도 수원시 장안구 장안로 174번지(정자동),경기도 수원시 장안구 정자동 286,3,5,1,1,0,0,7,1,0,SK청솔노인복지관,,정시,07:00~21:00,,공공기관-지방자치단체,수세식,N,N,,N,N,,,2026-02-20,I,2026-05-15 18:43:46,2026-02-20 16:56:49
3740000,202437400000101803,공중화장실,법제3조제3호,NC수원 터미널점,"경기도 수원시 권선구 경수대로 270, 터미널동, 할인점동 (권선동)","경기도 수원시 권선구 권선동 1189 터미널동, 할인점동",3,4,1,1,0,0,4,1,0,NC수원 터미널점,,정시,10:00~21:00,,공공기관-지방자치단체,수세식,Y,Y,여자화장실,Y,Y,여자화장실,,2026-02-20,I,2026-05-15 18:43:46,2026-02-23 16:05:04
3740000,202437400000101805,공중화장실,법제3조제3호,AK플라자 수원,"경기도 수원시 팔달구 덕영대로 924 (매산로1가, AK플라자)",경기도 수원시 팔달구 매산로1가 18,2,4,0,0,0,0,3,0,0,AK플라자 시설팀,,정시,10:00~21:00,,공공기관-지방자치단체,수세식,Y,Y,여자화장실,N,Y,여자화장실,,2026-02-20,I,2026-05-15 18:43:46,2026-02-20 16:50:05
3740000,202437400000101806,공중화장실,법제3조제11호,SK엔크린 레드에너지주유소,경기도 수원시 권선구 수인로 23 (서둔동),경기도 수원시 권선구 서둔동 9-26,2,1,0,0,0,0,2,0,0,SK엔크린 레드에너지주유소,,정시,06:00~22:00,,공공기관-지방자치단체,수세식,N,N,,N,N,,,2026-02-20,I,2026-05-15 18:43:46,2026-02-20 16:49:01
3740000,202437400000101807,공중화장실,법제3조제11호,(주)한미석유 성광주유소,경기도 수원시 영통구 창룡대로 243(이의동),경기도 수원시 영통구 이의동 1090-4,2,2,0,0,0,0,1,0,0,(주)한미석유 성광주유소,,상시,,,공공기관-지방자치단체,수세식,N,N,,N,N,,,2026-02-20,I,2026-05-15 18:43:46,2026-02-20 16:47:36
3740000,202437400000101808,공중화장실,법제3조제3호,(주)어울림,경기도 수원시 권선구 매송고색로 498 (오목천동),경기도 수원시 권선구 오목천동 388-1,2,2,0,0,0,0,2,0,0,(주)어울림,,상시,,,공공기관-지방자치단체,수세식,Y,Y,여자화장실,N,N,,,2026-02-20,I,2026-05-15 18:43:46,2026-02-20 16:46:58
3740000,202437400000101809,공중화장실,법제3조제11호,(주)미래석유 역전주유소,경기도 수원시 권선구 덕영대로 1000 (세류동),경기도 수원시 권선구 세류동 202-11,1,2,0,0,0,0,2,0,0,(주)미래석유 역전주유소,,상시,,,공공기관-지방자치단체,수세식,Y,Y,여자화장실,N,N,,,2026-02-20,I,2026-05-15 18:43:46,2026-02-20 16:46:20
3740000,202437400000101810,공중화장실,법제3조제11호,(주)마봉 구도일주유소 광교신도시,경기도 수원시 영통구 광교호수로 328-142(하동),경기도 수원시 영통구 하동 2,1,2,0,0,0,0,2,0,0,(주)마봉 구도일주유소 광교신도시,,상시,,,공공기관-지방자치단체,수세식,N,N,,N,N,,,2026-02-20,I,2026-05-15 18:43:46,2026-02-20 16:43:49
3740000,202437400000101811,공중화장실,법제3조제11호,HD현대오일뱅크 베트맨주유소,경기도 수원시 장안구 경수대로 818 (영화동),경기도 수원시 장안구 영화동 92-2,2,2,0,0,0,0,2,0,0,HD현대오일뱅크 베트맨주유소,,상시,,,공공기관-지방자치단체,수세식,Y,Y,여자화장실,N,N,,,2026-02-20,I,2026-05-15 18:43:46,2026-02-20 16:43:15
3740000,202437400000101812,공중화장실,법제3조제11호,(주)DOTD 수원몬스터 주유소,경기도 수원시 권선구 매송고색로 789 (고색동),경기도 수원시 권선구 고색동 165-4,1,2,0,0,0,0,1,0,0,(주)DOTD 수원몬스터 주유소,,정시,06:00~22:00,,공공기관-지방자치단체,수세식,N,N,,N,N,,,2026-02-20,I,2026-05-15 18:43:46,2026-02-20 16:32:23
3740000,202437400000101813,공중화장실,법제3조제11호,HD현대오일뱅크 직영 호수공원셀프주유소,경기도 수원시 영통구 광교호수로 124(하동),경기도 수원시 영통구 하동 1030,1,2,0,0,0,0,2,0,0,HD현대오일뱅크 직영 호수공원셀프주유소,,상시,,,공공기관-지방자치단체,수세식,Y,Y,여자화장실,N,N,,,2026-02-20,I,2026-05-15 18:43:46,2026-02-20 16:30:59
3740000,202437400000101814,개방화장실,법제3조제17호-영제3조제2항제1호,경현빌딩,경기도 수원시 영통구 센트럴타운로 98,경기도 수원시 영통구 이의동 1325-4,1,2,0,0,0,0,2,0,0,경현빌딩,,정시,06:00~22:00,,민간,수세식,N,N,,N,N,,,2026-02-20,I,2026-05-15 18:43:46,2026-02-20 16:28:51
3740000,202437400000101815,개방화장실,법제3조제17호-영제3조제2항제1호,광교나보나스퀘어,경기도 수원시 영통구 대학3로 7,경기도 수원시 영통구 이의동 1254,2,2,0,0,0,0,3,0,0,광교나보나스퀘어,,상시,,,민간,수세식,Y,Y,여자화장실,N,N,,,2026-02-20,I,2026-05-15 18:43:46,2026-02-20 16:28:15
3740000,202437400000101816,개방화장실,법제3조제17호-영제3조제2항제1호,영통포레파크원,경기도 수원시 영통구 영통로 498,경기도 수원시 영통구 영통동 955-4,4,4,1,2,0,0,4,1,0,영통포레파크원,,상시,,,민간,수세식,Y,Y,여자화장실,N,N,,,2026-02-20,I,2026-05-15 18:43:46,2026-02-20 16:27:20
3740000,202437400000101817,개방화장실,법제3조제17호-영제3조제2항제1호,센트럴프라자,경기도 수원시 영통구 센트럴타운로 106,경기도 수원시 영통구 이의동 1322-5,3,2,1,1,0,0,5,1,0,센트럴프라자,,상시,,,민간,수세식,N,N,,N,N,,,2026-02-20,I,2026-05-15 18:43:46,2026-02-20 16:25:59
3740000,202437400000101818,개방화장실,법제3조제17호-영제3조제2항제1호,화서시장,경기도 수원시 팔달구 동말로68번길 15,경기도 수원시 팔달구 화서동 97-2,2,2,0,0,0,0,3,1,0,화서시장,,정시,06:00~22:00,,민간,수세식,N,N,,N,N,,,2026-02-20,I,2026-05-15 18:43:46,2026-02-20 16:25:14
3740000,202437400000101819,개방화장실,법제3조제17호-영제3조제2항제1호,안동김씨현감공파빌딩,경기도 수원시 장안구 경수대로 1028,경기도 수원시 장안구 파장동 627-8,1,2,0,0,0,0,0,0,0,안동김씨현감공파빌딩,,정시,06:00~22:00,,민간,수세식,N,N,,N,N,,,2026-02-20,I,2026-05-15 18:43:46,2026-02-20 16:24:36
3740000,202437400000101820,개방화장실,법제3조제17호-영제3조제2항제1호,화서프라자,경기도 수원시 팔달구 동말로 84(화서동),경기도 수원시 팔달구 화서동 71-53,1,1,0,0,0,0,1,0,0,화서프라자,,상시,,,민간,수세식,Y,Y,여자화장실,N,N,,,2026-02-20,I,2026-05-15 18:43:46,2026-02-20 16:24:04
3740000,202437400000101821,개방화장실,법제3조제17호-영제3조제2항제1호,화물자동차경기지부,경기도 수원시 장안구 경수대로 963(송죽동),경기도 수원시 장안구 송죽동 495-6,2,3,0,0,0,0,3,0,0,화물자동차경기지부,,정시,06:00~22:00,,민간,수세식,Y,Y,여자화장실,N,N,,,2026-02-20,I,2026-05-15 18:43:46,2026-02-20 16:23:16
3740000,202437400000101822,개방화장실,법제3조제17호-영제3조제2항제1호,호반프라자,경기도 수원시 영통구 월드컵로 87번길 7(원천동),경기도 수원시 영통구 원천동 607-1,1,2,0,0,0,0,1,0,0,호반프라자,,상시,,,민간,수세식,N,N,,N,Y,여자화장실,,2026-02-20,I,2026-05-15 18:43:46,2026-02-20 16:22:39
3740000,202437400000101823,개방화장실,법제3조제17호-영제3조제2항제1호,현대홈타운(제2상가)(구 매탄시장),경기도 수원시 영통구 권광로 260번길 36(매탄동),경기도 수원시 영통구 매탄동 176,1,2,0,0,0,0,1,1,0,현대홈타운(제2상가)(구 매탄시장),,상시,,,민간,수세식,Y,Y,여자화장실,N,N,,,2026-02-20,I,2026-05-15 18:43:46,2026-02-20 16:22:04
3740000,202437400000101824,개방화장실,법제3조제17호-영제3조제2항제1호,하이디프라자,경기도 수원시 권선구 곡선로49번길2(곡반정동),경기도 수원시 권선구 곡반정동 556-2,2,2,0,0,0,0,2,1,0,하이디프라자,,정시,06:00~22:00,,민간,수세식,N,N,,N,N,,,2026-02-20,I,2026-05-15 18:43:46,2026-02-20 16:21:16
3740000,202437400000101825,개방화장실,법제3조제17호-영제3조제2항제1호,필드스크린 골프존,경기도 수원시 권선구 서부로 1858(구운동),경기도 수원시 권선구 구운동 313-1,1,1,0,0,0,0,1,0,0,필드스크린 골프존,,상시,,,민간,수세식,Y,Y,여자화장실,N,N,,,2026-02-20,I,2026-05-15 18:43:46,2026-02-20 16:20:29
3740000,202437400000101829,개방화장실,법제3조제17호-영제3조제2항제1호,터미널타워빌딩,경기도 수원시 팔달구 갓매산로 91(매산로1가),경기도 수원시 팔달구 매산로1가 115,1,2,0,0,0,0,2,0,0,터미널타워빌딩,,상시,,,민간,수세식,Y,Y,여자화장실,N,N,,,2026-02-20,I,2026-05-15 18:43:46,2026-02-20 16:14:49
3740000,202437400000101831,개방화장실,법제3조제17호-영제3조제2항제1호,키라빌딩,경기도 수원시 영통구 청명남로 31(영통동),경기도 수원시 영통구 영통동 998-8,3,3,0,0,0,0,3,0,0,키라빌딩,,상시,,,민간,수세식,N,N,,N,N,,,2026-02-20,I,2026-05-15 18:43:46,2026-02-20 16:12:51
3740000,202437400000101833,개방화장실,법제3조제17호-영제3조제2항제1호,캠퍼스프라자,경기도 수원시 영통구 월드컵로 199(원천동),경기도 수원시 영통구 원천동 13-4,3,3,0,0,0,0,3,0,0,캠퍼스프라자,,정시,06:00~22:00,,민간,수세식,N,N,,N,N,,,2026-02-20,I,2026-05-15 18:43:46,2026-02-20 16:11:20
3740000,202437400000101834,개방화장실,법제3조제17호-영제3조제2항제1호,창경빌딩,경기도 수원시 장안구 경수대로 862(조원동),경기도 수원시 장안구 조원동 763-21,2,2,0,0,0,0,2,0,0,창경빌딩,,정시,06:00~22:00,,민간,수세식,Y,Y,여자화장실,N,N,,,2026-02-20,I,2026-05-15 18:43:46,2026-02-20 16:10:41
3740000,202437400000101835,개방화장실,법제3조제17호-영제3조제2항제1호,진성프라자,경기도 수원시 영통구 태장로 54번길 92(망포동),경기도 수원시 영통구 망포동 649-38,2,2,1,0,0,0,1,1,0,진성프라자,,상시,,,민간,수세식,N,N,,N,N,,,2026-02-20,I,2026-05-15 18:43:46,2026-02-20 16:10:04
3740000,202437400000101836,개방화장실,법제3조제17호-영제3조제2항제1호,지동시장,경기도 수원시 팔달구 팔달문로 19(지동),경기도 수원시 팔달구 지동 402-2,4,4,1,0,0,0,5,0,0,지동시장,,정시,06:00~22:00,,민간,수세식,N,N,,N,N,,,2026-02-20,I,2026-05-15 18:43:46,2026-02-20 16:09:29
3740000,202437400000101837,개방화장실,법제3조제17호-영제3조제2항제1호,중앙스포츠랜드,경기도 수원시 권선구 매송고색로 755(고색동),경기도 수원시 권선구 고색동 27-1,2,2,0,0,0,0,2,0,0,중앙스포츠랜드,,상시,,,민간,수세식,Y,Y,여자화장실,N,N,,,2026-02-20,I,2026-05-15 18:43:46,2026-02-20 16:08:56
3740000,202437400000101838,개방화장실,법제3조제17호-영제3조제2항제1호,㈜서진홀딩스,경기도 수원시 장안구 경수대로1073번길 16(파장동),경기도 수원시 장안구 파장동 577-2,1,3,0,0,0,0,2,0,0,㈜서진홀딩스,,정시,06:00~22:00,,민간,수세식,N,N,,N,N,,,2026-02-20,I,2026-05-15 18:43:46,2026-02-20 16:08:24
3740000,202437400000101839,개방화장실,법제3조제17호-영제3조제2항제1호,조원빌딩,경기도 수원시 장안구 송원로 113(조원동),경기도 수원시 장안구 조원동 288-7,3,5,0,0,0,0,5,0,0,조원빌딩,,상시,,,민간,수세식,Y,Y,여자화장실,N,N,,,2026-02-20,I,2026-05-15 18:43:46,2026-02-20 16:07:55
3740000,202437400000101840,개방화장실,법제3조제17호-영제3조제2항제1호,정자시장,경기도 수원시 장안구 장안로 89번길 47,경기도 수원시 장안구 정자동 74,1,1,1,0,0,0,2,1,0,정자시장,,상시,,,민간,수세식,N,N,,N,N,,,2026-02-20,I,2026-05-15 18:43:46,2026-02-20 16:06:54
3740000,202437400000101841,개방화장실,법제3조제17호-영제3조제2항제1호,정석그린프라자,경기도 수원시 영통구 태장로 73(망포동),경기도 수원시 영통구 망포동 378,2,3,0,0,0,0,2,0,0,정석그린프라자,,상시,,,민간,수세식,N,N,,N,N,,,2026-02-20,I,2026-05-15 18:43:46,2026-02-20 16:06:15
3740000,202437400000101842,개방화장실,법제3조제17호-영제3조제2항제1호,입북프라자,경기도 수원시 권선구 율전로 2(입북동),경기도 수원시 권선구 입북동 251-8,1,2,0,0,0,0,2,0,0,입북프라자,,상시,,,민간,수세식,Y,Y,여자화장실,N,N,,,2026-02-20,I,2026-05-15 18:43:46,2026-02-20 16:05:33
3740000,202437400000101844,개방화장실,법제3조제17호-영제3조제2항제1호,이스턴타워,경기도 수원시 영통구 대학3로4번길 12(이의동),경기도 수원시 영통구 이의동 1257-3,2,1,0,0,0,0,3,0,0,이스턴타워,,상시,,,민간,수세식,N,N,,N,N,,,2026-02-20,I,2026-05-15 18:43:46,2026-02-20 16:03:14
3740000,202437400000101845,개방화장실,법제3조제17호-영제3조제2항제1호,웰빙프라자,경기도 수원시 권선구 세지로 73(세류동),경기도 수원시 권선구 세류동 862,2,3,0,0,0,0,2,0,0,웰빙프라자,,상시,,,민간,수세식,Y,Y,여자화장실,N,N,,,2026-02-20,I,2026-05-15 18:43:46,2026-02-20 16:02:48
3740000,202437400000101846,개방화장실,법제3조제17호-영제3조제2항제1호,월드종합카,경기도 수원시 영통구 매영로 161(원천동),경기도 수원시 영통구 원천동 494,1,2,0,0,0,0,1,0,0,월드종합카,,상시,,,민간,수세식,Y,Y,여자화장실,N,N,,,2026-02-20,I,2026-05-15 18:43:46,2026-02-20 16:02:14
3740000,202437400000101847,개방화장실,법제3조제17호-영제3조제2항제1호,월드스퀘어,경기도 수원시 영통구 센트럴타운로 107(이의동),경기도 수원시 영통구 이의동 1331,2,3,1,0,0,0,5,1,0,월드스퀘어,,상시,,,민간,수세식,Y,Y,여자화장실,N,N,,,2026-02-20,I,2026-05-15 18:43:46,2026-02-20 16:01:42
3740000,202437400000101848,개방화장실,법제3조제17호-영제3조제2항제1호,원영빌딩(권선한의원),경기도 수원시 권선구 세권로 186(권선동),경기도 수원시 권선구 권선동 1062-12,1,2,0,0,0,0,1,0,0,원영빌딩(권선한의원),,정시,06:00~22:00,,민간,수세식,N,N,,N,N,,,2026-02-20,I,2026-05-15 18:43:46,2026-02-20 16:01:05
3740000,202437400000101849,개방화장실,법제3조제17호-영제3조제2항제1호,영동시장,경기도 수원시 팔달구 수원천로 255번길 6(영동),경기도 수원시 팔달구 영동 8,5,8,0,0,0,0,5,0,0,영동시장,,상시,,,민간,수세식,N,N,,N,N,,,2026-02-20,I,2026-05-15 18:43:46,2026-02-20 16:00:10
3740000,202437400000101850,개방화장실,법제3조제17호-영제3조제2항제1호,연무시장(연무종합상가),경기도 수원시 장안구 연무로13번길 66 (연무동),경기도 수원시 장안구 연무동 234-10,2,2,0,0,0,0,2,0,0,연무시장(연무종합상가),,정시,06:00~22:00,,민간,수세식,N,N,,N,N,,,2026-02-20,I,2026-05-15 18:43:46,2026-02-20 15:59:40
3740000,202437400000101851,개방화장실,법제3조제17호-영제3조제2항제1호,에코스테이,경기도 수원시 권선구 호매실로 21-51,경기도 수원시 권선구 고색동 1176-1,1,2,2,0,0,0,2,0,0,에코스테이,,상시,,,민간,수세식,Y,Y,여자화장실,N,N,,,2026-02-20,I,2026-05-15 18:43:46,2026-02-20 15:57:16
3740000,202437400000101852,개방화장실,법제3조제17호-영제3조제2항제1호,아이파크시티,경기도 수원시 권선구 동수원로 177번길40(권선동),경기도 수원시 권선구 권선동 1364,3,3,1,0,0,0,3,1,0,아이파크시티,,정시,06:00~22:00,,민간,수세식,N,N,,N,Y,여자화장실,,2026-02-20,I,2026-05-15 18:43:46,2026-02-20 15:56:44
3740000,202437400000101853,개방화장실,법제3조제17호-영제3조제2항제1호,케이지모빌리티 동수원센터,경기도 수원시 영통구 신원로 312(원천동),경기도 수원시 영통구 원천동 340-2,2,3,0,0,0,0,2,0,0,쌍용자동차수원영업소,,정시,06:00~22:00,,민간,수세식,Y,Y,여자화장실,N,N,,,2026-02-20,I,2026-05-15 18:43:46,2026-02-20 15:55:55
3740000,202437400000101854,개방화장실,법제3조제17호-영제3조제2항제1호,신일아파트상가,경기도 수원시 장안구 화산로 263(율전동),경기도 수원시 장안구 율전동 319,2,2,0,0,0,0,2,0,0,신일아파트상가,,정시,06:00~22:00,,민간,수세식,N,N,,N,N,,,2026-02-20,I,2026-05-15 18:43:46,2026-02-20 15:54:52
3740000,202437400000101855,개방화장실,법제3조제17호-영제3조제2항제1호,시민상가,경기도 수원시 팔달구 팔달문로4번길 19(영동),경기도 수원시 팔달구 영동 10-18,2,2,0,0,0,0,4,0,0,시민상가,,정시,06:00~22:00,,민간,수세식,N,N,,N,N,,,2026-02-20,I,2026-05-15 18:43:46,2026-02-20 15:54:19
3740000,202437400000101856,개방화장실,법제3조제17호-영제3조제2항제1호,수운빌딩,경기도 수원시 팔달구 정조로 777(팔달로3가),경기도 수원시 팔달구 팔달로3가 101-2,1,1,0,0,0,0,1,0,0,수운빌딩,,정시,06:00~22:00,,민간,수세식,Y,Y,여자화장실,N,N,,,2026-02-20,I,2026-05-15 18:43:46,2026-02-20 15:53:48
3740000,202437400000101857,개방화장실,법제3조제17호-영제3조제2항제1호,송림빌딩,경기도 수원시 팔달구 중부대로 177(우만동),경기도 수원시 팔달구 우만동 146,2,1,1,0,0,0,2,1,0,송림빌딩,,상시,,,민간,수세식,Y,Y,여자화장실,N,N,,,2026-02-20,I,2026-05-15 18:43:46,2026-02-20 15:53:19
3740000,202437400000101858,개방화장실,법제3조제17호-영제3조제2항제1호,소명빌딩,경기도 수원시 영통구 덕영대로 1707(영통동),경기도 수원시 영통구 영통동 1024-13,1,2,0,0,0,0,1,0,0,소명빌딩,,상시,,,민간,수세식,N,N,,N,N,,,2026-02-20,I,2026-05-15 18:43:46,2026-02-20 15:52:53
3740000,202437400000101860,개방화장실,법제3조제17호-영제3조제2항제1호,세창빌딩,경기도 수원시 장안구 천천로 233(이목동),경기도 수원시 장안구 이목동 403-11,3,1,2,0,0,0,2,0,0,세창빌딩,,정시,06:00~22:00,,민간,수세식,Y,Y,여자화장실,N,N,,,2026-02-20,I,2026-05-15 18:43:46,2026-02-20 15:50:24
3740000,202437400000101862,개방화장실,법제3조제17호-영제3조제2항제1호,세진셀프세차장,경기도 수원시 권선구 장다리로 2(세류동),경기도 수원시 권선구 세류동 1123,1,1,0,0,0,0,1,0,0,세진셀프세차장,,상시,,,민간,수세식,N,N,,N,N,,,2026-02-20,I,2026-05-15 18:43:46,2026-02-20 15:48:36
3740000,202437400000101863,개방화장실,법제3조제17호-영제3조제2항제1호,성일아파트 상가,경기도 수원시 영통구 인계로 239(매탄동),경기도 수원시 영통구 매탄동 810-4,2,3,0,0,0,0,3,0,0,성일아파트 상가,,상시,,,민간,수세식,Y,Y,여자화장실,N,N,,,2026-02-20,I,2026-05-15 18:43:46,2026-02-20 15:47:35
3740000,202437400000101864,개방화장실,법제3조제17호-영제3조제2항제1호,선일프라자1차빌딩,경기도 수원시 장안구 대평로 90번길 46(정자동),경기도 수원시 장안구  정자동 874-1,2,2,0,0,0,0,2,0,0,선일프라자1차빌딩,,상시,,,민간,수세식,N,N,,N,N,,,2026-02-20,I,2026-05-15 18:43:46,2026-02-20 15:47:07
3740000,202437400000101865,개방화장실,법제3조제17호-영제3조제2항제1호,서호체육센터,경기도 수원시 팔달구 수성로 120(화서동),경기도 수원시 팔달구 화서동 410-6,3,3,0,0,0,0,5,0,0,서호체육센터,,정시,15시간,,민간,수세식,Y,Y,여자화장실,N,N,,,2026-02-20,I,2026-05-15 18:43:46,2026-02-20 15:46:34
3740000,202437400000101866,개방화장실,법제3조제17호-영제3조제2항제1호,상공회의소,경기도 수원시 장안구 수성로 311(정자동),경기도 수원시 장안구 정자동 80-17,1,3,1,0,0,0,3,1,0,상공회의소,,정시,9시간,,민간,수세식,Y,Y,여자화장실,N,N,,,2026-02-20,I,2026-05-15 18:43:46,2026-02-20 15:46:05
3740000,202437400000101867,개방화장실,법제3조제17호-영제3조제2항제1호,삼호종합상가,경기도 수원시 영통구 매탄로 151(매탄동),경기도 수원시 영통구 매탄동 883,3,3,0,0,0,0,3,0,0,삼호종합상가,,정시,16시간,,민간,수세식,Y,Y,여자화장실,N,N,,,2026-02-20,I,2026-05-15 18:43:46,2026-02-20 15:45:28
3740000,202437400000101868,개방화장실,법제3조제17호-영제3조제2항제1호,삼성테크노파크,경기도 수원시 영통구 중부대로 448번길 97(원천동),경기도 수원시 영통구 원천동 471,3,3,0,0,0,0,2,0,0,삼성테크노파크,,상시,,,민간,수세식,Y,Y,여자화장실,N,N,,,2026-02-20,I,2026-05-15 18:43:46,2026-02-20 15:44:58
3740000,202437400000101869,개방화장실,법제3조제17호-영제3조제2항제1호,삼성1차종합상가,경기도 수원시 영통구 인계로 219(매탄동),경기도 수원시 영통구 매탄동 810-3,1,2,0,0,0,0,2,0,0,삼성1차종합상가,,정시,16시간,,민간,수세식,Y,Y,여자화장실,N,N,,,2026-02-20,I,2026-05-15 18:43:46,2026-02-23 16:04:39
3740000,202437400000101871,개방화장실,법제3조제17호-영제3조제2항제1호,블루테라스빌딩,경기도 수원시 권선구 호매실로90번길 116 (호매실동),경기도 수원시 권선구 호매실동 1395-3,3,2,1,0,0,0,3,1,0,블루테라스빌딩,,상시,,,민간,수세식,N,N,,N,Y,여자화장실,,2026-02-20,I,2026-05-15 18:43:46,2026-02-20 15:42:55
3740000,202437400000101872,개방화장실,법제3조제17호-영제3조제2항제1호,아주정문약국,경기도 수원시 영통구 월드컵로 151번길 12(원천동),경기도 수원시 영통구 원천동 67-14,1,1,0,0,0,0,1,0,0,아주정문약국,,상시,,,민간,수세식,Y,Y,여자화장실,N,N,,,2026-02-20,I,2026-05-15 18:43:46,2026-02-23 16:04:23
3740000,202437400000101873,개방화장실,법제3조제17호-영제3조제2항제1호,베스토아빌딩,경기도 수원시 권선구 세권로304번길 62 (권선동),경기도 수원시 권선구 권선동 1296-7,2,2,0,0,0,0,2,0,0,베스토아빌딩,,정시,16시간,,민간,수세식,N,N,,N,N,,,2026-02-20,I,2026-05-15 18:43:46,2026-02-23 16:04:09
3740000,202437400000101874,개방화장실,법제3조제17호-영제3조제2항제1호,백성병원,경기도 수원시 팔달구 인계로 102(인계동),경기도 수원시 팔달구 인계동 1019-2,2,2,0,0,0,0,2,0,0,백성병원,,상시,,,민간,수세식,N,N,,N,N,,,2026-02-20,I,2026-05-15 18:43:46,2026-02-23 16:03:53
3740000,202437400000101875,개방화장실,법제3조제17호-영제3조제2항제1호,밀레니엄플라자,경기도 수원시 영통구 봉영로 1590(영통동),경기도 수원시 영통구 영통동 995-5,3,4,0,0,0,0,3,0,0,밀레니엄플라자,,상시,,,민간,수세식,Y,Y,여자화장실,N,N,,,2026-02-20,I,2026-05-15 18:43:46,2026-02-23 16:03:35
3740000,202437400000101876,개방화장실,법제3조제17호-영제3조제2항제1호,밀레니엄프라자,경기도 수원시 영통구 효원로 393(매탄동),경기도 수원시 영통구 매탄동 1267-5,2,3,0,0,0,0,2,0,0,밀레니엄프라자,,상시,,,민간,수세식,N,N,,N,N,,,2026-02-20,I,2026-05-15 18:43:46,2026-02-23 16:03:11
3740000,202437400000101877,개방화장실,법제3조제17호-영제3조제2항제1호,모던타운,경기도 수원시 영통구 봉영로 1605(영통동),경기도 수원시 영통구 영통동 959-1,2,3,1,0,0,0,2,1,0,모던타운,,상시,,,민간,수세식,Y,Y,여자화장실,N,Y,여자화장실,,2026-02-20,I,2026-05-15 18:43:46,2026-02-23 16:02:56
3740000,202437400000101878,개방화장실,법제3조제17호-영제3조제2항제1호,메가플러스,경기도 수원시 장안구 송원로 81(조원동),경기도 수원시 장안구 조원동 898-1,3,4,0,0,0,0,4,0,0,메가플러스,,상시,,,민간,수세식,Y,Y,여자화장실,N,N,,,2026-02-20,I,2026-05-15 18:43:46,2026-02-23 16:02:41
3740000,202437400000101880,개방화장실,법제3조제17호-영제3조제2항제1호,메가스터디학원,경기도 수원시 권선구 권광로 86 (권선동),경기도 수원시 권선구 권선동 1041-2,1,1,1,0,0,0,1,1,0,메가스터디학원,,정시,13시간,,민간,수세식,Y,Y,여자화장실,N,N,,,2026-02-20,I,2026-05-15 18:43:46,2026-02-23 16:02:24
3740000,202437400000101881,공중화장실,법제3조제3호,망포1동행정복지센터,"경기도 수원시 영통구 영통로89번길 51, 망포1동 행정복지센터 (망포동)",경기도 수원시 영통구 망포동 584-1 망포1동 행정복지센터,0,0,1,1,0,0,0,1,0,망포1동행정복지센터,,정시,평일 09:00~18:00,,공공기관-지방자치단체,수세식,Y,Y,여자화장실,Y,Y,여자화장실,,2026-02-20,I,2026-05-15 18:43:46,2026-02-23 16:02:07
3740000,202437400000101882,개방화장실,법제3조제17호-영제3조제2항제1호,라이프 센터,경기도 수원시 장안구 대평로 90번길 19(정자동),경기도 수원시 장안구 정자동 872-2,3,5,0,0,0,0,4,0,0,라이프 센터,,상시,,,민간,수세식,Y,Y,여자화장실,N,N,,,2026-02-20,I,2026-05-15 18:43:46,2026-02-23 16:01:50
3740000,202437400000101883,개방화장실,법제3조제17호-영제3조제2항제1호,딜라이트타워,경기도 수원시 권선구 금곡로 213 (금곡동),경기도 수원시 권선구 금곡동 1114,3,3,1,0,0,0,4,1,0,딜라이트타워,,상시,,,민간,수세식,Y,Y,여자화장실,N,N,,,2026-02-20,I,2026-05-15 18:43:46,2026-02-23 16:01:30
3740000,202437400000101884,개방화장실,법제3조제17호-영제3조제2항제1호,드림피아빌딩,경기도 수원시 영통구 봉영로 1623(영통동),경기도 수원시 영통구 영통동 958-1,3,3,1,0,0,0,3,1,0,드림피아빌딩,,상시,,,민간,수세식,Y,Y,여자화장실,N,N,,,2026-02-20,I,2026-05-15 18:43:46,2026-02-23 16:01:07
3740000,202437400000101885,개방화장실,법제3조제17호-영제3조제2항제1호,동아프라자,경기도 수원시 영통구 매영로 345번길 95(영통동),경기도 수원시 영통구 영통동 961-4,2,2,0,0,0,0,3,0,0,동아프라자,,상시,,,민간,수세식,N,N,,N,N,,,2026-02-20,I,2026-05-15 18:43:46,2026-02-23 16:00:38
3740000,202437400000101886,개방화장실,법제3조제17호-영제3조제2항제1호,동수원빌딩,경기도 수원시 팔달구 경수대로 549(인계동),경기도 수원시 팔달구 인계동 955-1,3,3,0,0,0,0,3,0,0,동수원빌딩,,상시,,,민간,수세식,Y,Y,여자화장실,N,N,,,2026-02-20,I,2026-05-15 18:43:46,2026-02-23 16:00:25
3740000,202437400000101888,개방화장실,법제3조제17호-영제3조제2항제1호,다모아프라자,경기도 수원시 영통구 봉영로 1587(영통동),경기도 수원시 영통구 영통동 959-4,3,4,0,0,0,0,2,0,0,다모아프라자,,상시,,,민간,수세식,N,N,,N,N,,,2026-02-20,I,2026-05-15 18:43:46,2026-02-23 16:00:09
3740000,202437400000101889,개방화장실,법제3조제17호-영제3조제2항제1호,뉴 월드프라자,경기도 수원시 영통구 봉영로 1569(영통동),경기도 수원시 영통구 영통동 960-3,2,3,0,0,0,0,2,2,0,뉴 월드프라자,,상시,,,민간,수세식,N,N,,N,Y,여자화장실,,2026-02-20,I,2026-05-15 18:43:46,2026-02-23 15:59:55
3740000,202437400000101890,개방화장실,법제3조제17호-영제3조제2항제1호,나눔프라자,경기도 수원시 권선구 동수원로242번길 6(권선동),경기도 수원시 권선구 권선동 1296-2,5,5,0,0,0,0,6,0,0,나눔프라자,,상시,,,민간,수세식,N,N,,N,N,,,2026-02-20,I,2026-05-15 18:43:46,2026-02-23 15:59:39
3740000,202437400000101891,개방화장실,법제3조제17호-영제3조제2항제1호,기와집,경기도 수원시 권선구 서수원로594번길 260 (입북동),경기도 수원시 권선구 입북동 631-7,1,1,0,0,0,0,1,0,0,기와집,,상시,,,민간,수세식,Y,Y,여자화장실,N,N,,,2026-02-20,I,2026-05-15 18:43:46,2026-02-23 15:59:12
3740000,202437400000101892,개방화장실,법제3조제17호-영제3조제2항제1호,근로자 종합복지관,경기도 수원시 장안구 덕영대로 559(천천동),경기도 수원시 장안구 천천동 522,2,3,0,0,0,0,4,0,0,근로자 종합복지관,,정시,18시간,,민간,수세식,Y,Y,여자화장실,Y,N,,,2026-02-20,I,2026-05-15 18:43:46,2026-02-23 15:58:57
3740000,202437400000101893,개방화장실,법제3조제17호-영제3조제2항제1호,권선시장,경기도 수원시 권선구 세권로 185(권선동),경기도 수원시 권선구 권선동 1051,5,5,0,0,0,0,6,0,0,권선시장,,정시,16시간,,민간,수세식,N,N,,Y,Y,여자화장실,,2026-02-20,I,2026-05-15 18:43:46,2026-02-23 15:58:35
3740000,202437400000101897,개방화장실,법제3조제17호-영제3조제2항제1호,광교에일린의뜰단지내상가,경기도 수원시 영통구 광교호수공원로 155(원천동),경기도 수원시 영통구 원천동 590,2,2,0,0,0,0,3,0,0,광교에일린의뜰단지내상가,,상시,,,민간,수세식,Y,Y,여자화장실,N,N,,,2026-02-20,I,2026-05-15 18:43:46,2026-02-23 15:58:20
3740000,202437400000101898,개방화장실,법제3조제17호-영제3조제2항제1호,광교서희스타힐스,경기도 수원시 영통구 센트럴타운로 111(이의동),경기도 수원시 영통구 이의동 1330,2,3,0,0,0,0,3,1,0,광교서희스타힐스,,상시,,,민간,수세식,N,N,,N,Y,여자화장실,,2026-02-20,I,2026-05-15 18:43:46,2026-02-23 15:58:07
3740000,202437400000101899,개방화장실,법제3조제17호-영제3조제2항제1호,골든스퀘어,경기도 수원시 영통구 영통로 195(망포동),경기도 수원시 영통구 망포동 322-3,4,6,2,0,0,0,6,0,0,골든스퀘어,,정시,18시간,,민간,수세식,N,N,,N,N,,,2026-02-20,I,2026-05-15 18:43:46,2026-02-23 15:57:50
3740000,202437400000101900,개방화장실,법제3조제17호-영제3조제2항제1호,경기도 새마을회,경기도 팔달구 효원로 295(인계동),경기도 수원시 팔달구 인계동 1122-12,1,2,1,0,0,0,1,1,0,경기도 새마을회,,정시,18시간,,민간,수세식,N,N,,N,N,,,2026-02-20,I,2026-05-15 18:43:46,2026-02-23 15:57:35
3740000,202437400000101901,개방화장실,법제3조제17호-영제3조제2항제1호,W타워,경기도 영통구 센트럴타운로 103(이의동),경기도 수원시 영통구 이의동 1330-1,4,3,2,2,0,0,4,2,0,W타워,,정시,18시간,,민간,수세식,N,N,,N,N,,,2026-02-20,I,2026-05-15 18:43:46,2026-02-23 15:54:48
3740000,202437400000101902,개방화장실,법제3조제17호-영제3조제2항제1호,LG빌리지종합상가,경기도 수원특례시 권선구 금곡로73번길 33,경기도 수원시 권선구 금곡동 530,3,3,0,0,0,0,3,0,0,LG빌리지종합상가,,정시,18시간,,민간,수세식,N,N,,N,N,,,2026-02-20,I,2026-05-15 18:43:46,2026-02-23 15:54:29
3740000,202437400000101903,개방화장실,법제3조제17호-영제3조제2항제1호,e타운1빌딩,경기도 수원시 영통구 태장로 77 (망포동),경기도 수원시 영통구 망포동 381-2,3,4,0,0,0,0,4,0,0,e타운1빌딩,,정시,18시간,,민간,수세식,N,N,,N,N,,,2026-02-20,I,2026-05-15 18:43:46,2026-02-23 15:54:14
3740000,202437400000101904,개방화장실,법제3조제17호-영제3조제2항제1호,(사)한국노총,경기도 수원시 경수대로1081번길 12-4,경기도 수원시 권선구 탑동 903,2,4,0,0,0,0,4,0,0,(사)한국노총,,정시,12시간,,민간,수세식,N,N,,N,N,,,2026-02-20,I,2026-05-15 18:43:46,2026-02-23 15:53:56
3740000,202437400000101905,공중화장실,법제3조제1호,영흥수목원 전시온실,경기도 수원시 영통구 영통로 435,경기도 수원시 영통구 영통동 36-3,2,3,1,1,0,0,5,1,0,공원녹지사업소 수목원과,,정시,09:00~17:00,,공공기관-지방자치단체,수세식,Y,Y,여자화장실,N,N,,,2026-02-20,I,2026-05-15 18:43:46,2026-02-23 15:53:35
3740000,202437400000101906,공중화장실,법제3조제1호,영흥수목원 야외,경기도 수원시 영통구 영통로 435,경기도 수원시 영통구 영통동 36-3,3,5,1,1,0,0,7,1,0,공원녹지사업소 수목원과,,정시,09:00~17:00,,공공기관-지방자치단체,수세식,Y,Y,여자화장실,N,N,,,2026-02-20,I,2026-05-15 18:43:46,2026-02-23 15:53:17
3740000,202437400000101907,공중화장실,법제3조제1호,일월수목원전시온실,경기도 수원시 장안구 일월로 61,경기도 수원시 장안구 천천동 430,3,5,1,1,0,0,7,1,0,공원녹지사업소 수목원과,,정시,09:00~17:00,,공공기관-지방자치단체,수세식,Y,Y,여자화장실,N,Y,여자화장실,,2026-02-20,I,2026-05-15 18:43:46,2026-02-23 15:53:00
3740000,202437400000101908,개방화장실,법제3조제17호-영제3조제2항제1호,용현빌딩,경기도 수원시 팔달구 중부대로15(영동),경기도 수원시 팔달구 영동 42-1,2,2,0,0,0,0,3,0,0,용현빌딩,,정시,18시간,,민간,수세식,N,N,,N,Y,여자화장실,,2026-02-20,I,2026-05-15 18:43:46,2026-02-23 15:51:25
3740000,202437400000101909,개방화장실,법제3조제17호-영제3조제2항제1호,라퍼스트,경기도 수원시 권선구 곡반정로160(곡반정동),경기도 수원시 권선구 곡반정동 653,2,4,0,0,0,0,4,0,0,라퍼스트,,정시,18시간,,민간,수세식,N,N,,N,N,,,2026-02-20,I,2026-05-15 18:43:46,2026-02-23 15:51:09
3740000,202437400000101910,개방화장실,법제3조제17호-영제3조제2항제1호,구천동 공구시장,경기도 수원시 팔달구 수원천로 211(구천동),경기도 수원시 팔달구 구천동 46-27,2,2,0,0,0,0,3,0,0,구천동상인회,,정시,12시간,,민간,수세식,N,N,,N,N,,,2026-02-20,I,2026-05-15 18:43:46,2026-02-23 15:46:54
3740000,202437400000101911,개방화장실,법제3조제17호-영제3조제2항제1호,스타타워,경기도 수원시 권선구 금곡로197번길 13,경기도 수원시 권선구 금곡동 1112-1,2,3,1,0,0,0,4,1,0,스타타워,,상시,,,민간,수세식,N,N,,N,Y,여자화장실,,2026-02-20,I,2026-05-15 18:43:46,2026-02-23 15:46:01
3740000,202437400000101912,개방화장실,법제3조제17호-영제3조제2항제1호,선명빌딩,경기도 수원시 팔달구 경수대로 672,경기도 수원시 팔달구 우만동 490-6,2,3,0,0,0,0,3,0,0,선명빌딩,,정시,16시간,,민간,수세식,N,N,,Y,N,,,2026-02-20,I,2026-05-15 18:43:46,2026-02-23 15:45:44
3740000,202437400000101913,개방화장실,법제3조제17호-영제3조제2항제1호,수병원,경기도 수원시 팔달구 경수대로 613,경기도 수원시 팔달구 지동 481-4,3,4,1,0,0,0,7,1,0,수병원,,상시,,,민간,수세식,N,N,,Y,Y,여자화장실,,2026-02-20,I,2026-05-15 18:43:46,2026-02-23 15:45:26
3740000,202437400000101914,개방화장실,법제3조제17호-영제3조제2항제1호,성보빌딩,경기도 수원시 팔달구 정자천로14번길 56,경기도 수원시 팔달구 화서동 723-5,2,2,0,0,0,0,3,0,0,성보빌딩,,상시,,,민간,수세식,N,N,,Y,N,,,2026-02-20,I,2026-05-15 18:43:46,2026-02-23 15:44:52
3740000,202437400000101915,개방화장실,법제3조제17호-영제3조제2항제1호,스타프라움,경기도 수원시 영통구 영통로 157,경기도 수원시 영통구 망포동 369-3,4,6,2,0,0,0,8,2,0,스타프라움,,상시,,,민간,수세식,N,N,,Y,Y,여자화장실,,2026-02-20,I,2026-05-15 18:43:46,2026-02-23 15:44:34
3740000,202437400000101916,개방화장실,법제3조제17호-영제3조제2항제1호,대영프라자,경기도 수원시 장안구 경수대로1082-7,경기도 수원시 장안구 경수대로1082-7,2,4,1,0,0,0,4,1,0,대영프라자,,상시,,,민간,수세식,N,N,,Y,Y,여자화장실,,2026-02-20,I,2026-05-15 18:43:46,2026-02-23 15:44:15
3740000,202437400000101917,개방화장실,법제3조제17호-영제3조제2항제1호,카페 에뚜알,경기도 수원시 권선구 칠보로 200,경기도 수원시 권선구 호매실동,3,3,1,0,0,0,2,0,0,카페에뚜알,,정시,11시간30분,,민간,수세식,N,N,,Y,Y,여자화장실,,2026-02-20,I,2026-05-15 18:43:46,2026-02-23 15:43:47
3740000,202437400000101918,개방화장실,법제3조제17호-영제3조제2항제1호,녹색교통회관,경기도 수원시 팔달구 일월로22번길23,경기도 수원시 팔달구 화서동 717,8,5,1,0,0,0,5,1,0,녹색교통회관,,정시,16시간,,민간,수세식,N,N,,Y,Y,여자화장실,,2026-02-20,I,2026-05-15 18:43:46,2026-02-23 15:43:30
