개방자치단체코드,관리번호,설치장소명,설치장소상세,설치시도명,설치시군구명,설치시설구분명,서비스제공사명,와이파이SSID,설치연월,소재지도로명주소,소재지지번주소,관리기관명,관리기관전화번호,WGS84위도,WGS84경도,데이터기준일자,데이터갱신구분,데이터갱신시점,최종수정시점
3740000,202637400000700871,구세군장애인재활작업장,경기도 수원시 권선구 세류동 675-9,경기도,수원시,서민·복지시설,SKB,Public WiFi Free,201301,경기도 수원시 권선구 새터로37번길 7-9(세류동),경기도 수원시 권선구 세류동 675-9,통신사,031-5191-2299,37.25282954,127.0062582,2026-05-12,I,2026-05-15 18:45:29,2026-05-12 16:18:07
3740000,202637400000700872,연무사회복지관,경기도 수원시 장안구 연무동 260-34,경기도,수원시,서민·복지시설,KT,Public WiFi Free,201401,경기도 수원시 장안구 창룡대로 151번길 8,경기도 수원시 장안구 연무동 260-34,통신사,031-5191-2299,37.2918,127.0267,2026-05-12,I,2026-05-15 18:45:29,2026-05-12 16:18:07
3740000,202637400000700873,수원시근로자종합복지관,경기도 수원시 장안구 천천동 522번지,경기도,수원시,서민·복지시설,LGU+,Public WiFi Free,201401,경기도 수원시 장안구 덕영대로 559(천천동),경기도 수원시 장안구 천천동 522번지,통신사,031-5191-2299,37.29495742,126.9821353,2026-05-12,I,2026-05-15 18:45:29,2026-05-12 16:18:07
3740000,202637400000700874,수원역.AK프라자(03017),경기도 수원시 팔달구 매산로1가 18,경기도,수원시,교통시설,KT,Public WiFi Free,201501,경기도 수원시 팔달구 덕영대로 924,경기도 수원시 팔달구 매산로1가 18,통신사,031-5191-2299,37.26567858,127.0000947,2026-05-12,I,2026-05-15 18:45:29,2026-05-12 16:18:07
3740000,202637400000700875,매산시장(03164),경기도 수원시 팔달구 매산로2가 90,경기도,수원시,교통시설,KT,Public WiFi Free,201501,경기도 수원시 팔달구 권선로 477,경기도 수원시 팔달구 매산로2가 90,통신사,031-5191-2299,37.26457205,127.003355,2026-05-12,I,2026-05-15 18:45:29,2026-05-12 16:18:07
3740000,202637400000700876,팔달문_2(03051),경기도 수원시 팔달구 팔달로2가 112-2 팔달문,경기도,수원시,교통시설,KT,Public WiFi Free,201501,경기도 수원시 팔달구 정조로 789,경기도 수원시 팔달구 팔달로2가 112-2,통신사,031-5191-2299,37.27803976,127.0161107,2026-05-12,I,2026-05-15 18:45:29,2026-05-12 16:18:07
3740000,202637400000700877,팔달문_3(03133),경기도 수원시 팔달구 팔달로2가 47-12 팔달문,경기도,수원시,교통시설,KT,Public WiFi Free,201501,경기도 수원시 팔달구 정조로 777,경기도 수원시 팔달구 팔달로2가 47-12,통신사,031-5191-2299,37.27780533,127.0172427,2026-05-12,I,2026-05-15 18:45:29,2026-05-12 16:18:07
3740000,202637400000700878,수원시청역2번출구.벽산그랜드(03089),경기도 수원시 팔달구 인게동 1125-2,경기도,수원시,교통시설,KT,Public WiFi Free,201501,경기도 수원시 팔달구 권광로 146(인계동),경기도 수원시 팔달구 인게동 1125-2,통신사,031-5191-2299,37.26046266,127.0318576,2026-05-12,I,2026-05-15 18:45:29,2026-05-12 16:18:07
3740000,202637400000700879,수원버스터미널(02214),경기도 수원시 권선구 권선2동 1189,경기도,수원시,교통시설,KT,Public WiFi Free,201501,경기도 수원시 권선구 경수대로 270,경기도 수원시 권선구 권선2동 1189,통신사,031-5191-2299,37.25137546,127.0204423,2026-05-12,I,2026-05-15 18:45:29,2026-05-12 16:18:07
3740000,202637400000700880,광교종합사회복지관,경기도 수원시 영통구 이의동 1259-4번지,경기도,수원시,서민·복지시설,KT,Public WiFi Free,201501,경기도 수원시 영통구 대학2로 41(이의동),경기도 수원시 영통구 이의동 1259-4번지,통신사,031-5191-2299,37.29934663,127.0466448,2026-05-12,I,2026-05-15 18:45:29,2026-05-12 16:18:07
3740000,202637400000700881,늘봄실버밸리요양원,경기도 수원시 권선구 권선동 945-1번지,경기도,수원시,서민·복지시설,KT,Public WiFi Free,201501,경기도 수원시 권선구 세지로126번길 47-22(권선동),경기도 수원시 권선구 권선동 945-1번지,통신사,031-5191-2299,37.26310298,127.0229347,2026-05-12,I,2026-05-15 18:45:29,2026-05-12 16:18:07
3740000,202637400000700882,니도그룹홈,경기도 수원시 영통구 매탄동 231-87번지 3층 302호,경기도,수원시,서민·복지시설,KT,Public WiFi Free,201501,경기도 수원시 영통구 신남로29번길 7(매탄동),경기도 수원시 영통구 매탄동 231-87번지,통신사,031-5191-2299,37.265707,127.048536,2026-05-12,I,2026-05-15 18:45:29,2026-05-12 16:18:07
3740000,202637400000700883,로뎀요양원,경기도 수원시 권선구 권선동 1048번지,경기도,수원시,서민·복지시설,KT,Public WiFi Free,201501,경기도 수원시 권선구 세권로195번길 20-4(권선동),경기도 수원시 권선구 권선동 1048번지,통신사,031-5191-2299,37.25604536,127.0261024,2026-05-12,I,2026-05-15 18:45:29,2026-05-12 16:18:07
3740000,202637400000700884,마르따의집,경기도 수원시 장안구 천천동 569번지 일성아파트 502-204,경기도,수원시,서민·복지시설,KT,Public WiFi Free,201501,경기도 수원시 장안구 정자로19번길 18(천천동),경기도 수원시 장안구 천천동 569번지,통신사,031-5191-2299,37.30069117,126.979409,2026-05-12,I,2026-05-15 18:45:29,2026-05-12 16:18:07
3740000,202637400000700885,몬띠의집,경기도 수원시 장안구 천천동 569번지 일성아파트 505-207,경기도,수원시,서민·복지시설,KT,Public WiFi Free,201501,경기도 수원시 장안구 정자로19번길 19(천천동),경기도 수원시 장안구 천천동 569번지,통신사,031-5191-2299,37.300584,126.979405,2026-05-12,I,2026-05-15 18:45:29,2026-05-12 16:18:07
3740000,202637400000700886,브솔그룹홈,경기도 수원시 영통구 매탄2동 1211-1번지 금성아파트 102-105,경기도,수원시,서민·복지시설,KT,Public WiFi Free,201501,경기도 수원시 영통구 동탄원천로 1089(매탄동),경기도 수원시 영통구 매탄2동 1211-1번지,통신사,031-5191-2299,37.26783904,127.0551712,2026-05-12,I,2026-05-15 18:45:29,2026-05-12 16:18:07
3740000,202637400000700887,수원시장애인종합복지관,경기도 수원시 영통구 이의동 1088-13,경기도,수원시,서민·복지시설,KT,Public WiFi Free,201501,경기도 수원시 영통구 창룡대로 255(이의동),경기도 수원시 영통구 이의동 1088-13,통신사,031-5191-2299,37.29554796,127.0360499,2026-05-12,I,2026-05-15 18:45:29,2026-05-12 16:18:07
3740000,202637400000700888,수원시오목천동장애인주간보호시설,경기도 수원시 권선구 오목천동 197번지,경기도,수원시,서민·복지시설,KT,Public WiFi Free,201501,경기도 수원시 권선구 서수원로 124(오목천동),경기도 수원시 권선구 오목천동 197번지,통신사,031-5191-2299,37.23888549,126.9722446,2026-05-12,I,2026-05-15 18:45:29,2026-05-12 16:18:07
3740000,202637400000700889,수원권선지역아동센터,경기도 수원시 권선구 권선1동 954-1,경기도,수원시,서민·복지시설,KT,Public WiFi Free,201501,경기도 수원시 권선구 세지로112번길 25-22(권선동),경기도 수원시 권선구 권선1동 954-1,통신사,031-5191-2299,37.2622419,127.0212209,2026-05-12,I,2026-05-15 18:45:29,2026-05-12 16:18:07
3740000,202637400000700890,호매실장애인종합복지관,경기도 수원시 권선구 호매실동 1385번지,경기도,수원시,서민·복지시설,KT,Public WiFi Free,201501,경기도 수원시 권선구 호매실로 211(호매실동),경기도 수원시 권선구 호매실동 1385번지,통신사,031-5191-2299,37.26316936,126.9566874,2026-05-12,I,2026-05-15 18:45:29,2026-05-12 16:18:07
3740000,202637400000700891,한국장애인교육문화협회 수원시지회,경기도 수원시 영통구 매탄3동 1169-4번지,경기도,수원시,서민·복지시설,KT,Public WiFi Free,201501,경기도 수원시 영통구 매탄로 53-1(매탄동),경기도 수원시 영통구 매탄3동 1169-4번지,통신사,031-5191-2299,37.25615662,127.0405717,2026-05-12,I,2026-05-15 18:45:29,2026-05-12 16:18:07
3740000,202637400000700892,수원시장애인심부름센터,경기도 수원시 권선구 호매실동 1385번지,경기도,수원시,서민·복지시설,KT,Public WiFi Free,201501,경기도 수원시 권선구 호매실로 211(호매실동),경기도 수원시 권선구 호매실동 1385번지,통신사,031-5191-2299,37.26316936,126.9566874,2026-05-12,I,2026-05-15 18:45:29,2026-05-12 16:18:07
3740000,202637400000700893,서호체육센터,경기도 수원시 팔달구 화서2동 410-6번지,경기도,수원시,편의시설,KT,Public WiFi Free,201501,경기도 수원시 팔달구 수성로 120(화서동),경기도 수원시 팔달구 화서2동 410-6번지,통신사,031-5191-2299,37.28420684,126.9867613,2026-05-12,I,2026-05-15 18:45:29,2026-05-12 16:18:07
3740000,202637400000700894,장안구청 광장,경기도 수원시 장안구 조원동 888,경기도,수원시,관공서,KT,PublicWiFi@Suwon,201701,경기도 수원시 장안구 송원로 101(조원동),경기도 수원시 장안구 조원동 888,장안구 정보통신팀,031-5191-2299,37.30338127,127.0096236,2026-05-12,I,2026-05-15 18:45:29,2026-05-12 16:18:07
3740000,202637400000700895,매탄공원,경기도 수원시 영통구 매탄동 811,경기도,수원시,편의시설,KT,PublicWiFi@Suwon,201801,경기도 수원시 영통구 매탄로 185 (매탄동),경기도 수원시 영통구 매탄동 811,디지털정책과,031-5191-2299,37.267825,127.0458181,2026-05-12,I,2026-05-15 18:45:29,2026-05-12 16:18:07
3740000,202637400000700896,황새말공원,경기도 수원시 팔달구 화서동 714,경기도,수원시,편의시설,KT,PublicWiFi@Suwon,201801,,경기도 수원시 팔달구 화서동 714,디지털정책과,031-5191-2299,37.28686943,126.9804547,2026-05-12,I,2026-05-15 18:45:29,2026-05-12 16:18:07
3740000,202637400000700897,숙지공원,경기도 수원시 팔달구 화서동 264,경기도,수원시,편의시설,KT,PublicWiFi@Suwon,201801,,경기도 수원시 팔달구 화서동 264,디지털정책과,031-5191-2299,37.286524,126.981222,2026-05-12,I,2026-05-15 18:45:29,2026-05-12 16:18:07
3740000,202637400000700898,청소년문화공원,경기도 수원시 팔달구 인계동 349,경기도,수원시,편의시설,KT,PublicWiFi@Suwon,201801,,경기도 수원시 팔달구 인계동 349,디지털정책과,031-5191-2299,37.274526,127.033745,2026-05-12,I,2026-05-15 18:45:29,2026-05-12 16:18:07
3740000,202637400000700899,풍림아파트(01083),경기도 수원시 장안구 정자동 872-6,경기도,수원시,교통시설,KT,PublicWiFi@Suwon,201801,,경기도 수원시 장안구 정자동 872-6,디지털정책과,031-5191-2299,37.298354,126.992429,2026-05-12,I,2026-05-15 18:45:29,2026-05-12 16:18:07
3740000,202637400000700900,탑동초등학교.삼성아파트(02103),경기도 수원시 권선구 탑동 758-4,경기도,수원시,교통시설,KT,PublicWiFi@Suwon,201801,경기도 수원시 권선구 금호로 224-1 (탑동),경기도 수원시 권선구 탑동 758-4,디지털정책과,031-5191-2299,37.27510436,126.9746352,2026-05-12,I,2026-05-15 18:45:29,2026-05-12 16:18:07
3740000,202637400000700901,우방아파트(02104),경기도 수원시 권선구 탑동 861-1,경기도,수원시,교통시설,KT,PublicWiFi@Suwon,201801,경기도 수원시 권선구 하탑로 30 (탑동),경기도 수원시 권선구 탑동 861-1,디지털정책과,031-5191-2299,37.26861332,126.9749125,2026-05-12,I,2026-05-15 18:45:29,2026-05-12 16:18:07
3740000,202637400000700902,수원역(03022),경기도 수원시 팔달구 매산로1가 18,경기도,수원시,교통시설,KT,PublicWiFi@Suwon,201801,경기도 수원시 팔달구 덕영대로 924 (매산로1가),경기도 수원시 팔달구 매산로1가 18,디지털정책과,031-5191-2299,37.26567858,127.0000947,2026-05-12,I,2026-05-15 18:45:29,2026-05-12 16:18:07
3740000,202637400000700903,아주대입구.우리은행(03132),경기도 수원시 팔달구 우만동 89-5,경기도,수원시,교통시설,KT,PublicWiFi@Suwon,201801,경기도 수원시 팔달구 중부대로 229 (우만동),경기도 수원시 팔달구 우만동 89-5,디지털정책과,031-5191-2299,37.2755067,127.0425439,2026-05-12,I,2026-05-15 18:45:29,2026-05-12 16:18:07
3740000,202637400000700904,그대가프리미어아파트.망포역3번출구(04072),경기도 수원시 영통구 망포동 309-9,경기도,수원시,교통시설,KT,PublicWiFi@Suwon,201801,,경기도 수원시 영통구 망포동 309-9,디지털정책과,031-5191-2299,37.244997,127.056104,2026-05-12,I,2026-05-15 18:45:29,2026-05-12 16:18:07
3740000,202637400000700905,황골마을(04166),경기도 수원시 영통구 영통동 945-1,경기도,수원시,교통시설,KT,PublicWiFi@Suwon,201801,,경기도 수원시 영통구 영통동 945-1,디지털정책과,031-5191-2299,37.2672941,127.0813943,2026-05-12,I,2026-05-15 18:45:29,2026-05-12 16:18:07
3740000,202637400000700906,동수원우체국.삼성래미안(03166),경기도 수원시 팔달구 인계동 465-2,경기도,수원시,교통시설,KT,PublicWiFi@Suwon,201801,경기도 수원시 팔달구 인계로 143 (인계동),경기도 수원시 팔달구 인계동 465-2,디지털정책과,031-5191-2299,37.26722361,127.0335606,2026-05-12,I,2026-05-15 18:45:29,2026-05-12 16:18:07
3740000,202637400000700907,영덕고등학교.영통역(04132),경기도 수원시 영통구 영통동 961-7,경기도,수원시,교통시설,KT,PublicWiFi@Suwon,201801,경기도 수원시 영통구 매영로 333 (영통동),경기도 수원시 영통구 영통동 961-7,디지털정책과,031-5191-2299,37.252354,127.069823,2026-05-12,I,2026-05-15 18:45:29,2026-05-12 16:18:08
3740000,202637400000700908,태평양화학.삼성전자입구(04123),경기도 수원시 영통구 원천동 603-5,경기도,수원시,교통시설,KT,PublicWiFi@Suwon,201801,,경기도 수원시 영통구 원천동 603-5,디지털정책과,031-5191-2299,37.26915591,127.0665592,2026-05-12,I,2026-05-15 18:45:29,2026-05-12 16:18:08
3740000,202637400000700909,신나무실아파트(04120),경기도 수원시 영통구 영통동 965-2,경기도,수원시,교통시설,KT,PublicWiFi@Suwon,201801,경기도 수원시 영통구 매영로310번길 27 (영통동),경기도 수원시 영통구 영통동 965-2,디지털정책과,031-5191-2299,37.25259127,127.0663418,2026-05-12,I,2026-05-15 18:45:29,2026-05-12 16:18:08
3740000,202637400000700910,성균관대역(01015),경기도 수원시 장안구 율전동 291-3,경기도,수원시,교통시설,KT,PublicWiFi@Suwon,201801,경기도 수원시 장안구 서부로 2129 (율전동),경기도 수원시 장안구 율전동 291-3,디지털정책과,031-5191-2299,37.29857744,126.9712618,2026-05-12,I,2026-05-15 18:45:29,2026-05-12 16:18:08
3740000,202637400000700911,성균관대학교(01013),경기도 수원시 장안구 율전동 433-67,경기도,수원시,교통시설,KT,PublicWiFi@Suwon,201801,경기도 수원시 장안구 서부로 2112 (율전동),경기도 수원시 장안구 율전동 433-67,디지털정책과,031-5191-2299,37.29705284,126.9710413,2026-05-12,I,2026-05-15 18:45:29,2026-05-12 16:18:08
3740000,202637400000700912,웃거리(02120),경기도 수원시 권선구 구운동 507-18,경기도,수원시,교통시설,KT,PublicWiFi@Suwon,201801,경기도 수원시 권선구 수인로 191 (구운동),경기도 수원시 권선구 구운동 507-18,디지털정책과,031-5191-2299,37.27663334,126.9788021,2026-05-12,I,2026-05-15 18:45:29,2026-05-12 16:18:08
3740000,202637400000700913,구운중학교(02110),경기도 수원시 권선구 탑동 759-11,경기도,수원시,교통시설,KT,PublicWiFi@Suwon,201801,경기도 수원시 권선구 금호로 242 (탑동),경기도 수원시 권선구 탑동 759-11,디지털정책과,031-5191-2299,37.27546155,126.9764888,2026-05-12,I,2026-05-15 18:45:29,2026-05-12 16:18:08
3740000,202637400000700914,매여울공원,경기도 수원시 영통구 매탄동 1338,경기도,수원시,편의시설,KT,PublicWiFi@Suwon,201801,경기도 수원시 영통구 효원로 408 (매탄동),경기도 수원시 영통구 매탄동 1338,디지털정책과,031-5191-2299,37.25698081,127.0438276,2026-05-12,I,2026-05-15 18:45:29,2026-05-12 16:18:08
3740000,202637400000700915,선주리들공원,경기도 수원시 영통구 매탄동 1345,경기도,수원시,편의시설,KT,PublicWiFi@Suwon,201801,,경기도 수원시 영통구 매탄동 1345,디지털정책과,031-5191-2299,37.25604727,127.0439939,2026-05-12,I,2026-05-15 18:45:29,2026-05-12 16:18:08
3740000,202637400000700916,황골공원,경기도 수원시 영통구 영통동 948-2,경기도,수원시,편의시설,KT,PublicWiFi@Suwon,201801,경기도 수원시 영통구 영통로 530 (영통동),경기도 수원시 영통구 영통동 948-2,디지털정책과,031-5191-2299,37.26636251,127.0785928,2026-05-12,I,2026-05-15 18:45:29,2026-05-12 16:18:08
3740000,202637400000700917,광교푸른숲도서관,경기도 수원시 영통구 하동 1024,경기도,수원시,교육시설,KT,PublicWiFi@Suwon,201801,경기도 수원시 영통구 광교호수로 131,경기도 수원시 영통구 하동 1024,도서관사업소,031-5191-2299,37.28095579,127.0668177,2026-05-12,I,2026-05-15 18:45:29,2026-05-12 16:18:08
3740000,202637400000700918,매여울도서관,경기도 수원시 영통구 매탄동 1268,경기도,수원시,교육시설,KT,PublicWiFi@Suwon,201801,경기도 수원시 영통구 효원로 415,경기도 수원시 영통구 매탄동 1268,도서관사업소,031-5191-2299,37.25932937,127.0473596,2026-05-12,I,2026-05-15 18:45:29,2026-05-12 16:18:08
3740000,202637400000700919,망포글빛도서관,경기도 수원시 영통구 망포동 84-5,경기도,수원시,교육시설,KT,PublicWiFi@Suwon,201901,경기도 수원시 영통구 망포로100,경기도 수원시 영통구 망포동 84-5,도서관사업소,031-5191-2299,37.2406609,127.0443591,2026-05-12,I,2026-05-15 18:45:29,2026-05-12 16:18:08
3740000,202637400000700920,밤밭청개구리공원,경기도 수원시 장안구 율전동 124-1,경기도,수원시,편의시설,KT,PublicWiFi@Suwon,201901,경기도 수원시 장안구 상률로 37-18 (율전동),경기도 수원시 장안구 율전동 124-1,디지털정책과,031-5191-2299,37.306908,126.971511,2026-05-12,I,2026-05-15 18:45:29,2026-05-12 16:18:08
3740000,202637400000700921,청정공원,경기도 수원시 권선구 권선동 1198,경기도,수원시,편의시설,KT,PublicWiFi@Suwon,201901,경기도 수원시 권선구 덕영대로1207번길 26-6 (권선동),경기도 수원시 권선구 권선동 1198,디지털정책과,031-5191-2299,37.249758,127.023086,2026-05-12,I,2026-05-15 18:45:29,2026-05-12 16:18:08
3740000,202637400000700922,마중공원,경기도 수원시 권선구 권선동 1348,경기도,수원시,편의시설,KT,PublicWiFi@Suwon,201901,경기도 수원시 권선구 경수대로 88 (권선동),경기도 수원시 권선구 권선동 1348,디지털정책과,031-5191-2299,37.236487,127.021208,2026-05-12,I,2026-05-15 18:45:29,2026-05-12 16:18:08
3740000,202637400000700923,여기산공원,경기도 수원시 권선구 서둔동 256,경기도,수원시,편의시설,KT,PublicWiFi@Suwon,201901,경기도 수원시 권선구 여기산로26번길 30 (서둔동),경기도 수원시 권선구 서둔동 256,디지털정책과,031-5191-2299,37.28081077,126.9799827,2026-05-12,I,2026-05-15 18:45:29,2026-05-12 16:18:08
3740000,202637400000700924,일월공원,경기도 수원시 장안구 천천동 442-2,경기도,수원시,편의시설,KT,PublicWiFi@Suwon,201901,경기도 수원시 장안구 일월천로 77,경기도 수원시 장안구 천천동 442-2,디지털정책과,031-5191-2299,37.285964,126.976331,2026-05-12,I,2026-05-15 18:45:29,2026-05-12 16:18:08
3740000,202637400000700925,매화공원,경기도 수원시 영통구 매탄동 1317,경기도,수원시,편의시설,KT,PublicWiFi@Suwon,201901,,경기도 수원시 영통구 매탄동 1317,디지털정책과,031-5191-2299,37.26086455,127.0478521,2026-05-12,I,2026-05-15 18:45:29,2026-05-12 16:18:08
3740000,202637400000700926,망포공원,경기도 수원시 영통구 망포동 358,경기도,수원시,편의시설,KT,PublicWiFi@Suwon,201901,,경기도 수원시 영통구 망포동 358,디지털정책과,031-5191-2299,37.242553,127.057707,2026-05-12,I,2026-05-15 18:45:29,2026-05-12 16:18:08
3740000,202637400000700927,지성공원,경기도 수원시 영통구 망포동 755,경기도,수원시,편의시설,KT,PublicWiFi@Suwon,201901,경기도 수원시 영통구 동탄지성로 520,경기도 수원시 영통구 망포동 755,디지털정책과,031-5191-2299,37.23882922,127.0463235,2026-05-12,I,2026-05-15 18:45:29,2026-05-12 16:18:08
3740000,202637400000700928,방죽공원,경기도 수원시 영통구 망포동 737,경기도,수원시,편의시설,KT,PublicWiFi@Suwon,201901,경기도 수원시 영통구 덕영대로1484번길 10-25 (망포동),경기도 수원시 영통구 망포동 737,디지털정책과,031-5191-2299,37.24470191,127.0514801,2026-05-12,I,2026-05-15 18:45:29,2026-05-12 16:18:08
3740000,202637400000700929,반달공원,경기도 수원시 영통구 영통동 1012-4,경기도,수원시,편의시설,KT,PublicWiFi@Suwon,201901,경기도 수원시 반달로 77 (영통동),경기도 수원시 영통구 영통동 1012-4,디지털정책과,031-5191-2299,37.25093287,127.0788698,2026-05-12,I,2026-05-15 18:45:29,2026-05-12 16:18:08
3740000,202637400000700930,벽적골공원,경기도 수원시 영통구 영통동 969-2,경기도,수원시,편의시설,KT,PublicWiFi@Suwon,201901,경기도 수원시 영통구 덕영대로1555번길 60 (영통동),경기도 수원시 영통구 영통동 969-2,디지털정책과,031-5191-2299,37.24861822,127.0619876,2026-05-12,I,2026-05-15 18:45:29,2026-05-12 16:18:08
3740000,202637400000700931,살구골공원,경기도 수원시 영통구 영통동 989-3,경기도,수원시,편의시설,KT,PublicWiFi@Suwon,201901,경기도 수원시 영통구 매영로 378 (영통동),경기도 수원시 영통구 영통동 989-3,디지털정책과,031-5191-2299,37.25066352,127.0716873,2026-05-12,I,2026-05-15 18:45:29,2026-05-12 16:18:08
3740000,202637400000700932,누리문화공원,경기도 수원시 권선구 금곡동 1075,경기도,수원시,편의시설,KT,PublicWiFi@Suwon,201901,,경기도 수원시 권선구 금곡동 1075,디지털정책과,031-5191-2299,37.275978,126.944665,2026-05-12,I,2026-05-15 18:45:29,2026-05-12 16:18:08
3740000,202637400000700933,물새공원,경기도 수원시 권선구 금곡동 1075,경기도,수원시,편의시설,KT,PublicWiFi@Suwon,201901,,경기도 수원시 권선구 금곡동 1075,디지털정책과,031-5191-2299,37.275968,126.944609,2026-05-12,I,2026-05-15 18:45:29,2026-05-12 16:18:08
3740000,202637400000700934,서수원칠보체육공원,경기도 수원시 권선구 금곡동 1071,경기도,수원시,편의시설,KT,PublicWiFi@Suwon,201901,경기도 수원시 권선구 서수원로577번길 171 (금곡동),경기도 수원시 권선구 금곡동 1071,디지털정책과,031-5191-2299,37.27628877,126.9483135,2026-05-12,I,2026-05-15 18:45:29,2026-05-12 16:18:08
3740000,202637400000700935,물향기공원,경기도 수원시 권선구 호매실동 1384,경기도,수원시,편의시설,KT,PublicWiFi@Suwon,201901,경기도 수원시 권선구 호매실로 219,경기도 수원시 권선구 호매실동 1384,디지털정책과,031-5191-2299,37.262498,126.9519,2026-05-12,I,2026-05-15 18:45:29,2026-05-12 16:18:08
3740000,202637400000700936,두레뜰공원,경기도 수원시 권선구 호매실동 1341,경기도,수원시,편의시설,KT,PublicWiFi@Suwon,201901,경기도 수원시 권선구 금곡로 140번길68,경기도 수원시 권선구 호매실동 1341,디지털정책과,031-5191-2299,37.270742,126.944901,2026-05-12,I,2026-05-15 18:45:29,2026-05-12 16:18:08
3740000,202637400000700937,어울림공원,경기도 수원시 권선구 금곡동 1128,경기도,수원시,편의시설,KT,PublicWiFi@Suwon,201901,경기도 수원시 권선구 서수원로 533-40 (금곡동),경기도 수원시 권선구 금곡동 1128,디지털정책과,031-5191-2299,37.272681,126.956419,2026-05-12,I,2026-05-15 18:45:29,2026-05-12 16:18:08
3740000,202637400000700938,한일타운.경기일보.홈플러스(01125),경기도 수원시 장안구 조원동 892,경기도,수원시,교통시설,KT,PublicWiFi@Suwon,201901,,경기도 수원시 장안구 조원동 892,디지털정책과,031-5191-2299,37.303612,127.006588,2026-05-12,I,2026-05-15 18:45:29,2026-05-12 16:18:08
3740000,202637400000700939,고색뉴지엄,경기도 수원시 권선구 고색동 979,경기도,수원시,교육시설,KT,PublicWiFi@Suwon,201901,경기도 수원시 권선구 산업로 85 (고색동),경기도 수원시 권선구 고색동 979,디지털정책과,031-5191-2299,37.23999958,126.9740249,2026-05-12,I,2026-05-15 18:45:29,2026-05-12 16:18:08
3740000,202637400000700940,수원 구 부국원,경기도 수원시 팔달구 교동 93-7,경기도,수원시,교육시설,KT,PublicWiFi@Suwon,201901,경기도 수원시 팔달구 향교로 130 (교동),경기도 수원시 팔달구 교동 93-7,디지털정책과,031-5191-2299,37.27239224,127.0146122,2026-05-12,I,2026-05-15 18:45:29,2026-05-12 16:18:08
3740000,202637400000700941,수원종합버스터미널 대합실,경기도 수원시 권선구 권선동 1189,경기도,수원시,교통시설,KT,Public WiFi Free,201901,경기도 수원시 권선구 경수대로 270,경기도 수원시 권선구 권선동 1189,통신사,031-5191-2299,37.25137546,127.0204423,2026-05-12,I,2026-05-15 18:45:29,2026-05-12 16:18:08
3740000,202637400000700942,서수원시외터미널 대합실,경기도 수원시 권선구 구운동 925,경기도,수원시,교통시설,KT,Public WiFi Free,201901,경기도 수원시 권선구 수인로 291,경기도 수원시 권선구 구운동 925,통신사,031-5191-2299,37.28262879,126.9701447,2026-05-12,I,2026-05-15 18:45:29,2026-05-12 16:18:08
3740000,202637400000700943,광교중앙역 환승센터,경기도 수원시 영통구 이의동 177-18,경기도,수원시,교통시설,KT,Public WiFi Free,201901,경기도 수원시 영통구 도청로 45,경기도 수원시 영통구 이의동 177-18,통신사,031-5191-2299,37.28825808,127.0518977,2026-05-12,I,2026-05-15 18:45:29,2026-05-12 16:18:08
3740000,202637400000700944,아주대시외버스정류장,경기도 수원시 영통구 매탄동153-3,경기도,수원시,교통시설,KT,Public WiFi Free,201901,경기도 수원시 영통구 중부대로 268,경기도 수원시 영통구 매탄동153-3,통신사,031-5191-2299,37.27403528,127.0450236,2026-05-12,I,2026-05-15 18:45:29,2026-05-12 16:18:08
3740000,202637400000700945,우만동시외버스정류장,경기도 수원시 팔달구 우만동 300-5,경기도,수원시,교통시설,KT,Public WiFi Free,201901,경기도 수원시  팔달구 창룡대로210번길 12,경기도 수원시 팔달구 우만동 300-5,통신사,031-5191-2299,37.29208892,127.0327912,2026-05-12,I,2026-05-15 18:45:29,2026-05-12 16:18:08
3740000,202637400000700946,권선구청 종합민원실,경기도 수원시 권선구 탑동 900,경기도,수원시,관공서,KT,PublicWiFi@Suwon,201901,경기도 수원시 권선구 호매실로 12 (탑동),경기도 수원시 권선구 탑동 900,디지털정책과,031-5191-2299,37.257623,126.972072,2026-05-12,I,2026-05-15 18:45:29,2026-05-12 16:18:08
3740000,202637400000700947,팔달구청 종합민원실,경기도 수원시 팔달구 매향동 49,경기도,수원시,관공서,KT,PublicWiFi@Suwon,201901,경기도 수원시 팔달구 창룡대로 23 (매향동),경기도 수원시 팔달구 매향동 49,디지털정책과,031-5191-2299,37.282513,127.01968,2026-05-12,I,2026-05-15 18:45:29,2026-05-12 16:18:08
3740000,202637400000700948,영통구청 종합민원실,경기도 수원시 영통구 매탄동 1268,경기도,수원시,관공서,KT,PublicWiFi@Suwon,201901,경기도 수원시 영통구 효원로 407 (매탄동),경기도 수원시 영통구 매탄동 1268,디지털정책과,031-5191-2299,37.259597,127.046305,2026-05-12,I,2026-05-15 18:45:29,2026-05-12 16:18:08
3740000,202637400000700949,선경도서관,경기도 수원시 팔달구 신풍동 123-69,경기도,수원시,교육시설,SKB,PublicWiFi@Suwon,201901,경기도 수원시 팔달구 신풍로 23번길 68 (신풍동),경기도 수원시 팔달구 신풍동 123-69,도서관사업소,031-5191-2299,37.283838,127.010338,2026-05-12,I,2026-05-15 18:45:29,2026-05-12 16:18:08
3740000,202637400000700950,서수원지식정보도서관,경기도 수원시 권선구 탑동 746-1,경기도,수원시,교육시설,SKB,PublicWiFi@Suwon,201901,경기도 수원시 권선구 탑동로57번길 35 (탑동),경기도 수원시 권선구 탑동 746-1,도서관사업소,031-5191-2299,37.273016,126.972087,2026-05-12,I,2026-05-15 18:45:29,2026-05-12 16:18:08
3740000,202637400000700951,북수원지식정보도서관,경기도 수원시 장안구 정자동 869-1,경기도,수원시,교육시설,SKB,PublicWiFi@Suwon,201901,경기도 수원시 장안구 만석로 65 (정자동),경기도 수원시 장안구 정자동 869-1,도서관사업소,031-5191-2299,37.297455,126.98826,2026-05-12,I,2026-05-15 18:45:29,2026-05-12 16:18:08
3740000,202637400000700952,영통도서관,경기도 수원시 영통구 영통동 912-2,경기도,수원시,교육시설,SKB,PublicWiFi@Suwon,201901,경기도 수원시 영통구 청명로 151 (영통동),경기도 수원시 영통구 영통동 912-2,도서관사업소,031-5191-2299,37.25712,127.072172,2026-05-12,I,2026-05-15 18:45:29,2026-05-12 16:18:08
3740000,202637400000700953,중앙도서관,경기도 수원시 팔달구 교동 3-3,경기도,수원시,교육시설,SKB,PublicWiFi@Suwon,201901,경기도 수원시 팔달구 팔달산로 318 (교동),경기도 수원시 팔달구 교동 3-3,도서관사업소,031-5191-2299,37.273446,127.012044,2026-05-12,I,2026-05-15 18:45:29,2026-05-12 16:18:08
3740000,202637400000700954,태장마루도서관,경기도 수원시 영통구 망포동 234-44,경기도,수원시,교육시설,SKB,PublicWiFi@Suwon,201901,경기도 수원시 영통구 태장로 46 (망포동),경기도 수원시 영통구 망포동 234-44,도서관사업소,031-5191-2299,37.238599,127.051044,2026-05-12,I,2026-05-15 18:45:29,2026-05-12 16:18:08
3740000,202637400000700955,지혜샘도서관,경기도 수원시 권선구 권선동 1310,경기도,수원시,교육시설,SKB,PublicWiFi@Suwon,201901,경기도 수원시 권선구 동탄원천로 818 (권선동),경기도 수원시 권선구 권선동 1310,도서관사업소,031-5191-2299,37.247967,127.040144,2026-05-12,I,2026-05-15 18:45:29,2026-05-12 16:18:08
3740000,202637400000700956,슬기샘도서관,경기도 수원시 장안구 송죽동 417-23,경기도,수원시,교육시설,SKB,PublicWiFi@Suwon,201901,경기도 수원시 장안구 송정로 9 (송죽동),경기도 수원시 장안구 송죽동 417-23,도서관사업소,031-5191-2299,37.297536,126.999223,2026-05-12,I,2026-05-15 18:45:29,2026-05-12 16:18:08
3740000,202637400000700957,창룡도서관,경기도 수원시 팔달구 우만동 582,경기도,수원시,교육시설,SKB,PublicWiFi@Suwon,201901,경기도 수원시 팔달구 월드컵로 381번길 36 (우만동),경기도 수원시 팔달구 우만동 582,도서관사업소,031-5191-2299,37.290761,127.027624,2026-05-12,I,2026-05-15 18:45:29,2026-05-12 16:18:08
3740000,202637400000700958,버드내도서관,경기도 수원시 권선구 세류동 503-2,경기도,수원시,교육시설,SKB,PublicWiFi@Suwon,201901,경기도 수원시 권선구 세권로 102번길 20 (세류동),경기도 수원시 권선구 세류동 503-2,도서관사업소,031-5191-2299,37.256809,127.015127,2026-05-12,I,2026-05-15 18:45:29,2026-05-12 16:18:08
3740000,202637400000700959,호매실도서관,경기도 수원시 권선구 호매실동 1369,경기도,수원시,교육시설,SKB,PublicWiFi@Suwon,201901,경기도 수원시 권선구 칠보로 169 (호매실동),경기도 수원시 권선구 호매실동 1369,도서관사업소,031-5191-2299,37.266416,126.957958,2026-05-12,I,2026-05-15 18:45:29,2026-05-12 16:18:08
3740000,202637400000700960,한림도서관,경기도 수원시 권선구 권선동 1355-4,경기도,수원시,교육시설,SKB,PublicWiFi@Suwon,201901,경기도 수원시 권선구 동수원로 25번길 32-52 (권선동),경기도 수원시 권선구 권선동 1355-4,도서관사업소,031-5191-2299,37.237381,127.025011,2026-05-12,I,2026-05-15 18:45:29,2026-05-12 16:18:08
3740000,202637400000700961,대추골도서관,경기도 수원시 장안구 조원동 198-14,경기도,수원시,교육시설,SKB,PublicWiFi@Suwon,201901,경기도 수원시 장안구 수일로 164 (조원동),경기도 수원시 장안구 조원동 198-14,도서관사업소,031-5191-2299,37.306468,127.008168,2026-05-12,I,2026-05-15 18:45:29,2026-05-12 16:18:08
3740000,202637400000700962,일월도서관,경기도 수원시 장안구 천천동 453-1,경기도,수원시,교육시설,SKB,PublicWiFi@Suwon,201901,경기도 수원시 장안구 일월천로 77 (천천동),경기도 수원시 장안구 천천동 453-1,도서관사업소,031-5191-2299,37.286198,126.976879,2026-05-12,I,2026-05-15 18:45:29,2026-05-12 16:18:08
3740000,202637400000700963,광교홍재도서관,경기도 수원시 영통구 이의동 1209,경기도,수원시,교육시설,SKB,PublicWiFi@Suwon,201901,경기도 수원시 영통구 대학로 88 (이의동),경기도 수원시 영통구 이의동 1209,도서관사업소,031-5191-2299,37.302894,127.04743,2026-05-12,I,2026-05-15 18:45:29,2026-05-12 16:18:08
3740000,202637400000700964,바른샘도서관,경기도 수원시 영통구 매탄동 1213,경기도,수원시,교육시설,KT,PublicWiFi@Suwon,201901,경기도 수원시 영통구 매봉로 10 (매탄동),경기도 수원시 영통구 매탄동 1213,도서관사업소,031-5191-2299,37.268782,127.052379,2026-05-12,I,2026-05-15 18:45:29,2026-05-12 16:18:08
3740000,202637400000700965,화서다산도서관,경기도 수원시 팔달구 화서동 262,경기도,수원시,교육시설,SKB,PublicWiFi@Suwon,201901,경기도 수원시 팔달구 화양로 68번길 7-35 (화서동),경기도 수원시 팔달구 화서동 262,도서관사업소,031-5191-2299,37.285264,126.997239,2026-05-12,I,2026-05-15 18:45:29,2026-05-12 16:18:08
3740000,202637400000700966,수원시 여권민원실,경기도 수원시 팔달구 우만동 228,경기도,수원시,관공서,KT,PublicWiFi@Suwon,202007,경기도 수원시 팔달구 월드컵로 336,경기도 수원시 팔달구 우만동 228,디지털정책과,031-5191-2299,37.28818905,127.0334436,2026-05-12,I,2026-05-15 18:45:29,2026-05-12 16:18:08
3740000,202637400000700967,수원역 지하도상가 11번출입구,경기도 수원시 팔달구 매산로1가 28-1,경기도,수원시,기타,KT,PublicWiFi@Suwon,202007,경기도 수원시 팔달구 매산로1가 28-1,경기도 수원시 팔달구 매산로1가 28-1,디지털정책과,031-5191-2299,37.267516,127.000194,2026-05-12,I,2026-05-15 18:45:29,2026-05-12 16:18:08
3740000,202637400000700968,수원역 지하도상가 3번출입구,경기도 수원시 팔달구 매산로2가 29,경기도,수원시,기타,KT,PublicWiFi@Suwon,202007,경기도 수원시 팔달구 향교로 24,경기도 수원시 팔달구 매산로2가 29,디지털정책과,031-5191-2299,37.267418,127.00124,2026-05-12,I,2026-05-15 18:45:29,2026-05-12 16:18:08
3740000,202637400000700969,수원역 로데오거리,경기도 수원시 팔달구 매산로2가 29,경기도,수원시,기타,KT,PublicWiFi@Suwon,202007,경기도 수원시 팔달구 향교로 24,경기도 수원시 팔달구 매산로2가 29,디지털정책과,031-5191-2299,37.268274,127.003678,2026-05-12,I,2026-05-15 18:45:29,2026-05-12 16:18:08
3740000,202637400000700970,NH농협은행 수원역지점 앞,경기도 수원시 팔달구 매산로2가 13-3,경기도,수원시,기타,KT,PublicWiFi@Suwon,202007,경기도 수원시 팔달구 향교로 37,경기도 수원시 팔달구 매산로2가 13-3,디지털정책과,031-5191-2299,37.268833,127.004901,2026-05-12,I,2026-05-15 18:45:29,2026-05-12 16:18:08
3740000,202637400000700971,향교로3번길 나들가게해피타임 앞,경기도 수원시 팔달구 매산로1가 24-6,경기도,수원시,기타,KT,PublicWiFi@Suwon,202007,경기도 수원시 팔달구 갓매산로71번길 10,경기도 수원시 팔달구 매산로1가 24-6,디지털정책과,031-5191-2299,37.2693,127.002782,2026-05-12,I,2026-05-15 18:45:29,2026-05-12 16:18:08
3740000,202637400000700972,향교로3번길 some모텔앞,경기도 수원시 팔달구 매산로1가 22-1,경기도,수원시,기타,KT,PublicWiFi@Suwon,202007,경기도 수원시 팔달구 향교로3번길 35-3,경기도 수원시 팔달구 매산로1가 22-1,디지털정책과,031-5191-2299,37.26905,127.001736,2026-05-12,I,2026-05-15 18:45:29,2026-05-12 16:18:08
3740000,202637400000700973,매산지구대 입구,경기도 수원시 팔달구 매산로1가 19-1,경기도,수원시,기타,KT,PublicWiFi@Suwon,202007,경기도 수원시 팔달구 향교로3번길 10,경기도 수원시 팔달구 매산로1가 19-1,디지털정책과,031-5191-2299,37.267983,127.001745,2026-05-12,I,2026-05-15 18:45:29,2026-05-12 16:18:08
3740000,202637400000700974,수원역 9번출구 앞 횡단보도,경기도 수원시 팔달구 매산로1가 104,경기도,수원시,기타,KT,PublicWiFi@Suwon,202007,경기도 수원시 팔달구 매산로1가 104,경기도 수원시 팔달구 매산로1가 104,디지털정책과,031-5191-2299,37.26695,127.0023,2026-05-12,I,2026-05-15 18:45:29,2026-05-12 16:18:08
3740000,202637400000700975,수원 역전시장주차장 출입구 앞,경기도 수원시 팔달구 매산로1가 95-5,경기도,수원시,기타,KT,PublicWiFi@Suwon,202007,경기도 수원시 팔달구 덕영대로943번길20,경기도 수원시 팔달구 매산로1가 95-5,디지털정책과,031-5191-2299,37.265258,127.002485,2026-05-12,I,2026-05-15 18:45:29,2026-05-12 16:18:08
3740000,202637400000700976,수원 역전시장 GATE8 앞,경기도 수원시 팔달구 매산로2가 99-4,경기도,수원시,기타,KT,PublicWiFi@Suwon,202007,경기도 수원시 팔달구 덕영대로943번길36,경기도 수원시 팔달구 매산로2가 99-4,디지털정책과,031-5191-2299,37.266198,127.002997,2026-05-12,I,2026-05-15 18:45:29,2026-05-12 16:18:08
3740000,202637400000700977,매산시장 골목길 앞,경기도 수원시 팔달구 매산로1가 56-20,경기도,수원시,기타,KT,PublicWiFi@Suwon,202007,경기도 수원시 팔달구 매산로20번길 10,경기도 수원시 팔달구 매산로1가 56-20,디지털정책과,031-5191-2299,37.267306,127.00357,2026-05-12,I,2026-05-15 18:45:29,2026-05-12 16:18:08
3740000,202637400000700978,원천호수 수변쉼터,경기도 수원시 영통구 하동 1023,경기도,수원시,편의시설,KT,Public WiFi Free,202007,경기도 수원시 영통구 광교호수로 57 (하동),경기도 수원시 영통구 하동 1023,통신사,031-5191-2299,37.279069,127.065846,2026-05-12,I,2026-05-15 18:45:29,2026-05-12 16:18:08
3740000,202637400000700979,원천호수 신비한 물너미,경기도 수원시 영통구 하동 1023,경기도,수원시,편의시설,KT,Public WiFi Free,202007,경기도 수원시 영통구 광교호수로 57 (하동),경기도 수원시 영통구 하동 1023,통신사,031-5191-2299,37.279572,127.065034,2026-05-12,I,2026-05-15 18:45:29,2026-05-12 16:18:08
3740000,202637400000700980,원천호수 어린이놀이터/실개울,경기도 수원시 영통구 하동 1023,경기도,수원시,편의시설,KT,Public WiFi Free,202007,경기도 수원시 영통구 광교호수로 57 (하동),경기도 수원시 영통구 하동 1023,통신사,031-5191-2299,37.280053,127.065575,2026-05-12,I,2026-05-15 18:45:29,2026-05-12 16:18:08
3740000,202637400000700981,원천호수 나루터,경기도 수원시 영통구 하동 1023,경기도,수원시,편의시설,KT,Public WiFi Free,202007,경기도 수원시 영통구 광교호수로 57 (하동),경기도 수원시 영통구 하동 1023,통신사,031-5191-2299,37.281747,127.064321,2026-05-12,I,2026-05-15 18:45:29,2026-05-12 16:18:08
3740000,202637400000700982,원천호수 수질개선시설 앞,경기도 수원시 영통구 하동 1023,경기도,수원시,편의시설,KT,Public WiFi Free,202007,경기도 수원시 영통구 광교호수로 57 (하동),경기도 수원시 영통구 하동 1023,통신사,031-5191-2299,37.282048,127.064474,2026-05-12,I,2026-05-15 18:45:29,2026-05-12 16:18:08
3740000,202637400000700983,원천호수 수변산책로,경기도 수원시 영통구 하동 1023,경기도,수원시,편의시설,KT,Public WiFi Free,202007,경기도 수원시 영통구 광교호수로 57 (하동),경기도 수원시 영통구 하동 1023,통신사,031-5191-2299,37.284367,127.063292,2026-05-12,I,2026-05-15 18:45:29,2026-05-12 16:18:08
3740000,202637400000700984,원천호수 바닥분수,경기도 수원시 영통구 하동 1023,경기도,수원시,편의시설,KT,Public WiFi Free,202007,경기도 수원시 영통구 광교호수로 57 (하동),경기도 수원시 영통구 하동 1023,통신사,031-5191-2299,37.284281,127.060631,2026-05-12,I,2026-05-15 18:45:29,2026-05-12 16:18:08
3740000,202637400000700985,원천호수 어번레비 화장실 앞,경기도 수원시 영통구 하동 1023,경기도,수원시,편의시설,KT,Public WiFi Free,202007,경기도 수원시 영통구 광교호수로 57 (하동),경기도 수원시 영통구 하동 1023,통신사,031-5191-2299,37.28306,127.060081,2026-05-12,I,2026-05-15 18:45:29,2026-05-12 16:18:08
3740000,202637400000700986,원천호수 물보석분수 입구,경기도 수원시 영통구 하동 1023,경기도,수원시,편의시설,KT,Public WiFi Free,202007,경기도 수원시 영통구 광교호수로 57 (하동),경기도 수원시 영통구 하동 1023,통신사,031-5191-2299,37.281589,127.059873,2026-05-12,I,2026-05-15 18:45:29,2026-05-12 16:18:08
3740000,202637400000700987,원천호수 초화원,경기도 수원시 영통구 하동 1023,경기도,수원시,편의시설,KT,Public WiFi Free,202007,경기도 수원시 영통구 광교호수로 57 (하동),경기도 수원시 영통구 하동 1023,통신사,031-5191-2299,37.279076,127.060405,2026-05-12,I,2026-05-15 18:45:29,2026-05-12 16:18:08
3740000,202637400000700988,원천호수 거울못,경기도 수원시 영통구 하동 1023,경기도,수원시,편의시설,KT,Public WiFi Free,202007,경기도 수원시 영통구 광교호수로 57 (하동),경기도 수원시 영통구 하동 1023,통신사,031-5191-2299,37.276578,127.061452,2026-05-12,I,2026-05-15 18:45:29,2026-05-12 16:18:08
3740000,202637400000700989,원천호수 광교호수공원 관리사무소 앞,경기도 수원시 영통구 하동 1023,경기도,수원시,편의시설,KT,Public WiFi Free,202007,경기도 수원시 영통구 광교호수로 57 (하동),경기도 수원시 영통구 하동 1023,통신사,031-5191-2299,37.275487,127.06304,2026-05-12,I,2026-05-15 18:45:29,2026-05-12 16:18:08
3740000,202637400000700990,신대호수 수변테라스-A,경기도 수원시 영통구 하동 997,경기도,수원시,편의시설,KT,Public WiFi Free,202007,,경기도 수원시 영통구 하동 997,통신사,031-5191-2299,37.284747,127.075237,2026-05-12,I,2026-05-15 18:45:29,2026-05-12 16:18:08
3740000,202637400000700991,신대호수 수변테라스-B,경기도 수원시 영통구 하동 997,경기도,수원시,편의시설,KT,Public WiFi Free,202007,,경기도 수원시 영통구 하동 997,통신사,031-5191-2299,37.283599,127.073839,2026-05-12,I,2026-05-15 18:45:29,2026-05-12 16:18:08
3740000,202637400000700992,신대호수 하늘전망대 앞,경기도 수원시 영통구 하동 997,경기도,수원시,편의시설,KT,Public WiFi Free,202007,,경기도 수원시 영통구 하동 997,통신사,031-5191-2299,37.283728,127.072693,2026-05-12,I,2026-05-15 18:45:29,2026-05-12 16:18:08
3740000,202637400000700993,신대호수 수변쉼터,경기도 수원시 영통구 하동 999,경기도,수원시,편의시설,KT,Public WiFi Free,202007,,경기도 수원시 영통구 하동 999,통신사,031-5191-2299,37.285831,127.071809,2026-05-12,I,2026-05-15 18:45:29,2026-05-12 16:18:08
3740000,202637400000700994,신대호수 휴게마당,경기도 수원시 영통구 하동 999,경기도,수원시,편의시설,KT,Public WiFi Free,202007,,경기도 수원시 영통구 하동 999,통신사,031-5191-2299,37.287224,127.070456,2026-05-12,I,2026-05-15 18:45:29,2026-05-12 16:18:08
3740000,202637400000700995,신대호수 팔각정 앞,경기도 수원시 영통구 하동 999,경기도,수원시,편의시설,KT,Public WiFi Free,202007,,경기도 수원시 영통구 하동 999,통신사,031-5191-2299,37.288028,127.069563,2026-05-12,I,2026-05-15 18:45:29,2026-05-12 16:18:08
3740000,202637400000700996,신대호수 스텝파크 화장실 옆,경기도 수원시 영통구 하동 999,경기도,수원시,편의시설,KT,Public WiFi Free,202007,,경기도 수원시 영통구 하동 999,통신사,031-5191-2299,37.288731,127.06848,2026-05-12,I,2026-05-15 18:45:29,2026-05-12 16:18:08
3740000,202637400000700997,신대호수 스텝파크 앞,경기도 수원시 영통구 하동 999,경기도,수원시,편의시설,KT,Public WiFi Free,202007,,경기도 수원시 영통구 하동 999,통신사,031-5191-2299,37.288839,127.070943,2026-05-12,I,2026-05-15 18:45:29,2026-05-12 16:18:08
3740000,202637400000700998,오목호수공원,경기도 수원시 오목천동 1171,경기도,수원시,편의시설,KT,Public WiFi Free,202007,,경기도 수원시 오목천동 1171,통신사,031-5191-2299,37.247511,126.965037,2026-05-12,I,2026-05-15 18:45:29,2026-05-12 16:18:08
3740000,202637400000700999,세류문화공원(버드내도서관),경기도 수원시 권선구 세류동 503-2,경기도,수원시,편의시설,KT,Public WiFi Free,202007,경기도 수원시 권선구 세권로 94번길29,경기도 수원시 권선구 세류동 503-2,통신사,031-5191-2299,37.257161,127.015239,2026-05-12,I,2026-05-15 18:45:29,2026-05-12 16:18:08
3740000,202637400000701000,경기대 수원캠퍼스후문. 수원박물관(04-178),경기도 수원시 영통구 이의동 1283-4,경기도,수원시,교통시설,KT,Public WiFi Free,202007,,경기도 수원시 영통구 이의동 1283-4,통신사,031-5191-2299,37.296585,127.038509,2026-05-12,I,2026-05-15 18:45:29,2026-05-12 16:18:08
3740000,202637400000701001,수원시 체육회관,경기도 수원시 장안구 조원1동 775,경기도,수원시,편의시설,LGU+,Public WiFi Free,202007,경기도 수원시 장안구 경수대로 893 (조원동),경기도 수원시 장안구 조원1동 775,통신사,031-5191-2299,37.29860953,127.0075568,2026-05-12,I,2026-05-15 18:45:29,2026-05-12 16:18:08
3740000,202637400000701002,경기도문화의전당,경기도 수원시 팔달구 인계동 1117,경기도,수원시,관공서,LGU+,Public WiFi Free,202007,경기도 수원시 팔달구 효원로 307번길 20,경기도 수원시 팔달구 인계동 1117,통신사,031-5191-2299,37.26158189,127.0375714,2026-05-12,I,2026-05-15 18:45:29,2026-05-12 16:18:08
3740000,202637400000701003,한국방송통신대학교 경기지역대학,경기도 수원시 권선구 오목천동 399,경기도,수원시,교육시설,LGU+,FREE_U+zone,202007,경기도 수원시 권선구 효행로 28 (오목천동),경기도 수원시 권선구 오목천동 399,통신사,031-5191-2299,37.24075195,126.958242,2026-05-12,I,2026-05-15 18:45:29,2026-05-12 16:18:08
3740000,202637400000701004,경기도립중앙도서관,경기도 수원시 장안구 조원동 495,경기도,수원시,교육시설,LGU+,Public WiFi Free,202007,경기도 수원시 장안구 조원로 18 (조원동),경기도 수원시 장안구 조원동 495,통신사,031-5191-2299,37.29854278,127.0223635,2026-05-12,I,2026-05-15 18:45:29,2026-05-12 16:18:08
3740000,202637400000701005,버드내노인복지관,경기도 수원시 권선구 세류3동 483-0,경기도,수원시,서민·복지시설,SKB,Public WiFi Free,202007,경기도 수원시 권선구 권선로 564번길 36,경기도 수원시 권선구 세류3동 483-0,통신사,031-5191-2299,37.2611295,127.0120758,2026-05-12,I,2026-05-15 18:45:29,2026-05-12 16:18:08
3740000,202637400000701006,서수원주민편익시설,경기도 수원시 권선구 고색동 905-19,경기도,수원시,편의시설,LGU+,Public WiFi Free,202007,경기도 수원시 권선구 매송고색로 620 (고색동),경기도 수원시 권선구 고색동 905-19,통신사,031-5191-2299,37.24775193,126.9729267,2026-05-12,I,2026-05-15 18:45:29,2026-05-12 16:18:08
3740000,202637400000701007,지동시장 A동,경기도 수원시 팔달구 지동 402,경기도,수원시,편의시설,SKB,Public WiFi Free,202007,경기도 수원시 팔달구 팔달문로 19 (지동),경기도 수원시 팔달구 지동 402,통신사,031-5191-2299,37.27788425,127.0196286,2026-05-12,I,2026-05-15 18:45:29,2026-05-12 16:18:08
3740000,202637400000701008,지동시장 B동(곱창타운),경기도 수원시 팔달구 지동 402,경기도,수원시,편의시설,SKB,Public WiFi Free,202007,경기도 수원시 팔달구 팔달문로 20 (지동),경기도 수원시 팔달구 지동 402,통신사,031-5191-2299,37.27751304,127.0195744,2026-05-12,I,2026-05-15 18:45:29,2026-05-12 16:18:08
3740000,202637400000701009,못골종합시장,경기도 수원시 팔달구 지동 387-1,경기도,수원시,편의시설,SKB,Public WiFi Free,202007,경기도 수원시 팔달구 수원천로258번길 10-12 (지동),경기도 수원시 팔달구 지동 387-1,통신사,031-5191-2299,37.27602792,127.0207737,2026-05-12,I,2026-05-15 18:45:29,2026-05-12 16:18:08
3740000,202637400000701010,"미나리광시장(1호,2호)",경기도 수원시 팔달구 지동 400-17,경기도,수원시,편의시설,LGU+,Public WiFi Free,202007,경기도 수원시 팔달구 수원천로264번길 13,경기도 수원시 팔달구 지동 400-17,통신사,031-5191-2299,37.27710206,127.0201742,2026-05-12,I,2026-05-15 18:45:29,2026-05-12 16:18:08
3740000,202637400000701011,남문로데오시장,경기도 수원시 팔달구 교동 3-3,경기도,수원시,편의시설,LGU+,Public WiFi Free,202007,경기도 수원시 팔달구 행궁로 92 (교동),경기도 수원시 팔달구 교동 3-3,통신사,031-5191-2299,37.27441047,127.0153973,2026-05-12,I,2026-05-15 18:45:29,2026-05-12 16:18:08
3740000,202637400000701012,SK청솔노인복지관,경기도 수원시 장안구 정자동 286,경기도,수원시,서민·복지시설,KT,Public WiFi Free,202007,경기도 수원시 장안구 장안로 174 (정자동),경기도 수원시 장안구 정자동 286,통신사,031-5191-2299,37.29902422,126.9973969,2026-05-12,I,2026-05-15 18:45:29,2026-05-12 16:18:08
3740000,202637400000701013,사랑을나누는집,경기도 수원시 장안구 영화동 408-14호,경기도,수원시,서민·복지시설,SKB,Public WiFi Free,202007,경기도 수원시 장안구 수성로304번길 35-23 (영화동),경기도 수원시 장안구 영화동 408-14호,통신사,031-5191-2299,37.29039208,127.0072763,2026-05-12,I,2026-05-15 18:45:29,2026-05-12 16:18:08
3740000,202637400000701014,경동원,경기도 수원시 장안구 하광교동43-2,경기도,수원시,서민·복지시설,SKB,Public WiFi Free,202007,경기도 수원시 장안구 광교산로374번길 55 (하광교동),경기도 수원시 장안구 하광교동43-2,통신사,031-5191-2299,37.31855333,127.0203883,2026-05-12,I,2026-05-15 18:45:29,2026-05-12 16:18:08
3740000,202637400000701015,서호노인복지관_1,경기도 수원시 권선구 구운동 501,경기도,수원시,서민·복지시설,SKB,Public WiFi Free,202007,경기도 수원시 권선구 구운로4번길 34 (구운동),경기도 수원시 권선구 구운동 501,통신사,031-5191-2299,37.27849619,126.9761901,2026-05-12,I,2026-05-15 18:45:29,2026-05-12 16:18:08
3740000,202637400000701016,장안청소년문화의집,경기도 수원시 장안구 정자2동28-7,경기도,수원시,서민·복지시설,SKB,Public WiFi Free,202007,경기도 수원시 장안구 수성로275번길 144 (정자동),경기도 수원시 장안구 정자2동28-7,통신사,031-5191-2299,37.294956,126.999229,2026-05-12,I,2026-05-15 18:45:29,2026-05-12 16:18:08
3740000,202637400000701017,바다의별,경기도 수원시 장안구 이목동 23-3,경기도,수원시,서민·복지시설,LGU+,Public WiFi Free,202007,경기도 수원시 장안구 장안로458번길 142 (이목동),경기도 수원시 장안구 이목동 23-3,통신사,031-5191-2299,37.32416772,126.9751558,2026-05-12,I,2026-05-15 18:45:29,2026-05-12 16:18:08
3740000,202637400000701018,바다의별 직업재활센터,경기도 수원시 장안구 이목동 23-3,경기도,수원시,서민·복지시설,LGU+,Public WiFi Free,202007,경기도 수원시 장안구 장안로458번길 142 (이목동),경기도 수원시 장안구 이목동 23-3,통신사,031-5191-2299,37.32416772,126.9751558,2026-05-12,I,2026-05-15 18:45:29,2026-05-12 16:18:08
3740000,202637400000701019,수봉재활원,경기도 수원시 권선구 탑동 516-1,경기도,수원시,서민·복지시설,LGU+,Public WiFi Free,202007,경기도 수원시 권선구 수봉로 43 (탑동),경기도 수원시 권선구 탑동 516-1,통신사,031-5191-2299,37.26496635,126.9771594,2026-05-12,I,2026-05-15 18:45:29,2026-05-12 16:18:08
3740000,202637400000701020,자혜직업재활센터,경기도 수원시 권선구 탑동 516-1,경기도,수원시,서민·복지시설,LGU+,Public WiFi Free,202007,경기도 수원시 권선구 수봉로 43 (탑동),경기도 수원시 권선구 탑동 516-1,통신사,031-5191-2299,37.26496635,126.9771594,2026-05-12,I,2026-05-15 18:45:29,2026-05-12 16:18:08
3740000,202637400000701021,고등동 행정복지센터,경기도 수원시 팔달구 고등동 153-1,경기도,수원시,관공서,KT,PublicWiFi@Suwon,202007,경기도 수원시 팔달구 고등로 37 (고등동),경기도 수원시 팔달구 고등동 153-1,디지털정책과,031-5191-2299,37.27345636,127.001141,2026-05-12,I,2026-05-15 18:45:29,2026-05-12 16:18:08
3740000,202637400000701022,남문패션1번가시장,경기도 수원시 팔달구 영동 43-5,경기도,수원시,편의시설,KT,Public WiFi Free,202007,경기도 수원시 팔달구 정조로 758번길 24 (영동),경기도 수원시 팔달구 영동 43-5,통신사,031-5191-2299,37.27562469,127.0181081,2026-05-12,I,2026-05-15 18:45:29,2026-05-12 16:18:08
3740000,202637400000701023,구매탄시장,경기도 수원시 영통구 매탄동 172-105,경기도,수원시,편의시설,KT,Public WiFi Free,202007,,경기도 수원시 영통구 매탄동 172-105,통신사,031-5191-2299,37.272702,127.043127,2026-05-12,I,2026-05-15 18:45:29,2026-05-12 16:18:08
3740000,202637400000701024,파장시장,경기도 수원시 장안구 파장동 573-41,경기도,수원시,편의시설,LGU+,Public WiFi Free,202007,경기도 수원시 장안구 파장로68번길 36 (파장동),경기도 수원시 장안구 파장동 573-41,통신사,031-5191-2299,37.30749735,126.9925281,2026-05-12,I,2026-05-15 18:45:29,2026-05-12 16:18:09
3740000,202637400000701025,장안문거북시장,경기도 수원시 장안구 영화동 274-19,경기도,수원시,편의시설,LGU+,Public WiFi Free,202007,경기도 수원시 장안구 수성로364번길 53 (영화동),경기도 수원시 장안구 영화동 274-19,통신사,031-5191-2299,37.29137909,127.0133798,2026-05-12,I,2026-05-15 18:45:29,2026-05-12 16:18:09
3740000,202637400000701026,우만종합사회복지관,경기도 수원시 팔달구 우만1동 301,경기도,수원시,서민·복지시설,KT,Public WiFi Free,202007,경기도 수원시 팔달구 창룡대로210번길 13,경기도 수원시 팔달구 우만1동 301,통신사,031-5191-2299,37.292547,127.034242,2026-05-12,I,2026-05-15 18:45:29,2026-05-12 16:18:09
3740000,202637400000701027,수원청소년문화센터,경기도 수원시 팔달구 인계동 334-1,경기도,수원시,서민·복지시설,KT,Public WiFi Free,202007,경기도 수원시 팔달구 권광로 293,경기도 수원시 팔달구 인계동 334-1,통신사,031-5191-2299,37.2736314,127.0350112,2026-05-12,I,2026-05-15 18:45:29,2026-05-12 16:18:09
3740000,202637400000701028,광교청소년수련관,경기도 수원시 영통구 이의동 1342,경기도,수원시,서민·복지시설,KT,Public WiFi Free,202007,경기도 수원시 영통구 도청로 17번길 24,경기도 수원시 영통구 이의동 1342,통신사,031-5191-2299,37.28639777,127.0531865,2026-05-12,I,2026-05-15 18:45:29,2026-05-12 16:18:09
3740000,202637400000701029,권선청소년수련관,경기도 수원시 권선구 권선2동 1190,경기도,수원시,서민·복지시설,KT,Public WiFi Free,202007,경기도 수원시 권선구 덕영대로 1201번길 42,경기도 수원시 권선구 권선2동 1190,통신사,031-5191-2299,37.25114788,127.0232602,2026-05-12,I,2026-05-15 18:45:29,2026-05-12 16:18:09
3740000,202637400000701030,수원시여성문화공간-休,경기도 수원시 권선구 권선동 1311-2,경기도,수원시,서민·복지시설,KT,Public WiFi Free,202007,경기도 수원시 권선구 동수원로 224번길 10 (권선동),경기도 수원시 권선구 권선동 1311-2,통신사,031-5191-2299,37.24929983,127.0343732,2026-05-12,I,2026-05-15 18:45:29,2026-05-12 16:18:09
3740000,202637400000701031,수원시평생학습관,경기도 수원시 팔달구 우만동 582,경기도,수원시,서민·복지시설,KT,Public WiFi Free,202007,경기도 수원시  팔달구 월드컵로 381번길 2,경기도 수원시 팔달구 우만동 582,통신사,031-5191-2299,37.29134409,127.0279957,2026-05-12,I,2026-05-15 18:45:29,2026-05-12 16:18:09
3740000,202637400000701032,경기도여성비전센터,경기도 수원시 팔달구 인계동 1129,경기도,수원시,서민·복지시설,LGU+,Public WiFi Free,202007,경기도 수원시  팔달구 효원로308번길 34 (인계동),경기도 수원시 팔달구 인계동 1129,통신사,031-5191-2299,37.25925475,127.0337239,2026-05-12,I,2026-05-15 18:45:29,2026-05-12 16:18:09
3740000,202637400000701033,수원국민체육센터_1,경기도 수원시 장안구 조원동 825,경기도,수원시,편의시설,KT,Public WiFi Free,202007,경기도 수원시 장안구 경수대로 893 (조원동),경기도 수원시 장안구 조원동 825,통신사,031-5191-2299,37.29860953,127.0075568,2026-05-12,I,2026-05-15 18:45:29,2026-05-12 16:18:09
3740000,202637400000701034,수원여고.농천교회(03028),경기도 수원시 팔달구 고등동167-14,경기도,수원시,교통시설,KT,PublicWiFi@Suwon,202110,경기도 수원시 팔달구 고등로33번길 33 (고등동),경기도 수원시 팔달구 고등동167-14,디지털정책과,031-5191-2299,37.275874,127.00275,2026-05-12,I,2026-05-15 18:45:29,2026-05-12 16:18:09
3740000,202637400000701035,고등동삼거리(03018),경기도 수원시 팔달구 고등동 220-4,경기도,수원시,교통시설,KT,PublicWiFi@Suwon,202110,,경기도 수원시 팔달구 고등동 220-4,디지털정책과,031-5191-2299,37.271777,127.00111,2026-05-12,I,2026-05-15 18:45:29,2026-05-12 16:18:09
3740000,202637400000701036,오목천공원,경기도 수원시 권선구 고색동 980,경기도,수원시,편의시설,KT,PublicWiFi@Suwon,202110,경기도 수원시 권선구 오목천로 96 (고색동),경기도 수원시 권선구 고색동 980,디지털정책과,031-5191-2299,37.24105541,126.973141,2026-05-12,I,2026-05-15 18:45:29,2026-05-12 16:18:09
3740000,202637400000701037,화성문화재단 옥상,경기도 수원시 팔달구 남창동 14,경기도,수원시,기타,KT,PublicWiFi@Suwon,202110,경기도 수원시 팔달구 행궁로 11,경기도 수원시 팔달구 남창동 14,디지털정책과,031-5191-2299,37.281019,127.014922,2026-05-12,I,2026-05-15 18:45:29,2026-05-12 16:18:09
3740000,202637400000701038,행궁동 청개구리 연못,경기도 수원시 팔달구 팔달로3가 94-5,경기도,수원시,기타,KT,PublicWiFi@Suwon,202110,경기도 수원시 팔달구 행궁로 63,경기도 수원시 팔달구 팔달로3가 94-5,디지털정책과,031-5191-2299,37.276958,127.015762,2026-05-12,I,2026-05-15 18:45:29,2026-05-12 16:18:09
3740000,202637400000701039,송산주차장 앞,경기도 수원시 팔달구3가 79,경기도,수원시,기타,KT,PublicWiFi@Suwon,202110,경기도 수원시 팔달구 정조로 751-12,경기도 수원시 팔달구3가 79,디지털정책과,031-5191-2299,37.275311,127.015768,2026-05-12,I,2026-05-15 18:45:29,2026-05-12 16:18:09
3740000,202637400000701040,수원 가족여성회관 뒤 휴식공간,경기도 수원시 팔달구 교동 87-1,경기도,수원시,기타,KT,PublicWiFi@Suwon,202110,경기도 수원시 팔달구 향교로 122,경기도 수원시 팔달구 교동 87-1,디지털정책과,031-5191-2299,37.272009,127.013488,2026-05-12,I,2026-05-15 18:45:29,2026-05-12 16:18:09
3740000,202637400000701041,중동사거리 광장,경기도 수원시 팔달구 중동 4,경기도,수원시,기타,KT,PublicWiFi@Suwon,202110,경기도 수원시 팔달구 향교로 161,경기도 수원시 팔달구 중동 4,디지털정책과,031-5191-2299,37.275044,127.011928,2026-05-12,I,2026-05-15 18:45:29,2026-05-12 16:18:09
3740000,202637400000701042,팔달문(03133),경기도 수원시 팔달구 팔달로3가 101-3,경기도,수원시,교통시설,KT,PublicWiFi@Suwon,202110,경기도 수원시 팔달구 정조로 775,경기도 수원시 팔달구 팔달로3가 101-3,디지털정책과,031-5191-2299,37.277376,127.016276,2026-05-12,I,2026-05-15 18:45:29,2026-05-12 16:18:09
3740000,202637400000701043,수원 선경산업관,경기도 수원시 권선구 평동 183,경기도,수원시,편의시설,KT,PublicWiFi@Suwon,202110,,경기도 수원시 권선구 평동 183,디지털정책과,031-5191-2299,37.258831,126.992291,2026-05-12,I,2026-05-15 18:45:29,2026-05-12 16:18:09
3740000,202637400000701044,문화향수의집,경기도 수원시 장안구 상광교동 51,경기도,수원시,편의시설,KT,PublicWiFi@Suwon,202110,경기도 수원시 장안구 광교산로 602-37 (상광교동),경기도 수원시 장안구 상광교동 51,디지털정책과,031-5191-2299,37.336099,127.018201,2026-05-12,I,2026-05-15 18:45:29,2026-05-12 16:18:09
3740000,202637400000701045,신미주아파트(02875),경기도 수원시 권선구 금곡동 245-66,경기도,수원시,교통시설,KT,Public WiFi Free,202110,경기도 수원시 권선구 금호로15번길 6,경기도 수원시 권선구 금곡동 245-66,통신사,031-5191-2299,37.268831,126.95426,2026-05-12,I,2026-05-15 18:45:29,2026-05-12 16:18:09
3740000,202637400000701046,삼익아파트(02038),경기도 수원시 권선구 호매실동 82-6,경기도,수원시,교통시설,KT,Public WiFi Free,202110,경기도 수원시 권선구 금호로 60,경기도 수원시 권선구 호매실동 82-6,통신사,031-5191-2299,37.269753,126.95796,2026-05-12,I,2026-05-15 18:45:29,2026-05-12 16:18:09
3740000,202637400000701047,녹산문고앞(03137),경기도 수원시 팔달구 구천동 10-50,경기도,수원시,교통시설,KT,Public WiFi Free,202110,경기도 수원시 팔달구 중부대로 14,경기도 수원시 팔달구 구천동 10-50,통신사,031-5191-2299,37.275135,127.018155,2026-05-12,I,2026-05-15 18:45:29,2026-05-12 16:18:09
3740000,202637400000701048,수원시 복합문화공간 111CM,경기도 수원시 장안구 정자동 111-19,경기도,수원시,서민·복지시설,KT,Public WiFi Free,202110,,경기도 수원시 장안구 정자동 111-19,통신사,031-5191-2299,37.289865,126.992282,2026-05-12,I,2026-05-15 18:45:29,2026-05-12 16:18:09
3740000,202637400000701049,광교호수공원 관리사무소 옥상,경기도 수원시 영통구 하동 1023,경기도,수원시,편의시설,KT,Public WiFi Free,202110,경기도 수원시 영통구 광교호수공원로 102 (하동),경기도 수원시 영통구 하동 1023,통신사,031-5191-2299,37.275233,127.06383,2026-05-12,I,2026-05-15 18:45:29,2026-05-12 16:18:09
3740000,202637400000701050,장안공원,경기도 수원시 장안구 영화동 349-26,경기도,수원시,편의시설,KT,Public WiFi Free,202110,경기도 수원시 장안구 팔달로 238 (영화동),경기도 수원시 장안구 영화동 349-26,통신사,031-5191-2299,37.287541,127.011594,2026-05-12,I,2026-05-15 18:45:29,2026-05-12 16:18:09
3740000,202637400000701051,신동 수변공원,경기도 수원시 영통구 신동 551-1,경기도,수원시,편의시설,KT,Public WiFi Free,202110,,경기도 수원시 영통구 신동 551-1,통신사,031-5191-2299,37.247422,127.041166,2026-05-12,I,2026-05-15 18:45:29,2026-05-12 16:18:09
3740000,202637400000701052,글빛누리공원,경기도 수원시 영통구 망포동 780,경기도,수원시,편의시설,KT,Public WiFi Free,202110,경기도 수원시 영통구 동탄지성로 549-15,경기도 수원시 영통구 망포동 780,통신사,031-5191-2299,37.240924,127.045647,2026-05-12,I,2026-05-15 18:45:29,2026-05-12 16:18:09
3740000,202637400000701053,성균관대역.고용노동부경기지청.율전성당(01262),경기도 수원시 장안구 천천동 575-4,경기도,수원시,교통시설,KT,Public WiFi Free,202110,,경기도 수원시 장안구 천천동 575-4,통신사,031-5191-2299,37.301723,126.97303,2026-05-12,I,2026-05-15 18:45:29,2026-05-12 16:18:09
3740000,202637400000701054,남창동 열린문화 공간(후소),경기도 수원시 팔달구 남창동 99-28,경기도,수원시,서민·복지시설,KT,Public WiFi Free,202110,,경기도 수원시 팔달구 남창동 99-28,통신사,031-5191-2299,37.279597,127.014799,2026-05-12,I,2026-05-15 18:45:29,2026-05-12 16:18:09
3740000,202637400000701055,수원 탑동 시민농장,경기도 수원시 권선구 탑동 540-2,경기도,수원시,기타,KT,Public WiFi Free,202110,경기도 수원시 권선구 서둔로 155,경기도 수원시 권선구 탑동 540-2,통신사,031-5191-2299,37.264986,126.979777,2026-05-12,I,2026-05-15 18:45:29,2026-05-12 16:18:09
3740000,202637400000701056,수원시 연화장 승화원,경기도 수원시 영통구 하동 20,경기도,수원시,서민·복지시설,KT,Public WiFi Free,202110,경기도 수원시 영통구 광교호수로278,경기도 수원시 영통구 하동 20,통신사,031-5191-2299,37.289337,127.08454,2026-05-12,I,2026-05-15 18:45:29,2026-05-12 16:18:09
3740000,202637400000701057,수원시 연화장 장례식장,경기도 수원시 영통구 하동 20,경기도,수원시,서민·복지시설,KT,Public WiFi Free,202110,경기도 수원시 영통구 광교호수로278,경기도 수원시 영통구 하동 20,통신사,031-5191-2299,37.289945,127.084389,2026-05-12,I,2026-05-15 18:45:29,2026-05-12 16:18:09
3740000,202637400000701058,수원시 연화장 추모의집,경기도 수원시 영통구 하동 20,경기도,수원시,서민·복지시설,KT,Public WiFi Free,202110,경기도 수원시 영통구 광교호수로278,경기도 수원시 영통구 하동 20,통신사,031-5191-2299,37.291594,127.083154,2026-05-12,I,2026-05-15 18:45:29,2026-05-12 16:18:09
3740000,202637400000701059,지동 행정복지센터,경기도 수원시 팔달구 지동 479,경기도,수원시,관공서,KT,PublicWiFi@Suwon,202110,경기도 수원시 팔달구 팔달문로115번길 5 (지동),경기도 수원시 팔달구 지동 479,디지털정책과,031-5191-2299,37.28203805,127.0284703,2026-05-12,I,2026-05-15 18:45:29,2026-05-12 16:18:09
3740000,202637400000701060,당수체육공원,경기도 수원시 권선구 당수동 162-1,경기도,수원시,편의시설,KT,PublicWiFi@Suwon,202209,경기도 수원시 권선구 당수로 235,경기도 수원시 권선구 당수동 162-1,디지털정책과,031-5191-2299,37.292278,126.942874,2026-05-12,I,2026-05-15 18:45:29,2026-05-12 16:18:09
3740000,202637400000701061,행궁광장 안내소,경기도 수원시 팔달구 남창동 34-1,경기도,수원시,관광,KT,PublicWiFi@Suwon,202209,,경기도 수원시 팔달구 남창동34-1,디지털정책과,031-5191-2299,37.281402,127.015067,2026-05-12,I,2026-05-15 18:45:29,2026-05-12 16:18:09
3740000,202637400000701062,수원화성 화서문 일원,경기도 수원시 팔달구 장안동 334,경기도,수원시,관광,KT,PublicWiFi@Suwon,202209,,경기도 수원시 팔달구 장안동 334,디지털정책과,031-5191-2299,37.285284,127.010063,2026-05-12,I,2026-05-15 18:45:29,2026-05-12 16:18:09
3740000,202637400000701063,수원화성 장안문 관광안내소,경기도 수원시 팔달구 장안동 2-6,경기도,수원시,관광,KT,PublicWiFi@Suwon,202209,경기도 수원시 팔달구 정조로 901 (장안동),경기도 수원시 팔달구 장안동 2-6,디지털정책과,031-5191-2299,37.287627,127.013839,2026-05-12,I,2026-05-15 18:45:29,2026-05-12 16:18:09
3740000,202637400000701064,수원화성 장안문,경기도 수원시 팔달구 장안동 2-6,경기도,수원시,관광,KT,PublicWiFi@Suwon,202209,경기도 수원시 팔달구 정조로 901 (장안동),경기도 수원시 팔달구 장안동 2-6,디지털정책과,031-5191-2299,37.287627,127.013839,2026-05-12,I,2026-05-15 18:45:29,2026-05-12 16:18:09
3740000,202637400000701065,수원전통문화관,경기도 수원시 팔달구 장안동 11-3,경기도,수원시,관광,KT,PublicWiFi@Suwon,202209,경기도 수원시 팔달구 정조로 893 (장안동),경기도 수원시 팔달구 장안동 11-3,디지털정책과,031-5191-2299,37.287627,127.014394,2026-05-12,I,2026-05-15 18:45:29,2026-05-12 16:18:09
3740000,202637400000701066,수원화성 화홍문,경기도 수원시 팔달구 북수동 90-1,경기도,수원시,관광,KT,PublicWiFi@Suwon,202209,,경기도 수원시 팔달구 북수동 90-1,디지털정책과,031-5191-2299,37.287334,127.017041,2026-05-12,I,2026-05-15 18:45:29,2026-05-12 16:18:09
3740000,202637400000701067,수원화성 방화수류정,경기도 수원시 팔달구 매향동 151,경기도,수원시,관광,KT,PublicWiFi@Suwon,202209,경기도 수원시팔달구 수원천로392번길 44-6,경기도 수원시 팔달구 매향동 151,디지털정책과,031-5191-2299,37.287637,127.018147,2026-05-12,I,2026-05-15 18:45:29,2026-05-12 16:18:09
3740000,202637400000701068,수원화성 연무대,경기도 수원시 팔달구 매향동 1-7,경기도,수원시,관광,KT,PublicWiFi@Suwon,202209,,경기도 수원시 팔달구 매향동 1-7,디지털정책과,031-5191-2299,37.28894,127.024155,2026-05-12,I,2026-05-15 18:45:29,2026-05-12 16:18:09
3740000,202637400000701069,수원화성 동일포루,경기도 수원시 팔달구 남수동 11-55,경기도,수원시,관광,KT,PublicWiFi@Suwon,202209,,경기도 수원시 팔달구 남수동 11-55,디지털정책과,031-5191-2299,37.285985,127.024813,2026-05-12,I,2026-05-15 18:45:29,2026-05-12 16:18:09
3740000,202637400000701070,수원화성 동포루,경기도 수원시 팔달구 남수동 11-55,경기도,수원시,관광,KT,PublicWiFi@Suwon,202209,,경기도 수원시 팔달구 남수동 11-55,디지털정책과,031-5191-2299,37.283635,127.022918,2026-05-12,I,2026-05-15 18:45:29,2026-05-12 16:18:09
3740000,202637400000701071,수원화성 봉돈,경기도 수원시 팔달구 지동 294-1,경기도,수원시,관광,KT,PublicWiFi@Suwon,202209,,경기도 수원시 팔달구 지동 294-1,디지털정책과,031-5191-2299,37.281372,127.021627,2026-05-12,I,2026-05-15 18:45:29,2026-05-12 16:18:09
3740000,202637400000701072,수원화성 동암문,경기도 수원시 팔달구 매향동 153-1,경기도,수원시,관광,KT,PublicWiFi@Suwon,202209,,경기도 수원시 팔달구 매향동 153-1,디지털정책과,031-5191-2299,37.287661,127.022418,2026-05-12,I,2026-05-15 18:45:29,2026-05-12 16:18:09
3740000,202637400000701073,수원화성 동북공심돈,경기도 수원시 팔달구 매향동 157,경기도,수원시,관광,KT,PublicWiFi@Suwon,202209,,경기도 수원시 팔달구 매향동 157,디지털정책과,031-5191-2299,37.289355,127.024431,2026-05-12,I,2026-05-15 18:45:29,2026-05-12 16:18:09
3740000,202637400000701074,연무대 국궁체험장,경기도 수원시 팔달구 매향동 3-32,경기도,수원시,관광,KT,PublicWiFi@Suwon,202209,경기도 수원시 팔달구 창룡대로 105 (매향동),경기도 수원시 팔달구 매향동 3-32,디지털정책과,031-5191-2299,37.289009,127.024282,2026-05-12,I,2026-05-15 18:45:29,2026-05-12 16:18:09
3740000,202637400000701075,수원화성 창룡문,경기도 수원시 팔달구 매향동 2,경기도,수원시,관광,KT,PublicWiFi@Suwon,202209,,경기도 수원시 팔달구 매향동 2,디지털정책과,031-5191-2299,37.287758,127.024114,2026-05-12,I,2026-05-15 18:45:29,2026-05-12 16:18:09
3740000,202637400000701076,행궁동 왕의골목_1(신풍로),경기도 수원시 팔달구 신풍동 186-3,경기도,수원시,기타,KT,PublicWiFi@Suwon,202209,경기도 수원시 팔달구 신풍로 25 (신풍동),경기도 수원시 팔달구 신풍동 186-3,디지털정책과,031-5191-2299,37.283258,127.014803,2026-05-12,I,2026-05-15 18:45:29,2026-05-12 16:18:09
3740000,202637400000701077,행궁동 왕의골목_2(신풍로),경기도 수원시 팔달구 신풍동 186-3,경기도,수원시,기타,KT,PublicWiFi@Suwon,202209,경기도 수원시 팔달구 신풍로 25 (신풍동),경기도 수원시 팔달구 신풍동 186-3,디지털정책과,031-5191-2299,37.283258,127.014803,2026-05-12,I,2026-05-15 18:45:29,2026-05-12 16:18:09
3740000,202637400000701078,행궁동 왕의골목_3(신풍로),경기도 수원시 팔달구 신풍동 363-3,경기도,수원시,기타,KT,PublicWiFi@Suwon,202209,,경기도 수원시 팔달구 신풍동 363-3,디지털정책과,031-5191-2299,37.284552,127.014447,2026-05-12,I,2026-05-15 18:45:29,2026-05-12 16:18:09
3740000,202637400000701079,행궁동 왕의골목_4(신풍로),경기도 수원시 팔달구 신풍동 363-3,경기도,수원시,기타,KT,PublicWiFi@Suwon,202209,,경기도 수원시 팔달구 신풍동 363-3,디지털정책과,031-5191-2299,37.284552,127.014447,2026-05-12,I,2026-05-15 18:45:29,2026-05-12 16:18:09
3740000,202637400000701080,행궁동 왕의골목_5(신풍로),경기도 수원시 팔달구 장안동 53-12,경기도,수원시,기타,KT,PublicWiFi@Suwon,202209,경기도 수원시 팔달구 신풍로 66 (장안동),경기도 수원시 팔달구 장안동 53-12,디지털정책과,031-5191-2299,37.286798,127.013604,2026-05-12,I,2026-05-15 18:45:29,2026-05-12 16:18:09
3740000,202637400000701081,행궁동 행리단길_1,경기도 수원시 팔달구 신풍동 116-3,경기도,수원시,기타,KT,PublicWiFi@Suwon,202209,경기도 수원시 팔달구 화서문로 24-1 (신풍동),경기도 수원시 팔달구 신풍동 116-3,디지털정책과,031-5191-2299,37.285053,127.012855,2026-05-12,I,2026-05-15 18:45:29,2026-05-12 16:18:09
3740000,202637400000701082,행궁동 행리단길_2,경기도 수원시 팔달구 신풍동 116-3,경기도,수원시,기타,KT,PublicWiFi@Suwon,202209,경기도 수원시 팔달구 화서문로 24-1 (신풍동),경기도 수원시 팔달구 신풍동 116-3,디지털정책과,031-5191-2299,37.285053,127.012855,2026-05-12,I,2026-05-15 18:45:29,2026-05-12 16:18:09
3740000,202637400000701083,행궁동 행리단길_3,경기도 수원시 팔달구 장안동 316-3,경기도,수원시,기타,KT,PublicWiFi@Suwon,202209,경기도 수원시 팔달구 화서문로31번길 6 (장안동),경기도 수원시 팔달구 장안동 316-3,디지털정책과,031-5191-2299,37.285245,127.011348,2026-05-12,I,2026-05-15 18:45:29,2026-05-12 16:18:09
3740000,202637400000701084,행궁동 행리단길_4,경기도 수원시 팔달구 장안동 80-6,경기도,수원시,기타,KT,PublicWiFi@Suwon,202209,경기도 수원시 팔달구 신풍로 52 (장안동),경기도 수원시 팔달구 장안동 80-6,디지털정책과,031-5191-2299,37.285724,127.014091,2026-05-12,I,2026-05-15 18:45:29,2026-05-12 16:18:09
3740000,202637400000701085,행궁동 행리단길_5,경기도 수원시 팔달구 장안동 80-6,경기도,수원시,기타,KT,PublicWiFi@Suwon,202209,경기도 수원시 팔달구 신풍로 52 (장안동),경기도 수원시 팔달구 장안동 80-6,디지털정책과,031-5191-2299,37.285724,127.014091,2026-05-12,I,2026-05-15 18:45:29,2026-05-12 16:18:09
3740000,202637400000701086,행궁동 행정복지센터 앞,경기도 수원시 팔달구 신풍동 산3,경기도,수원시,기타,KT,PublicWiFi@Suwon,202209,,경기도 수원시 팔달구 신풍동 산3,디지털정책과,031-5191-2299,37.283723,127.012205,2026-05-12,I,2026-05-15 18:45:29,2026-05-12 16:18:09
3740000,202637400000701087,연무초등학교 앞,경기도 수원시 팔달구 매향동 6-3,경기도,수원시,기타,KT,PublicWiFi@Suwon,202209,,경기도 수원시 팔달구 매향동 6-3,디지털정책과,031-5191-2299,37.287625,127.022775,2026-05-12,I,2026-05-15 18:45:29,2026-05-12 16:18:09
3740000,202637400000701088,수원통닭거리,경기도 수원시 팔달구 팔달로2가 26-4,경기도,수원시,기타,KT,PublicWiFi@Suwon,202209,경기도 수원시 팔달구 팔달문로3번길 27 (팔달로2가),경기도 수원시 팔달구 팔달로2가 26-4,디지털정책과,031-5191-2299,37.278832,127.017635,2026-05-12,I,2026-05-15 18:45:29,2026-05-12 16:18:09
3740000,202637400000701089,수원로데오거리_1,경기도 수원시 팔달구 팔달로3가 79,경기도,수원시,기타,KT,PublicWiFi@Suwon,202209,경기도 수원시 팔달구 정조로 751-12 (팔달로3가),경기도 수원시 팔달구 팔달로3가 79,디지털정책과,031-5191-2299,37.275588,127.015857,2026-05-12,I,2026-05-15 18:45:29,2026-05-12 16:18:09
3740000,202637400000701090,수원로데오거리_2,경기도 수원시 팔달구 중동 14-1,경기도,수원시,기타,KT,PublicWiFi@Suwon,202209,경기도 수원시 팔달구 향교로 154 (중동),경기도 수원시 팔달구 중동 14-1,디지털정책과,031-5191-2299,37.274125,127.015924,2026-05-12,I,2026-05-15 18:45:29,2026-05-12 16:18:09
3740000,202637400000701091,수원 공방거리_1,경기도 수원시 팔달구 남창동 26-1,경기도,수원시,기타,KT,PublicWiFi@Suwon,202209,경기도 수원시 팔달구 행궁로 25 (남창동),경기도 수원시 팔달구 남창동 26-1,디지털정책과,031-5191-2299,37.28031,127.014897,2026-05-12,I,2026-05-15 18:45:29,2026-05-12 16:18:09
3740000,202637400000701092,수원 공방거리_2,경기도 수원시 팔달구 남창동 26-1,경기도,수원시,기타,KT,PublicWiFi@Suwon,202209,경기도 수원시 팔달구 행궁로 25 (남창동),경기도 수원시 팔달구 남창동 26-1,디지털정책과,031-5191-2299,37.28031,127.014897,2026-05-12,I,2026-05-15 18:45:29,2026-05-12 16:18:09
3740000,202637400000701093,수원 공방거리_3,경기도 수원시 팔달구 남창동 121-5,경기도,수원시,기타,KT,PublicWiFi@Suwon,202209,,경기도 수원시 팔달구 남창동 121-5,디지털정책과,031-5191-2299,37.278876,127.015091,2026-05-12,I,2026-05-15 18:45:29,2026-05-12 16:18:09
3740000,202637400000701094,수원 공방거리_4,경기도 수원시 팔달구 남창동 130-2,경기도,수원시,기타,KT,PublicWiFi@Suwon,202209,,경기도 수원시 팔달구 남창동 130-2,디지털정책과,031-5191-2299,37.278432,127.015082,2026-05-12,I,2026-05-15 18:45:29,2026-05-12 16:18:09
3740000,202637400000701095,수원 공방거리_5,경기도 수원시 팔달구 팔달로2가 130-4,경기도,수원시,기타,KT,PublicWiFi@Suwon,202209,경기도 수원시 팔달구 행궁로 55 (팔달로2가),경기도 수원시 팔달구 팔달로2가 130-4,디지털정책과,031-5191-2299,37.277614,127.015655,2026-05-12,I,2026-05-15 18:45:29,2026-05-12 16:18:09
3740000,202637400000701096,수원 공방거리_6,경기도 수원시 팔달구 팔달로2가 130-4,경기도,수원시,기타,KT,PublicWiFi@Suwon,202209,경기도 수원시 팔달구 행궁로 55 (팔달로2가),경기도 수원시 팔달구 팔달로2가 130-4,디지털정책과,031-5191-2299,37.277614,127.015655,2026-05-12,I,2026-05-15 18:45:29,2026-05-12 16:18:09
3740000,202637400000701097,수원로데오거리_3,경기도 수원시 팔달구 팔달로2가 130-4,경기도,수원시,기타,KT,PublicWiFi@Suwon,202209,경기도 수원시 팔달구 행궁로 55 (팔달로2가),경기도 수원시 팔달구 팔달로2가 130-4,디지털정책과,031-5191-2299,37.277614,127.015655,2026-05-12,I,2026-05-15 18:45:29,2026-05-12 16:18:09
3740000,202637400000701098,팔달문_1(03056),경기도 수원시 팔달구 팔달로2가 47-12,경기도,수원시,교통시설,KT,PublicWiFi@Suwon,202209,경기도 수원시 팔달구 정조로 782,경기도 수원시 팔달구 팔달로2가 47-12,디지털정책과,031-5191-2299,37.278327,127.017581,2026-05-12,I,2026-05-15 18:45:29,2026-05-12 16:18:09
3740000,202637400000701099,팔달구청.수원화성박물관(03060),경기도 수원시 팔달구 매향동 49,경기도,수원시,교통시설,KT,PublicWiFi@Suwon,202209,경기도 수원시 팔달구 창룡대로 21 (매향동),경기도 수원시 팔달구 매향동 49,디지털정책과,031-5191-2299,37.281967,127.018939,2026-05-12,I,2026-05-15 18:45:29,2026-05-12 16:18:09
3740000,202637400000701100,화서문.장안공원(01258),경기도 수원시 장안구 영화동 371-99,경기도,수원시,교통시설,KT,PublicWiFi@Suwon,202209,,경기도 수원시 장안구 영화동 371-99,디지털정책과,031-5191-2299,37.286139,127.009206,2026-05-12,I,2026-05-15 18:45:29,2026-05-12 16:18:09
3740000,202637400000701101,팔달구청 광장,경기도 수원시 팔달구 매향동 49,경기도,수원시,관공서,KT,PublicWiFi@Suwon,202209,경기도 수원시 팔달구 창룡대로 23 (매향동),경기도 수원시 팔달구 매향동 49,디지털정책과,031-5191-2299,37.281967,127.018939,2026-05-12,I,2026-05-15 18:45:29,2026-05-12 16:18:09
3740000,202637400000701102,팔달문시장_1,경기도 수원시 팔달구 팔달로3가 25-19,경기도,수원시,편의시설,KT,PublicWiFi@Suwon,202209,경기도 수원시 팔달구 정조로 772 (팔달로3가),경기도 수원시 팔달구 팔달로3가 25-19,디지털정책과,031-5191-2299,37.27688,127.01693,2026-05-12,I,2026-05-15 18:45:29,2026-05-12 16:18:09
3740000,202637400000701103,팔달문시장_2,경기도 수원시 팔달구 영동 10-11,경기도,수원시,편의시설,KT,PublicWiFi@Suwon,202209,경기도 수원시 팔달구 정조로764번길 15 (영동),경기도 수원시 팔달구 영동 10-11,디지털정책과,031-5191-2299,37.276313,127.017715,2026-05-12,I,2026-05-15 18:45:29,2026-05-12 16:18:09
3740000,202637400000701104,팔달문시장_3,경기도 수원시 팔달구 영동 10-11,경기도,수원시,편의시설,KT,PublicWiFi@Suwon,202209,경기도 수원시 팔달구 정조로764번길 15 (영동),경기도 수원시 팔달구 영동 10-11,디지털정책과,031-5191-2299,37.276313,127.017715,2026-05-12,I,2026-05-15 18:45:29,2026-05-12 16:18:09
3740000,202637400000701105,팔달문시장_4,경기도 수원시 팔달구 팔달로3가 27-1,경기도,수원시,편의시설,KT,PublicWiFi@Suwon,202209,,경기도 수원시 팔달구 팔달로3가 27-1,디지털정책과,031-5191-2299,37.276706,127.017549,2026-05-12,I,2026-05-15 18:45:29,2026-05-12 16:18:09
3740000,202637400000701106,팔달문시장_5,경기도 수원시 팔달구 팔달로3가 25-1,경기도,수원시,편의시설,KT,PublicWiFi@Suwon,202209,경기도 수원시 팔달구 정조로776번길 8 (팔달로3가),경기도 수원시 팔달구 팔달로3가 25-1,디지털정책과,031-5191-2299,37.27712,127.017544,2026-05-12,I,2026-05-15 18:45:29,2026-05-12 16:18:09
3740000,202637400000701107,시청 종합민원실,경기도 수원시 팔달구 인계동 1111,경기도,수원시,관공서,KT,PublicWiFi@Suwon,202209,경기도 수원시 팔달구 효원로 241 (인계동),경기도 수원시 팔달구 인계동 1111,디지털정책과,031-5191-2299,37.263451,127.028657,2026-05-12,I,2026-05-15 18:45:29,2026-05-12 16:18:09
3740000,202637400000701108,송죽동 행정복지센터,경기도 수원시 장안구 송죽동 502-1,경기도,수원시,관공서,KT,PublicWiFi@Suwon,202209,경기도 수원시 장안구 송원로41번길 16-21 (송죽동),경기도 수원시 장안구 송죽동 502-1,디지털정책과,031-5191-2299,37.300224,127.006771,2026-05-12,I,2026-05-15 18:45:29,2026-05-12 16:18:09
3740000,202637400000701109,세류2동 행정복지센터,경기도 수원시 권선구 세류동 980-1,경기도,수원시,관공서,KT,PublicWiFi@Suwon,202209,경기도 수원시 권선구 덕영대로 1107 (세류동),경기도 수원시 권선구 세류동 980-1,디지털정책과,031-5191-2299,37.253247,127.013156,2026-05-12,I,2026-05-15 18:45:29,2026-05-12 16:18:09
3740000,202637400000701110,호매실동 행정복지센터,경기도 수원시 권선구 호매실동 1367,경기도,수원시,관공서,KT,PublicWiFi@Suwon,202209,경기도 수원시 권선구 칠보로 161 (호매실동),경기도 수원시 권선구 호매실동 1367,디지털정책과,031-5191-2299,37.266251,126.957041,2026-05-12,I,2026-05-15 18:45:29,2026-05-12 16:18:09
3740000,202637400000701111,인계동 행정복지센터,경기도 수원시 팔달구 인계동 909-69,경기도,수원시,관공서,KT,PublicWiFi@Suwon,202209,경기도 수원시 팔달구 인계로29번길 6 (인계동),경기도 수원시 팔달구 인계동 909-69,디지털정책과,031-5191-2299,37.268522,127.028659,2026-05-12,I,2026-05-15 18:45:29,2026-05-12 16:18:09
3740000,202637400000701112,매탄1동 행정복지센터,경기도 수원시 영통구 매탄동 176-4,경기도,수원시,관공서,KT,PublicWiFi@Suwon,202209,경기도 수원시 영통구 인계로189번길 119 (매탄동),경기도 수원시 영통구 매탄동 176-4,디지털정책과,031-5191-2299,37.270522,127.040511,2026-05-12,I,2026-05-15 18:45:29,2026-05-12 16:18:09
3740000,202637400000701113,매산동 어울림센터,경기도 수원시 팔달구 매산로1가 47-3,경기도,수원시,관공서,KT,PublicWiFi@Suwon,202209,경기도 수원시 팔달구 매산로 13-4 (매산로1가),경기도 수원시 팔달구 매산로1가 47-3,디지털정책과,031-5191-2299,37.267682,127.002904,2026-05-12,I,2026-05-15 18:45:29,2026-05-12 16:18:09
3740000,202637400000701114,고등동행정복지센터. 쌍우물어린이공원(03021),경기도 수원시 팔달구 고등동 156-40,경기도,수원시,교통시설,KT,PublicWiFi@Suwon,202306,,경기도 수원시 팔달구 고등동 156-40,디지털정책과,031-5191-2299,37.272889,126.999896,2026-05-12,I,2026-05-15 18:45:29,2026-05-12 16:18:09
3740000,202637400000701115,정자동중심상가(01084) 스마트정류장,경기도 수원시 장안구 정자동 877-8,경기도,수원시,교통시설,KT,PublicWiFi@Suwon,202209,,경기도 수원시 장안구 정자동 877-8,디지털정책과,031-5191-2299,37.295618,126.993278,2026-05-12,I,2026-05-15 18:45:29,2026-05-12 16:18:09
3740000,202637400000701116,홈플러스 서수원점(02864) 스마트정류장,경기도 수원시 권선구 금곡동 1116-2,경기도,수원시,교통시설,KT,PublicWiFi@Suwon,202209,,경기도 수원시 권선구 금곡동 1116-2,디지털정책과,031-5191-2299,37.274432,126.956112,2026-05-12,I,2026-05-15 18:45:29,2026-05-12 16:18:09
3740000,202637400000701117,수원버스터미널(02224) 스마트정류장,경기도 수원시 권선구 권선동 341-14,경기도,수원시,교통시설,KT,PublicWiFi@Suwon,202209,,경기도 수원시 권선구 권선동 341-14,디지털정책과,031-5191-2299,37.24909,127.021113,2026-05-12,I,2026-05-15 18:45:29,2026-05-12 16:18:09
3740000,202637400000701118,영통2동 행정복지센터(04325) 스마트정류장,경기도 수원시 영통구 영통동 979-8,경기도,수원시,교통시설,KT,PublicWiFi@Suwon,202209,,경기도 수원시 영통구 영통동 979-8,디지털정책과,031-5191-2299,37.246004,127.055533,2026-05-12,I,2026-05-15 18:45:29,2026-05-12 16:18:09
3740000,202637400000701119,수원시청역8번출구.헌혈의집(03090) 스마트정류장,경기도 수원시 팔달구 인계동1138,경기도,수원시,교통시설,KT,PublicWiFi@Suwon,202209,경기도 수원시 팔달구 권광로180번길 1-2 (인계동),경기도 수원시 팔달구 인계동1138,디지털정책과,031-5191-2299,37.263742,127.032418,2026-05-12,I,2026-05-15 18:45:29,2026-05-12 16:18:09
3740000,202637400000701120,영통역(04150) 스마트정류장,경기도 수원시 영통구 봉영로 1606,경기도,수원시,교통시설,KT,Public WiFi Free,202209,경기도 수원시 영통구 봉영로 1606,경기도 수원시 영통구 봉영로 1606,디지털정책과,031-5191-2299,37.253869,127.074485,2026-05-12,I,2026-05-15 18:45:29,2026-05-12 16:18:09
3740000,202637400000701121,고등동사거리.고등동행정복지센터(03026),경기도 수원시 팔달구 고등동 148-6,경기도,수원시,교통시설,KT,PublicWiFi@Suwon,202209,,경기도 수원시 팔달구 고등동 148-6,디지털정책과,031-5191-2299,37.273896,127.002079,2026-05-12,I,2026-05-15 18:45:29,2026-05-12 16:18:09
3740000,202637400000701122,아주대.아주대병원입구.한국자산관리공사(03126),경기도 수원시 영통구 원천동 19-18,경기도,수원시,교통시설,KT,PublicWiFi@Suwon,202209,,경기도 수원시 영통구 원천동 19-18,디지털정책과,031-5191-2299,37.278645,127.043722,2026-05-12,I,2026-05-15 18:45:29,2026-05-12 16:18:09
3740000,202637400000701123,수원아이파크시티.선일초교(02959) 스마트정류장,경기도 수원시 권선구 권선동 1368-1,경기도,수원시,교통시설,KT,PublicWiFi@Suwon,202209,,경기도 수원시 권선구 권선동 1368-1,디지털정책과,031-5191-2299,37.246907,127.030292,2026-05-12,I,2026-05-15 18:45:29,2026-05-12 16:18:09
3740000,202637400000701124,수원KT위즈파크(01131) 스마트정류장,경기도 수원시 장안구 조원동 825,경기도,수원시,교통시설,KT,PublicWiFi@Suwon,202209,,경기도 수원시 장안구 조원동 825,디지털정책과,031-5191-2299,37.300278,127.008472,2026-05-12,I,2026-05-15 18:45:29,2026-05-12 16:18:09
3740000,202637400000701125,광교청소년수련관_1,경기도 수원시 영통구 이의동 1342,경기도,수원시,서민·복지시설,LGU+,PublicWiFi@Suwon,202209,경기도 수원시 영통구 도청로17번길 24,경기도 수원시 영통구 이의동 1342,통신사,031-5191-2299,37.28623,127.05392,2026-05-12,I,2026-05-15 18:45:29,2026-05-12 16:18:09
3740000,202637400000701126,광교청소년수련관_2,경기도 수원시 영통구 이의동 1342,경기도,수원시,서민·복지시설,LGU+,PublicWiFi@Suwon,202209,경기도 수원시 영통구 도청로17번길 24,경기도 수원시 영통구 이의동 1342,통신사,031-5191-2299,37.28623,127.05392,2026-05-12,I,2026-05-15 18:45:29,2026-05-12 16:18:09
3740000,202637400000701127,광교청소년수련관_3,경기도 수원시 영통구 이의동 1342,경기도,수원시,서민·복지시설,LGU+,PublicWiFi@Suwon,202209,경기도 수원시 영통구 도청로17번길 24,경기도 수원시 영통구 이의동 1342,통신사,031-5191-2299,37.28623,127.05392,2026-05-12,I,2026-05-15 18:45:29,2026-05-12 16:18:09
3740000,202637400000701128,장안청소년문화의집 지하1층,경기도 수원시 장안구 정자동 28-7,경기도,수원시,서민·복지시설,LGU+,PublicWiFi@Suwon,202209,경기도 수원시 장안구 수성로275번길 114,경기도 수원시 장안구 정자동 28-7,통신사,031-5191-2299,37.294848,126.999286,2026-05-12,I,2026-05-15 18:45:29,2026-05-12 16:18:09
3740000,202637400000701129,장안청소년문화의집 1층,경기도 수원시 장안구 정자동 28-7,경기도,수원시,서민·복지시설,LGU+,PublicWiFi@Suwon,202209,경기도 수원시 장안구 수성로275번길 114,경기도 수원시 장안구 정자동 28-7,통신사,031-5191-2299,37.294848,126.999286,2026-05-12,I,2026-05-15 18:45:29,2026-05-12 16:18:09
3740000,202637400000701130,장안청소년문화의집 2층,경기도 수원시 장안구 정자동 28-7,경기도,수원시,서민·복지시설,LGU+,PublicWiFi@Suwon,202209,경기도 수원시 장안구 수성로275번길 114,경기도 수원시 장안구 정자동 28-7,통신사,031-5191-2299,37.294848,126.999286,2026-05-12,I,2026-05-15 18:45:29,2026-05-12 16:18:09
3740000,202637400000701131,수원시 청소년 문화센터 새천년 수영장,경기도 수원시 팔달구 인계동 333,경기도,수원시,서민·복지시설,LGU+,PublicWiFi@Suwon,202209,경기도 수원시 팔달구 권광로 293,경기도 수원시 팔달구 인계동 333,통신사,031-5191-2299,37.274258,127.034708,2026-05-12,I,2026-05-15 18:45:29,2026-05-12 16:18:09
3740000,202637400000701132,자유공간2호_파장동,경기도 수원시 장안구 파장동 584-6,경기도,수원시,서민·복지시설,LGU+,PublicWiFi@Suwon,202209,경기도 수원시 장안구 경수대로1073번길 11,경기도 수원시 장안구 파장동 584-6,통신사,031-5191-2299,37.308404,126.994798,2026-05-12,I,2026-05-15 18:45:29,2026-05-12 16:18:09
3740000,202637400000701133,자유공간3호_세류중,경기도 수원시 권선구 세류동 207,경기도,수원시,서민·복지시설,LGU+,PublicWiFi@Suwon,202209,경기도 수원시 권선구 덕영대로1031번길 6,경기도 수원시 권선구 세류동 207,통신사,031-5191-2299,37.257651,127.006831,2026-05-12,I,2026-05-15 18:45:29,2026-05-12 16:18:09
3740000,202637400000701134,자유공간4호_고색중,경기도 수원시 권선구 고색동 888-92,경기도,수원시,서민·복지시설,LGU+,PublicWiFi@Suwon,202209,경기도 수원시 권선구 매송고색로711번길 50,경기도 수원시 권선구 고색동 888-92,통신사,031-5191-2299,37.253519,126.981078,2026-05-12,I,2026-05-15 18:45:29,2026-05-12 16:18:09
3740000,202637400000701135,자유공간5호_제일중,경기도 수원시 팔달구 화서동 5,경기도,수원시,서민·복지시설,LGU+,PublicWiFi@Suwon,202209,경기도 수원시 팔달구 수성로244번길 37-52,경기도 수원시 팔달구 화서동 5,통신사,031-5191-2299,37.287313,127.000543,2026-05-12,I,2026-05-15 18:45:29,2026-05-12 16:18:09
3740000,202637400000701136,자유공간6호_송원중,경기도 수원시 장안구 송죽동 376,경기도,수원시,서민·복지시설,LGU+,PublicWiFi@Suwon,202209,경기도 수원시 장안구 송정로21번길 42,경기도 수원시 장안구 송죽동 376,통신사,031-5191-2299,37.29742,127.002776,2026-05-12,I,2026-05-15 18:45:29,2026-05-12 16:18:10
3740000,202637400000701137,청개구리 마을_서호초,경기도 수원시 권선구 서둔동 39-7,경기도,수원시,서민·복지시설,LGU+,PublicWiFi@Suwon,202209,경기도 수원시 권선구 서호동로14번길 47,경기도 수원시 권선구 서둔동 39-7,통신사,031-5191-2299,37.265759,126.990309,2026-05-12,I,2026-05-15 18:45:29,2026-05-12 16:18:10
3740000,202637400000701138,남자단기청소년쉼터,경기도 수원시 권선구 세류동 1121-4 리치타워 3층,경기도,수원시,서민·복지시설,LGU+,PublicWiFi@Suwon,202209,경기도 수원시 권선구 경수대로 261,경기도 수원시 권선구 세류동 1121-4,통신사,031-5191-2299,37.250659,127.018614,2026-05-12,I,2026-05-15 18:45:29,2026-05-12 16:18:10
3740000,202637400000701139,여자단기청소년쉼터,경기도 수원시 팔달구 팔달로3가 79 송산빌등 3층,경기도,수원시,서민·복지시설,LGU+,PublicWiFi@Suwon,202209,경기도 수원시 팔달구 행궁로 77,경기도 수원시 팔달구 팔달로3가 79,통신사,031-5191-2299,37.275688,127.015833,2026-05-12,I,2026-05-15 18:45:29,2026-05-12 16:18:10
3740000,202637400000701140,장안구민회관,경기도 수원시 장안구 조원동 888,경기도,수원시,서민·복지시설,LGU+,PublicWiFi@Suwon,202209,경기도 수원시 장안구 송원로 101,경기도 수원시 장안구 조원동 888,통신사,031-5191-2299,37.30318,127.009488,2026-05-12,I,2026-05-15 18:45:29,2026-05-12 16:18:10
3740000,202637400000701141,서수원 칠보체육관,경기도 수원시 권선구 금곡동 1071,경기도,수원시,편의시설,LGU+,PublicWiFi@Suwon,202209,경기도 수원시 권선구 서수원로577번길 171,경기도 수원시 권선구 금곡동 1071,통신사,031-5191-2299,37.2761282,126.948263,2026-05-12,I,2026-05-15 18:45:29,2026-05-12 16:18:10
3740000,202637400000701142,수원국민체육센터_2,경기도 수원시 장안구 조원동 775,경기도,수원시,편의시설,LGU+,PublicWiFi@Suwon,202209,경기도 수원시 장안구 경수대로 893,경기도 수원시 장안구 조원동 775,통신사,031-5191-2299,37.296962,127.008674,2026-05-12,I,2026-05-15 18:45:29,2026-05-12 16:18:10
3740000,202637400000701143,경기남부보훈지청_1,경기도 수원시 장안구 영화동 15-5,경기도,수원시,관공서,LGU+,PublicWiFi@Suwon,202209,경기도 수원시 장안구 조원로 8 (영화동),경기도 수원시 장안구 영화동 15-5,통신사,031-5191-2299,37.295925,127.022483,2026-05-12,I,2026-05-15 18:45:29,2026-05-12 16:18:10
3740000,202637400000701144,경기남부보훈지청_2,경기도 수원시 장안구 영화동 15-5,경기도,수원시,관공서,LGU+,PublicWiFi@Suwon,202209,경기도 수원시 장안구 조원로 8 (영화동),경기도 수원시 장안구 영화동 15-5,통신사,031-5191-2299,37.295925,127.022483,2026-05-12,I,2026-05-15 18:45:29,2026-05-12 16:18:10
3740000,202637400000701145,보훈공단 보훈원 1F,경기도 수원시 장안구 하광교동 428-2,경기도,수원시,서민·복지시설,LGU+,PublicWiFi@Suwon,202209,경기도 수원시 장안구 광교산로 97 (하광교동),경기도 수원시 장안구 하광교동 428-2,통신사,031-5191-2299,37.298743,127.026509,2026-05-12,I,2026-05-15 18:45:29,2026-05-12 16:18:10
3740000,202637400000701146,보훈공단 보훈원 2F,경기도 수원시 장안구 하광교동 428-2,경기도,수원시,서민·복지시설,LGU+,PublicWiFi@Suwon,202209,경기도 수원시 장안구 광교산로 97 (하광교동),경기도 수원시 장안구 하광교동 428-2,통신사,031-5191-2299,37.298743,127.026509,2026-05-12,I,2026-05-15 18:45:29,2026-05-12 16:18:10
3740000,202637400000701147,보훈공단 보훈원 3F,경기도 수원시 장안구 하광교동 428-2,경기도,수원시,서민·복지시설,LGU+,PublicWiFi@Suwon,202209,경기도 수원시 장안구 광교산로 97 (하광교동),경기도 수원시 장안구 하광교동 428-2,통신사,031-5191-2299,37.298743,127.026509,2026-05-12,I,2026-05-15 18:45:29,2026-05-12 16:18:10
3740000,202637400000701148,농수산물도매시장 과일동_1,경기도 수원시 권선구 권선동 1229,경기도,수원시,편의시설,LGU+,PublicWiFi@Suwon,202209,경기도 수원시 권선구 세권로 243 (권선동),경기도 수원시 권선구 권선동 1229,통신사,031-5191-2299,37.255234,127.031062,2026-05-12,I,2026-05-15 18:45:29,2026-05-12 16:18:10
3740000,202637400000701149,농수산물도매시장 과일동_2,경기도 수원시 권선구 권선동 1229,경기도,수원시,편의시설,LGU+,PublicWiFi@Suwon,202209,경기도 수원시 권선구 세권로 243 (권선동),경기도 수원시 권선구 권선동 1229,통신사,031-5191-2299,37.255234,127.031062,2026-05-12,I,2026-05-15 18:45:29,2026-05-12 16:18:10
3740000,202637400000701150,농수산물도매시장 수산동_1,경기도 수원시 권선구 권선동 1229,경기도,수원시,편의시설,LGU+,PublicWiFi@Suwon,202209,경기도 수원시 권선구 세권로 243 (권선동),경기도 수원시 권선구 권선동 1229,통신사,031-5191-2299,37.255234,127.031062,2026-05-12,I,2026-05-15 18:45:29,2026-05-12 16:18:10
3740000,202637400000701151,농수산물도매시장 수산동_2,경기도 수원시 권선구 권선동 1229,경기도,수원시,편의시설,LGU+,PublicWiFi@Suwon,202209,경기도 수원시 권선구 세권로 243 (권선동),경기도 수원시 권선구 권선동 1229,통신사,031-5191-2299,37.255234,127.031062,2026-05-12,I,2026-05-15 18:45:29,2026-05-12 16:18:10
3740000,202637400000701152,농수산물도매시장 채소1동,경기도 수원시 권선구 권선동 1229,경기도,수원시,편의시설,LGU+,PublicWiFi@Suwon,202209,경기도 수원시 권선구 세권로 243 (권선동),경기도 수원시 권선구 권선동 1229,통신사,031-5191-2299,37.255234,127.031062,2026-05-12,I,2026-05-15 18:45:29,2026-05-12 16:18:10
3740000,202637400000701153,농수산물도매시장 채소2동_1,경기도 수원시 권선구 권선동 1229,경기도,수원시,편의시설,LGU+,PublicWiFi@Suwon,202209,경기도 수원시 권선구 세권로 243 (권선동),경기도 수원시 권선구 권선동 1229,통신사,031-5191-2299,37.255234,127.031062,2026-05-12,I,2026-05-15 18:45:29,2026-05-12 16:18:10
3740000,202637400000701154,농수산물도매시장 채소2동_2,경기도 수원시 권선구 권선동 1229,경기도,수원시,편의시설,LGU+,PublicWiFi@Suwon,202209,경기도 수원시 권선구 세권로 243 (권선동),경기도 수원시 권선구 권선동 1229,통신사,031-5191-2299,37.255234,127.031062,2026-05-12,I,2026-05-15 18:45:29,2026-05-12 16:18:10
3740000,202637400000701155,일월 수목원 잔디광장,경기도 수원시 장안구 천천동 430,경기도,수원시,편의시설,LGU+,PublicWiFi@Suwon,202209,경기도 수원시 장안구 일월로 61 (천천동),경기도 수원시 장안구 천천동 430,통신사,031-5191-2299,37.287707,126.976064,2026-05-12,I,2026-05-15 18:45:29,2026-05-12 16:18:10
3740000,202637400000701156,일월 수목원 맛있는정원,경기도 수원시 장안구 천천동 430,경기도,수원시,편의시설,LGU+,PublicWiFi@Suwon,202209,경기도 수원시 장안구 일월로 61 (천천동),경기도 수원시 장안구 천천동 430,통신사,031-5191-2299,37.287707,126.976064,2026-05-12,I,2026-05-15 18:45:29,2026-05-12 16:18:10
3740000,202637400000701157,일월 수목원 다산정원,경기도 수원시 장안구 천천동 430,경기도,수원시,편의시설,LGU+,PublicWiFi@Suwon,202209,경기도 수원시 장안구 일월로 61 (천천동),경기도 수원시 장안구 천천동 430,통신사,031-5191-2299,37.287707,126.976064,2026-05-12,I,2026-05-15 18:45:29,2026-05-12 16:18:10
3740000,202637400000701158,일월 수목원 숲정원,경기도 수원시 장안구 천천동 430,경기도,수원시,편의시설,LGU+,PublicWiFi@Suwon,202209,경기도 수원시 장안구 일월로 61 (천천동),경기도 수원시 장안구 천천동 430,통신사,031-5191-2299,37.287707,126.976064,2026-05-12,I,2026-05-15 18:45:29,2026-05-12 16:18:10
3740000,202637400000701159,일월 수목원 관목원,경기도 수원시 장안구 천천동 430,경기도,수원시,편의시설,LGU+,PublicWiFi@Suwon,202209,경기도 수원시 장안구 일월로 61 (천천동),경기도 수원시 장안구 천천동 430,통신사,031-5191-2299,37.287707,126.976064,2026-05-12,I,2026-05-15 18:45:29,2026-05-12 16:18:10
3740000,202637400000701160,일월 수목원 장식정원,경기도 수원시 장안구 천천동 430,경기도,수원시,편의시설,LGU+,PublicWiFi@Suwon,202209,경기도 수원시 장안구 일월로 61 (천천동),경기도 수원시 장안구 천천동 430,통신사,031-5191-2299,37.287707,126.976064,2026-05-12,I,2026-05-15 18:45:29,2026-05-12 16:18:10
3740000,202637400000701161,일월 수목원 방문자센터 B1,경기도 수원시 장안구 천천동 430,경기도,수원시,편의시설,LGU+,PublicWiFi@Suwon,202209,경기도 수원시 장안구 일월로 61 (천천동),경기도 수원시 장안구 천천동 430,통신사,031-5191-2299,37.287707,126.976064,2026-05-12,I,2026-05-15 18:45:29,2026-05-12 16:18:10
3740000,202637400000701162,일월 수목원 방문자센터 1층,경기도 수원시 장안구 천천동 430,경기도,수원시,편의시설,LGU+,PublicWiFi@Suwon,202209,경기도 수원시 장안구 일월로 61 (천천동),경기도 수원시 장안구 천천동 430,통신사,031-5191-2299,37.287707,126.976064,2026-05-12,I,2026-05-15 18:45:29,2026-05-12 16:18:10
3740000,202637400000701163,일월 수목원 전시온실,경기도 수원시 장안구 천천동 430,경기도,수원시,편의시설,LGU+,PublicWiFi@Suwon,202209,경기도 수원시 장안구 일월로 61 (천천동),경기도 수원시 장안구 천천동 430,통신사,031-5191-2299,37.287707,126.976064,2026-05-12,I,2026-05-15 18:45:29,2026-05-12 16:18:10
3740000,202637400000701164,수원시립만석전시관,경기도 수원시 장안구 송죽동 409-2,경기도,수원시,편의시설,LGU+,PublicWiFi@Suwon,202209,경기도 수원시 장안구 송정로19,경기도 수원시 장안구 송죽동 409-2,통신사,031-5191-2299,37.296977,126.999554,2026-05-12,I,2026-05-15 18:45:29,2026-05-12 16:18:10
3740000,202637400000701165,오목천역.영신여자고교(02055),경기도 수원시 권선구 오목천동 44-25,경기도,수원시,교통시설,LGU+,PublicWiFi@Suwon,202209,,경기도 수원시 권선구 오목천동 44-25,통신사,031-5191-2299,37.241937,126.962767,2026-05-12,I,2026-05-15 18:45:29,2026-05-12 16:18:10
3740000,202637400000701166,망포1동행정복지센터.삼정라츠(04089),경기도 수원시 영통구 망포동 530-2,경기도,수원시,교통시설,LGU+,PublicWiFi@Suwon,202209,경기도 수원시 영통구 영통로90번길7,경기도 수원시 영통구 망포동 530-2,통신사,031-5191-2299,37.237317,127.059461,2026-05-12,I,2026-05-15 18:45:29,2026-05-12 16:18:10
3740000,202637400000701167,매탄성일아파트(04020),경기도 수원시 영통구 매탄동 810-4,경기도,수원시,교통시설,LGU+,PublicWiFi@Suwon,202209,경기도 수원시 영통구 인계로 239 (매탄동),경기도 수원시 영통구 매탄동 810-4,통신사,031-5191-2299,37.264423,127.044442,2026-05-12,I,2026-05-15 18:45:29,2026-05-12 16:18:10
3740000,202637400000701168,이마트(02232),경기도 수원시 권선구 권선동 1193-2,경기도,수원시,교통시설,LGU+,PublicWiFi@Suwon,202209,경기도 수원시 권선구 덕영대로 1205 (권선동),경기도 수원시 권선구 권선동 1193-2,통신사,031-5191-2299,37.249017,127.023032,2026-05-12,I,2026-05-15 18:45:29,2026-05-12 16:18:10
3740000,202637400000701169,매교다리(03053),경기도 수원시 팔달구 매교동 15-1,경기도,수원시,교통시설,LGU+,PublicWiFi@Suwon,202209,경기도 수원시 팔달구 정조로 711 (매교동),경기도 수원시 팔달구 매교동 15-1,통신사,031-5191-2299,37.271606,127.016875,2026-05-12,I,2026-05-15 18:45:29,2026-05-12 16:18:10
3740000,202637400000701170,수원시청.수원일자리센터(02251),경기도 수원시 권선구 권선동 1013,경기도,수원시,교통시설,LGU+,Public WiFi Free,202209,경기도 수원시 권선구 효원로256번길 7 (권선동),경기도 수원시 권선구 권선동 1013,디지털정책과,031-5191-2299,37.26164898,127.0297748,2026-05-12,I,2026-05-15 18:45:29,2026-05-12 16:18:10
3740000,202637400000701171,연무시장 전통시장거리,경기도 수원시 장안구 연무동 249,경기도,수원시,편의시설,LGU+,PublicWiFi@Suwon,202209,경기도 수원시 장안구 월드컵로428번길 10,경기도 수원시 장안구 연무동 249,통신사,031-5191-2299,37.29463,127.026323,2026-05-12,I,2026-05-15 18:45:29,2026-05-12 16:18:10
3740000,202637400000701172,연무시장 문화구역거리,경기도 수원시 장안구 연무동 249,경기도,수원시,편의시설,LGU+,PublicWiFi@Suwon,202209,경기도 수원시 장안구 월드컵로428번길 10,경기도 수원시 장안구 연무동 249,통신사,031-5191-2299,37.29463,127.026323,2026-05-12,I,2026-05-15 18:45:29,2026-05-12 16:18:10
3740000,202637400000701173,정자시장_1,경기도 수원시 장안구 정자동 73-7,경기도,수원시,편의시설,LGU+,PublicWiFi@Suwon,202209,경기도 수원시 장안구 수성로261번길 30 (정자동),경기도 수원시 장안구 정자동 73-7,통신사,031-5191-2299,37.29072,127.000433,2026-05-12,I,2026-05-15 18:45:29,2026-05-12 16:18:10
3740000,202637400000701174,정자시장_2,경기도 수원시 장안구 정자동 73-7,경기도,수원시,편의시설,LGU+,PublicWiFi@Suwon,202209,경기도 수원시 장안구 수성로261번길 30 (정자동),경기도 수원시 장안구 정자동 73-7,통신사,031-5191-2299,37.29072,127.000433,2026-05-12,I,2026-05-15 18:45:29,2026-05-12 16:18:10
3740000,202637400000701175,정자시장_3,경기도 수원시 장안구 정자동 42-6,경기도,수원시,편의시설,LGU+,PublicWiFi@Suwon,202209,경기도 수원시 장안구 수성로261번길 70 (정자동),경기도 수원시 장안구 정자동 42-6,통신사,031-5191-2299,37.29072,127.000433,2026-05-12,I,2026-05-15 18:45:29,2026-05-12 16:18:10
3740000,202637400000701176,영화어린이공원,경기도 수원시 장안구 영화동 352,경기도,수원시,편의시설,LGU+,PublicWiFi@Suwon,202209,경기도 수원시 장안구 수성로340번길 30 (영화동),경기도 수원시 장안구 영화동 352,통신사,031-5191-2299,37.291288,127.009875,2026-05-12,I,2026-05-15 18:45:29,2026-05-12 16:18:10
3740000,202637400000701177,수인선 세류공원,경기도 수원시 권선구 세류동 283-1,경기도,수원시,편의시설,LGU+,PublicWiFi@Suwon,202209,,경기도 수원시 권선구 세류동 283-1,통신사,031-5191-2299,37.259059,127.006243,2026-05-12,I,2026-05-15 18:45:29,2026-05-12 16:18:10
3740000,202637400000701178,파장동 행정복지센터,경기도 수원시 장안구 파장동 381,경기도,수원시,관공서,KT,PublicWiFi@Suwon,202306,경기도 수원시장안구 파장천로 60 (파장동),경기도 수원시 장안구 파장동 381,디지털정책과,031-5191-2299,37.3103196,126.997419,2026-05-12,I,2026-05-15 18:45:29,2026-05-12 16:18:10
3740000,202637400000701179,정자3동 행정복지센터,경기도 수원시 장안구 정자동 879-4,경기도,수원시,관공서,KT,PublicWiFi@Suwon,202306,경기도 수원시장안구 대평로 85 (정자동),경기도 수원시 장안구 정자동 879-4,디지털정책과,031-5191-2299,37.29570099,126.9925834,2026-05-12,I,2026-05-15 18:45:29,2026-05-12 16:18:10
3740000,202637400000701180,영화동 행정복지센터,경기도 수원시 장안구 영화동 250-1,경기도,수원시,관공서,KT,PublicWiFi@Suwon,202306,경기도 수원시장안구 수성로382번길 24 (영화동),경기도 수원시 장안구 영화동 250-1,디지털정책과,031-5191-2299,37.293255,127.014142,2026-05-12,I,2026-05-15 18:45:29,2026-05-12 16:18:10
3740000,202637400000701181,금곡동 행정복지센터,경기도 수원시 권선구 금곡동 1119-4,경기도,수원시,관공서,KT,PublicWiFi@Suwon,202306,경기도 수원시권선구 금곡로196번길 20 (금곡동),경기도 수원시 권선구 금곡동 1119-4,디지털정책과,031-5191-2299,37.27272948,126.9521896,2026-05-12,I,2026-05-15 18:45:29,2026-05-12 16:18:10
3740000,202637400000701182,매산동 행정복지센터,경기도 수원시 팔달구 매산로2가 40-30,경기도,수원시,관공서,KT,PublicWiFi@Suwon,202306,경기도 수원시팔달구 매산로 41 (매산로2가),경기도 수원시 팔달구 매산로2가 40-30,디지털정책과,031-5191-2299,37.26873478,127.0056958,2026-05-12,I,2026-05-15 18:45:29,2026-05-12 16:18:10
3740000,202637400000701183,화서1동 행정복지센터,경기도 수원시 팔달구 화서동 184-357,경기도,수원시,관공서,KT,PublicWiFi@Suwon,202306,경기도 수원시팔달구 동말로4번길 10 (화서동),경기도 수원시 팔달구 화서동 184-357,디지털정책과,031-5191-2299,37.27642249,126.9950343,2026-05-12,I,2026-05-15 18:45:29,2026-05-12 16:18:10
3740000,202637400000701184,매탄3동 행정복지센터,경기도 수원시 영통구 매탄동 1279-1,경기도,수원시,관공서,KT,PublicWiFi@Suwon,202306,경기도 수원시영통구 동탄원천로881번길 76 (매탄동),경기도 수원시 영통구 매탄동 1279-1,디지털정책과,031-5191-2299,37.25644766,127.0431059,2026-05-12,I,2026-05-15 18:45:29,2026-05-12 16:18:10
3740000,202637400000701185,망포2동 행정복지센터,경기도 수원시 영통구 망포동 234-43,경기도,수원시,관공서,KT,PublicWiFi@Suwon,202306,경기도 수원시영통구 태장로54번길 10 (망포동),경기도 수원시 영통구 망포동 234-43,디지털정책과,031-5191-2299,37.23884866,127.0516158,2026-05-12,I,2026-05-15 18:45:29,2026-05-12 16:18:10
3740000,202637400000701186,광교1동 행정복지센터,경기도 수원시 영통구 이의동 1350,경기도,수원시,관공서,KT,PublicWiFi@Suwon,202306,경기도 수원시영통구 도청로89번길 20 (이의동),경기도 수원시 영통구 이의동 1350,디지털정책과,031-5191-2299,37.29018098,127.047397,2026-05-12,I,2026-05-15 18:45:29,2026-05-12 16:18:10
3740000,202637400000701187,수원시립미술관,경기도 수원시 팔달구 신픙동 238-1,경기도,수원시,지역문화시설,KT,PublicWiFi@Suwon,202306,경기도 수원시팔달구 정조로 833,경기도 수원시 팔달구 신픙동 238-1,수원시립미술관,031-5191-2299,37.28270358,127.015823,2026-05-12,I,2026-05-15 18:45:29,2026-05-12 16:18:10
3740000,202637400000701188,경기대후문.수원박물관.광교대학로(04181),경기도 수원시 영통구 이의동 산94-6,경기도,수원시,교통시설,KT,PublicWiFi@Suwon,202306,경기도 수원시 영통구 광교산로 154-42 (이의동),경기도 수원시 영통구 이의동 산94-6,디지털정책과,031-5191-2299,37.29801405,127.0331186,2026-05-12,I,2026-05-15 18:45:29,2026-05-12 16:18:10
3740000,202637400000701189,지동교,경기도 수원시 팔달구 영동 8,경기도,수원시,기타,SKB,PublicWiFi@Suwon,202306,경기도 수원시 팔달구 수원천로255번길 6 (영동),경기도 수원시 팔달구 영동 8,디지털정책과,031-5191-2299,37.277481,127.018275,2026-05-12,I,2026-05-15 18:45:29,2026-05-12 16:18:10
3740000,202637400000701190,중앙어린이공원,경기도 수원시 권선구 권선동 946,경기도,수원시,편의시설,KT,PublicWiFi@Suwon,202306,,경기도 수원시 권선구 권선동 946,디지털정책과,031-5191-2299,37.262383,127.022776,2026-05-12,I,2026-05-15 18:45:29,2026-05-12 16:18:10
3740000,202637400000701191,영통 견우직녀 광장,경기도 수원시 영통구 영통동 995-3,경기도,수원시,편의시설,KT,PublicWiFi@Suwon,202306,경기도 수원시 영통구 봉영로 1598 (영통동),경기도 수원시 영통구 영통동 995-3,디지털정책과,031-5191-2299,37.253311,127.073813,2026-05-12,I,2026-05-15 18:45:29,2026-05-12 16:18:10
3740000,202637400000701192,일월공원 쉼터 앞,경기도 수원시 권선구 구운동 457-1,경기도,수원시,편의시설,KT,PublicWiFi@Suwon,202312,,경기도 수원시 권선구 구운동 457-1,디지털정책과,031-5191-2299,37.28538,126.973633,2026-05-12,I,2026-05-15 18:45:29,2026-05-12 16:18:10
3740000,202637400000701193,일월공원 운동시설 앞,경기도 수원시 장안구 율천동 442-2,경기도,수원시,편의시설,KT,PublicWiFi@Suwon,202312,,경기도 수원시 장안구 율천동 442-2,디지털정책과,031-5191-2299,37.285794,126.975499,2026-05-12,I,2026-05-15 18:45:29,2026-05-12 16:18:10
3740000,202637400000701194,수원시 청소년 문화센터 온누리아트홀,경기도 수원시 팔달구 인계동 333,경기도,수원시,서민·복지시설,KT,PublicWiFi@Suwon,202312,경기도 수원시 팔달구 권광로 293,경기도 수원시 팔달구 인계동 333,디지털정책과,031-5191-2299,37.273368,127.035098,2026-05-12,I,2026-05-15 18:45:29,2026-05-12 16:18:10
3740000,202637400000701195,영흥수목원 온실,경기도 수원시 영통구 영통동 36-3,경기도,수원시,편의시설,LGU+,PublicWiFi@Suwon,202312,경기도 수원시 영통구 영통로 435,경기도 수원시 영통구 영통동 36-3,통신사,031-5191-2299,37.260619,127.073084,2026-05-12,I,2026-05-15 18:45:29,2026-05-12 16:18:10
3740000,202637400000701196,영흥수목원 잔디마당,경기도 수원시 영통구 영통동 36-3,경기도,수원시,편의시설,LGU+,PublicWiFi@Suwon,202312,경기도 수원시 영통구 영통로 435,경기도 수원시 영통구 영통동 36-3,통신사,031-5191-2299,37.260619,127.073084,2026-05-12,I,2026-05-15 18:45:29,2026-05-12 16:18:10
3740000,202637400000701197,영흥수목원 정조효원,경기도 수원시 영통구 영통동 36-3,경기도,수원시,편의시설,LGU+,PublicWiFi@Suwon,202312,경기도 수원시 영통구 영통로 435,경기도 수원시 영통구 영통동 36-3,통신사,031-5191-2299,37.260619,127.073084,2026-05-12,I,2026-05-15 18:45:29,2026-05-12 16:18:10
3740000,202637400000701198,영흥수목원 연못,경기도 수원시 영통구 영통동 36-3,경기도,수원시,편의시설,LGU+,PublicWiFi@Suwon,202312,경기도 수원시 영통구 영통로 435,경기도 수원시 영통구 영통동 36-3,통신사,031-5191-2299,37.260619,127.073084,2026-05-12,I,2026-05-15 18:45:29,2026-05-12 16:18:10
3740000,202637400000701199,영흥숲공원 숲놀이터,경기도 수원시 영통구 원천동 309,경기도,수원시,편의시설,LGU+,PublicWiFi@Suwon,202312,경기도 수원시 영통구 영흥숲길 50 (원천동),경기도 수원시 영통구 원천동 309,통신사,031-5191-2299,37.26004,127.072754,2026-05-12,I,2026-05-15 18:45:29,2026-05-12 16:18:10
3740000,202637400000701200,영흥숲공원 바닥분수,경기도 수원시 영통구 원천동 309,경기도,수원시,편의시설,LGU+,PublicWiFi@Suwon,202312,경기도 수원시 영통구 영흥숲길 50 (원천동),경기도 수원시 영통구 원천동 309,통신사,031-5191-2299,37.26004,127.072754,2026-05-12,I,2026-05-15 18:45:29,2026-05-12 16:18:10
3740000,202637400000701201,영흥수목원 방문자센터,경기도 수원시 영통구 영통동 21-1,경기도,수원시,편의시설,KT,PublicWiFi@Suwon,202312,,경기도 수원시 영통구 영통동 21-1,디지털정책과,031-5191-2299,37.262265,127.070915,2026-05-12,I,2026-05-15 18:45:29,2026-05-12 16:18:10
3740000,202637400000701202,밤밭노인복지관,경기도 수원시 장안구 율천동 40-1,경기도,수원시,서민·복지시설,LGU+,Public WiFi Free,202312,경기도 수원시 장안구 상률로53 (율전동),경기도 수원시 장안구 율천동 40-1,디지털정책과,031-5191-2299,37.306202,126.971855,2026-05-12,I,2026-05-15 18:45:29,2026-05-12 16:18:10
3740000,202637400000701203,서호노인복지관_2,경기도 수원시 권선구 구운동 501,경기도,수원시,서민·복지시설,LGU+,Public WiFi Free,202312,경기도 수원시 권선구 구운로4번길 34 (구운동),경기도 수원시 권선구 구운동 501,통신사,031-5191-2299,37.27849619,126.9761901,2026-05-12,I,2026-05-15 18:45:29,2026-05-12 16:18:10
3740000,202637400000701204,광교노인복지관,경기도 수원시 영통구 이의동 1328-1,경기도,수원시,서민·복지시설,LGU+,Public WiFi Free,202312,경기도 수원시 영통구 센트럴타운로 22 (이의동),경기도 수원시 영통구 이의동 1328-1,통신사,031-5191-2299,37.289372,127.057472,2026-05-12,I,2026-05-15 18:45:29,2026-05-12 16:18:10
3740000,202637400000701205,영통종합사회복지관,경기도 수원시 영통구 영통동 1012-5,경기도,수원시,서민·복지시설,LGU+,Public WiFi Free,202312,경기도 수원시 영통구 반달로45,경기도 수원시 영통구 영통동 1012-5,통신사,031-5191-2299,37.250589,127.077368,2026-05-12,I,2026-05-15 18:45:29,2026-05-12 16:18:10
3740000,202637400000701206,능실종합사회복지관,경기도 수원시 권선구 호매실동 1415,경기도,수원시,서민·복지시설,LGU+,Public WiFi Free,202312,경기도 수원시 권선구 호매실로 166번길10,경기도 수원시 권선구 호매실동 1415,통신사,031-5191-2299,37.258081,126.959102,2026-05-12,I,2026-05-15 18:45:29,2026-05-12 16:18:10
3740000,202637400000701207,종합운동장 축구장 홈 응원석,경기도 수원시 장안구 조원동 775,경기도,수원시,편의시설,LGU+,Public WiFi Free,202312,경기도 수원시 장안구 경수대로 893,경기도 수원시 장안구 조원동 775,통신사,031-5191-2299,37.297117,127.011312,2026-05-12,I,2026-05-15 18:45:29,2026-05-12 16:18:10
3740000,202637400000701208,종합운동장 축구장 원정 응원석,경기도 수원시 장안구 조원동 775,경기도,수원시,편의시설,LGU+,Public WiFi Free,202312,경기도 수원시 장안구 경수대로 893,경기도 수원시 장안구 조원동 775,통신사,031-5191-2299,37.297117,127.011312,2026-05-12,I,2026-05-15 18:45:29,2026-05-12 16:18:10
3740000,202637400000701209,종합운동장 축구장 VIP 응원석,경기도 수원시 장안구 조원동 775,경기도,수원시,편의시설,LGU+,Public WiFi Free,202312,경기도 수원시 장안구 경수대로 893,경기도 수원시 장안구 조원동 775,통신사,031-5191-2299,37.297117,127.011312,2026-05-12,I,2026-05-15 18:45:29,2026-05-12 16:18:10
3740000,202637400000701210,종합운동장 축구장 기자석,경기도 수원시 장안구 조원동 775,경기도,수원시,편의시설,LGU+,Public WiFi Free,202312,경기도 수원시 장안구 경수대로 893,경기도 수원시 장안구 조원동 775,통신사,031-5191-2299,37.297117,127.011312,2026-05-12,I,2026-05-15 18:45:29,2026-05-12 16:18:10
3740000,202637400000701211,영통3동 행정복지센터,경기도 수원시 영통구 영통동 989-6,경기도,수원시,관공서,KT,PublicWiFi@Suwon,202401,경기도 수원시 영통구 매영로 386,경기도 수원시 영통구 영통동 989-6,디지털정책과,031-5191-2299,37.24952,127.07389,2026-05-12,I,2026-05-15 18:45:29,2026-05-12 16:18:10
3740000,202637400000701212,율천동 행정복지센터,경기도 수원시 장안구 율전동 433-2,경기도,수원시,관공서,KT,PublicWiFi@Suwon,202402,경기도 수원시 장안구 서부로2106번길 27(율전동),경기도 수원시 장안구 율전동 433-2,디지털정책과,031-5191-2299,37.29761518,126.9714246,2026-05-12,I,2026-05-15 18:45:29,2026-05-12 16:18:10
3740000,202637400000701213,정자1동 행정복지센터,경기도 수원시 장안구 정자동 840-96,경기도,수원시,관공서,KT,PublicWiFi@Suwon,202402,경기도 수원시 장안구 정자로130번길 20(정자동),경기도 수원시 장안구 정자동 840-96,디지털정책과,031-5191-2299,37.30221359,126.9912924,2026-05-12,I,2026-05-15 18:45:29,2026-05-12 16:18:10
3740000,202637400000701214,정자2동 행정복지센터,경기도 수원시 장안구 정자동 32-7,경기도,수원시,관공서,KT,PublicWiFi@Suwon,202402,경기도 수원시 장안구 송정로24번길 34(정자동),경기도 수원시 장안구 정자동 32-7,디지털정책과,031-5191-2299,37.2950777,127.0004376,2026-05-12,I,2026-05-15 18:45:29,2026-05-12 16:18:10
3740000,202637400000701215,조원1동 행정복지센터,경기도 수원시 장안구 조원동 735,경기도,수원시,관공서,KT,PublicWiFi@Suwon,202402,경기도 수원시 장안구 금당로 56(조원동),경기도 수원시 장안구 조원동 735,디지털정책과,031-5191-2299,37.30179829,127.0164992,2026-05-12,I,2026-05-15 18:45:29,2026-05-12 16:18:10
3740000,202637400000701216,조원2동 행정복지센터,경기도 수원시 장안구 조원동 877,경기도,수원시,관공서,KT,PublicWiFi@Suwon,202402,경기도 수원시 장안구 송원로 109-50(조원동),경기도 수원시 장안구 조원동 877,디지털정책과,031-5191-2299,37.30561583,127.0096781,2026-05-12,I,2026-05-15 18:45:29,2026-05-12 16:18:10
3740000,202637400000701217,연무동 행정복지센터,경기도 수원시 장안구 연무동 181-1,경기도,수원시,관공서,KT,PublicWiFi@Suwon,202402,경기도 수원시 장안구 경수대로 757(연무동),경기도 수원시 장안구 연무동 181-1,디지털정책과,031-5191-2299,37.29055974,127.0215311,2026-05-12,I,2026-05-15 18:45:29,2026-05-12 16:18:10
3740000,202637400000701218,세류1동 행정복지센터,경기도 수원시 권선구 세류동 223-2,경기도,수원시,관공서,KT,PublicWiFi@Suwon,202402,경기도 수원시 권선구 세류로38번길 10(세류동),경기도 수원시 권선구 세류동 223-2,디지털정책과,031-5191-2299,37.26219308,127.0079815,2026-05-12,I,2026-05-15 18:45:29,2026-05-12 16:18:10
3740000,202637400000701219,세류3동 행정복지센터,경기도 수원시 권선구 세류동 476-11,경기도,수원시,관공서,KT,PublicWiFi@Suwon,202402,경기도 수원시 권선구 정조로 557(세류동),경기도 수원시 권선구 세류동 476-11,디지털정책과,031-5191-2299,37.2590463,127.0119447,2026-05-12,I,2026-05-15 18:45:29,2026-05-12 16:18:10
3740000,202637400000701220,평동 행정복지센터,경기도 수원시 권선구 평동 35-6,경기도,수원시,관공서,KT,PublicWiFi@Suwon,202402,경기도 수원시 권선구 평동로76번길 13(평동),경기도 수원시 권선구 평동 35-6,디지털정책과,031-5191-2299,37.25805922,126.9941698,2026-05-12,I,2026-05-15 18:45:29,2026-05-12 16:18:10
3740000,202637400000701221,서둔동 행정복지센터,경기도 수원시 권선구 서둔동 207-13,경기도,수원시,관공서,KT,PublicWiFi@Suwon,202402,경기도 수원시 권선구 서호로 146(서둔동),경기도 수원시 권선구 서둔동 207-13,디지털정책과,031-5191-2299,37.27260136,126.9860688,2026-05-12,I,2026-05-15 18:45:29,2026-05-12 16:18:10
3740000,202637400000701222,구운동 행정복지센터,경기도 수원시 권선구 구운동 965,경기도,수원시,관공서,KT,PublicWiFi@Suwon,202402,경기도 수원시 권선구 구운로47번길 57-33(구운동),경기도 수원시 권선구 구운동 965,디지털정책과,031-5191-2299,37.27711836,126.9714684,2026-05-12,I,2026-05-15 18:45:29,2026-05-12 16:18:10
3740000,202637400000701223,권선1동 행정복지센터,경기도 수원시 권선구 권선동 1034-5,경기도,수원시,관공서,KT,PublicWiFi@Suwon,202402,경기도 수원시 권선구 경수대로352번길 29(권선동),경기도 수원시 권선구 권선동 1034-5,디지털정책과,031-5191-2299,37.25775045,127.0246059,2026-05-12,I,2026-05-15 18:45:29,2026-05-12 16:18:10
3740000,202637400000701224,권선2동 행정복지센터,경기도 수원시 권선구 권선동 1268-2,경기도,수원시,관공서,KT,PublicWiFi@Suwon,202402,경기도 수원시 권선구 권중로 85(권선동),경기도 수원시 권선구 권선동 1268-2,디지털정책과,031-5191-2299,37.25132304,127.0297122,2026-05-12,I,2026-05-15 18:45:29,2026-05-12 16:18:10
3740000,202637400000701225,곡선동 행정복지센터,경기도 수원시 권선구 곡반정동 525,경기도,수원시,관공서,KT,PublicWiFi@Suwon,202402,경기도 수원시 권선구 동수원로146번길 174(곡반정동),경기도 수원시 권선구 곡반정동 525,디지털정책과,031-5191-2299,37.24331719,127.0333291,2026-05-12,I,2026-05-15 18:45:29,2026-05-12 16:18:10
3740000,202637400000701226,입북동 행정복지센터,경기도 수원시 권선구 입북동 429-9,경기도,수원시,관공서,KT,PublicWiFi@Suwon,202402,경기도 수원시 권선구 입북로 17(입북동),경기도 수원시 권선구 입북동 429-9,디지털정책과,031-5191-2299,37.29321105,126.9595438,2026-05-12,I,2026-05-15 18:45:29,2026-05-12 16:18:10
3740000,202637400000701227,행궁동 행정복지센터,경기도 수원시 팔달구 신풍동 100,경기도,수원시,관공서,KT,PublicWiFi@Suwon,202402,경기도 수원시 팔달구 신풍로23번길 40(신풍동),경기도 수원시 팔달구 신풍동 100,디지털정책과,031-5191-2299,37.28404832,127.0126478,2026-05-12,I,2026-05-15 18:45:29,2026-05-12 16:18:10
3740000,202637400000701228,매교동 행정복지센터,경기도 수원시 팔달구 매교동 88-1,경기도,수원시,관공서,KT,PublicWiFi@Suwon,202402,경기도 수원시 팔달구 효원로89번길 60(매교동),경기도 수원시 팔달구 매교동 88-1,디지털정책과,031-5191-2299,37.26857187,127.0142507,2026-05-12,I,2026-05-15 18:45:29,2026-05-12 16:18:10
3740000,202637400000701229,화서2동 행정복지센터,경기도 수원시 팔달구 화서동 689-1,경기도,수원시,관공서,KT,PublicWiFi@Suwon,202402,경기도 수원시 팔달구 화산로6번길 6(화서동),경기도 수원시 팔달구 화서동 689-1,디지털정책과,031-5191-2299,37.2850898,126.986283,2026-05-12,I,2026-05-15 18:45:29,2026-05-12 16:18:10
3740000,202637400000701230,우만1동 행정복지센터,경기도 수원시 팔달구 우만동 245,경기도,수원시,관공서,KT,PublicWiFi@Suwon,202402,경기도 수원시 팔달구 경수대로656번길 37-17(우만동),경기도 수원시 팔달구 우만동 245,디지털정책과,031-5191-2299,37.290106,127.0350278,2026-05-12,I,2026-05-15 18:45:29,2026-05-12 16:18:10
3740000,202637400000701231,우만2동 행정복지센터,경기도 수원시 팔달구 우만동 108-3,경기도,수원시,관공서,KT,PublicWiFi@Suwon,202402,경기도 수원시 팔달구 중부대로207번길 33(우만동),경기도 수원시 팔달구 우만동 108-3,디지털정책과,031-5191-2299,37.27800174,127.0397805,2026-05-12,I,2026-05-15 18:45:29,2026-05-12 16:18:10
3740000,202637400000701232,매탄2동 행정복지센터,경기도 수원시 영통구 매탄동 198-99,경기도,수원시,관공서,KT,PublicWiFi@Suwon,202402,경기도 수원시 영통구 매영로39번길 21(매탄동),경기도 수원시 영통구 매탄동 198-99,디지털정책과,031-5191-2299,37.27014905,127.0474386,2026-05-12,I,2026-05-15 18:45:29,2026-05-12 16:18:10
3740000,202637400000701233,매탄4동 행정복지센터,경기도 수원시 영통구 매탄동 232-2,경기도,수원시,관공서,KT,PublicWiFi@Suwon,202402,경기도 수원시 영통구 산남로 26-4(매탄동),경기도 수원시 영통구 매탄동 232-2,디지털정책과,031-5191-2299,37.26512073,127.0487071,2026-05-12,I,2026-05-15 18:45:29,2026-05-12 16:18:10
3740000,202637400000701234,원천동 행정복지센터,경기도 수원시 영통구 원천동 610,경기도,수원시,관공서,KT,PublicWiFi@Suwon,202402,경기도 수원시 영통구 중부대로 339(원천동),경기도 수원시 영통구 원천동 610,디지털정책과,031-5191-2299,37.27349484,127.0532676,2026-05-12,I,2026-05-15 18:45:29,2026-05-12 16:18:10
3740000,202637400000701235,광교2동 행정복지센터,경기도 수원시 영통구 하동 976,경기도,수원시,관공서,KT,PublicWiFi@Suwon,202402,경기도 수원시 영통구 법조로 149번길 155(하동),경기도 수원시 영통구 하동 976,디지털정책과,031-5191-2299,37.29225652,127.0701028,2026-05-12,I,2026-05-15 18:45:29,2026-05-12 16:18:10
3740000,202637400000701236,영통1동 행정복지센터,경기도 수원시 영통구 영통동 947-6,경기도,수원시,관공서,KT,PublicWiFi@Suwon,202402,경기도 수원시 영통구 봉영로1759번길 23(영통동),경기도 수원시 영통구 영통동 947-6,디지털정책과,031-5191-2299,37.26634317,127.0805545,2026-05-12,I,2026-05-15 18:45:29,2026-05-12 16:18:10
3740000,202637400000701237,영통2동 행정복지센터,경기도 수원시 영통구 영통동 977-3,경기도,수원시,관공서,KT,PublicWiFi@Suwon,202402,경기도 수원시 영통구 영통로217번길 12(영통동),경기도 수원시 영통구 영통동 977-3,디지털정책과,031-5191-2299,37.24696313,127.0563236,2026-05-12,I,2026-05-15 18:45:29,2026-05-12 16:18:10
3740000,202637400000701238,장안구보건소,경기도 수원시 장안구 조원동 888,경기도,수원시,관공서,KT,PublicWiFi@Suwon,202402,경기도 수원시 장안구 송원로 101(조원동),경기도 수원시 장안구 조원동 888,디지털정책과,031-5191-2299,37.30338127,127.0096236,2026-05-12,I,2026-05-15 18:45:29,2026-05-12 16:18:10
3740000,202637400000701239,권선구보건소,경기도 수원시 권선구 탑동 910,경기도,수원시,관공서,KT,PublicWiFi@Suwon,202402,경기도 수원시 권선구 호매실로 22-50(탑동),경기도 수원시 권선구 탑동 910,디지털정책과,031-5191-2299,37.25874424,126.9711281,2026-05-12,I,2026-05-15 18:45:29,2026-05-12 16:18:10
3740000,202637400000701240,팔달구보건소,경기도 수원시 팔달구 교동 56-1,경기도,수원시,관공서,KT,PublicWiFi@Suwon,202402,경기도 수원시 팔달구 팔달산로 6(교동),경기도 수원시 팔달구 교동 56-1,디지털정책과,031-5191-2299,37.27149864,127.0125194,2026-05-12,I,2026-05-15 18:45:29,2026-05-12 16:18:10
3740000,202637400000701241,영통구보건소,경기도 수원시 영통구 영통동 961-18,경기도,수원시,관공서,KT,PublicWiFi@Suwon,202402,경기도 수원시 영통구 영통로 396(영통동),경기도 수원시 영통구 영통동 961-18,디지털정책과,031-5191-2299,37.2568819,127.0697092,2026-05-12,I,2026-05-15 18:45:29,2026-05-12 16:18:10
3740000,202637400000701242,도로교통관리사업소,경기도 수원시 권선구 고색동 886-70,경기도,수원시,관공서,KT,PublicWiFi@Suwon,202402,경기도 수원시 권선구 서부로 1600(고색동),경기도 수원시 권선구 고색동 886-70,디지털정책과,031-5191-2299,37.25239486,126.9764193,2026-05-12,I,2026-05-15 18:45:29,2026-05-12 16:18:10
3740000,202637400000701243,장안구청 종합민원실,경기도 수원시 장안구 조원동 888,경기도,수원시,관공서,KT,PublicWiFi@Suwon,202402,경기도 수원시 장안구 송원로 101(조원동),경기도 수원시 장안구 조원동 888,디지털정책과,031-5191-2299,37.30338127,127.0096236,2026-05-12,I,2026-05-15 18:45:29,2026-05-12 16:18:10
3740000,202637400000701244,상수도사업소,경기도 수원시 장안구 하광교동 416-1,경기도,수원시,관공서,KT,PublicWiFi@Suwon,202402,경기도 수원시 장안구 광교산로 119(하광교동),경기도 수원시 장안구 하광교동 416-1,디지털정책과,031-5191-2299,37.30022113,127.0279268,2026-05-12,I,2026-05-15 18:45:29,2026-05-12 16:18:10
3740000,202637400000701245,수원 화성행궁 광장,경기도 수원시 팔달구 남창동 6-2,경기도,수원시,관광,KT,PublicWiFi@Suwon,202403,경기도 수원시 팔달구 정조로 825(남창동),경기도 수원시 팔달구 남창동 6-2,디지털정책과,031-5191-2299,37.28188202,127.014393,2026-05-12,I,2026-05-15 18:45:29,2026-05-12 16:18:10
3740000,202637400000701246,수원화성 서장대,경기도 수원시 팔달구 남창동 55-23,경기도,수원시,관광,KT,PublicWiFi@Suwon,202403,,경기도 수원시 팔달구 남창동 55-23,디지털정책과,031-5191-2299,37.280729,127.010311,2026-05-12,I,2026-05-15 18:45:29,2026-05-12 16:18:11
3740000,202637400000701247,수원 화성행궁 화령전,경기도 수원시 팔달구 남창동 6-2,경기도,수원시,관광,KT,PublicWiFi@Suwon,202403,경기도 수원시 팔달구 정조로 825(남창동),경기도 수원시 팔달구 남창동 6-2,디지털정책과,031-5191-2299,37.28188202,127.014393,2026-05-12,I,2026-05-15 18:45:29,2026-05-12 16:18:11
3740000,202637400000701248,올림픽공원,경기도 수원시 권선구 권선동 1012,경기도,수원시,편의시설,KT,PublicWiFi@Suwon,202405,경기도 수원시 권선구 효원로 240(권선동),경기도 수원시 권선구 권선동 1012,디지털정책과,031-5191-2299,37.26102262,127.026555,2026-05-12,I,2026-05-15 18:45:29,2026-05-12 16:18:11
3740000,202637400000701249,수원KT위즈파크.행정동우회관(01128),경기도 수원시 장안구 송죽동 504-1,경기도,수원시,교통시설,KT,Public WiFi Free,202405,경기도 수원시 장안구 송원로 51,경기도 수원시 장안구 송죽동 504-1,통신사,031-5191-2299,37.29995747,127.0076381,2026-05-12,I,2026-05-15 18:45:29,2026-05-12 16:18:11
3740000,202637400000701250,수원KT위즈파크(01131),경기도 수원시 장안구 조원동 775,경기도,수원시,교통시설,KT,Public WiFi Free,202405,경기도 수원시 장안구 경수대로 893(조원동),경기도 수원시 장안구 조원동 775,통신사,031-5191-2299,37.29860953,127.0075568,2026-05-12,I,2026-05-15 18:45:29,2026-05-12 16:18:11
3740000,202637400000701251,장안지하차도.수원KT위즈파크(01238),경기도 수원시 장안구 송죽동 499-3,경기도,수원시,교통시설,KT,Public WiFi Free,202405,경기도 수원시 장안구 경수대로 935,경기도 수원시 장안구 송죽동 499-3,통신사,031-5191-2299,37.30204425,127.0079271,2026-05-12,I,2026-05-15 18:45:29,2026-05-12 16:18:11
3740000,202637400000701252,수원KT위즈파크.수원종합운동장(01136),경기도 수원시 장안구 조원동 825,경기도,수원시,교통시설,KT,Public WiFi Free,202405,,경기도 수원시 장안구 조원동 825,통신사,031-5191-2299,37.299403,127.011713,2026-05-12,I,2026-05-15 18:45:29,2026-05-12 16:18:11
3740000,202637400000701253,수원KT위즈파크.수원종합운동장(01134),경기도 수원시 장안구 조원동 825,경기도,수원시,교통시설,KT,Public WiFi Free,202405,,경기도 수원시 장안구 조원동 825,통신사,031-5191-2299,37.3008,127.01052,2026-05-12,I,2026-05-15 18:45:29,2026-05-12 16:18:11
3740000,202637400000701254,수원종합운동장.로얄팰리스(01129),경기도 수원시 장안구 송죽동 514,경기도,수원시,교통시설,KT,Public WiFi Free,202405,경기도 수원시 장안구 송정로 83 (송죽동),경기도 수원시 장안구 송죽동 514,통신사,031-5191-2299,37.29610459,127.0082964,2026-05-12,I,2026-05-15 18:45:29,2026-05-12 16:18:11
3740000,202637400000701255,수원종합운동장.수원시체육회관(01130),경기도 수원시 장안구 조원동 680-1,경기도,수원시,교통시설,KT,Public WiFi Free,202405,경기도 수원시 장안구 정조로 998 (조원동),경기도 수원시 장안구 조원동 680-1,통신사,031-5191-2299,37.296223,127.008739,2026-05-12,I,2026-05-15 18:45:29,2026-05-12 16:18:11
3740000,202637400000701256,반려동물센터,경기도 수원시 영통구 하동 40-10,경기도,수원시,관공서,KT,PublicWiFi@Suwon,202501,경기도 수원시 영통구 광교호수로 234,경기도 수원시 영통구 하동 40-10,디지털정책과,031-5191-2299,37.285,127.0786,2026-05-12,I,2026-05-15 18:45:29,2026-05-12 16:18:11
3740000,202637400000701257,동공원,경기도 수원시 장안구 연무동 257-26,경기도,수원시,편의시설,KT,PublicWiFi@Suwon,202501,경기도 수원시 장안구 경수대로 744번길 49,경기도 수원시 장안구 연무동 257-26,디지털정책과,031-5191-2299,37.2922,127.0241,2026-05-12,I,2026-05-15 18:45:29,2026-05-12 16:18:11
3740000,202637400000701258,쪽박산 어린이공원,경기도 수원시 장안구 연무동 252-1,경기도,수원시,편의시설,KT,PublicWiFi@Suwon,202501,,경기도 수원시 장안구 연무동 252-1,디지털정책과,031-5191-2299,37.2933,127.0239,2026-05-12,I,2026-05-15 18:45:29,2026-05-12 16:18:11
3740000,202637400000701259,수원박물관,경기도 수원시 영통구 이의동 1088-10,경기도,수원시,지역문화시설,KT,PublicWiFi@Suwon,202504,경기도 수원시 영통구 창룡대로 265(이의동),경기도 수원시 영통구 이의동 1088-10,박물관사업소,031-5191-2299,37.2976457,127.0356313,2026-05-12,I,2026-05-15 18:45:29,2026-05-12 16:18:11
3740000,202637400000701260,수원화성박물관,경기도 수원시 팔달구 매향동 49,경기도,수원시,지역문화시설,KT,PublicWiFi@Suwon,202504,경기도 수원시 팔달구 창룡대로 21(매향동),경기도 수원시 팔달구 매향동 49,박물관사업소,031-5191-2299,37.28259139,127.0189849,2026-05-12,I,2026-05-15 18:45:29,2026-05-12 16:18:11
3740000,202637400000701261,수원광교박물관,경기도 수원시 영통구 이의동 403-2,경기도,수원시,지역문화시설,KT,PublicWiFi@Suwon,202504,경기도 수원시 영통구 광교로 182,경기도 수원시 영통구 이의동 403-2,박물관사업소,031-5191-2299,37.29634961,127.0514205,2026-05-12,I,2026-05-15 18:45:29,2026-05-12 16:18:11
3740000,202637400000701262,수원화성 용연,경기도 수원시 장안구 연무동 190,경기도,수원시,관광,KT,PublicWiFi@Suwon,202504,,경기도 수원시 장안구 연무동 190,디지털정책과,031-5191-2299,37.288299,127.019076,2026-05-12,I,2026-05-15 18:45:29,2026-05-12 16:18:11
3740000,202637400000701263,수원화성 동장대,경기도 수원시 팔달구 매향동 4,경기도,수원시,관광,KT,PublicWiFi@Suwon,202504,경기도 수원시 팔달구 창룡대로103번길 20,경기도 수원시 팔달구 매향동 4,디지털정책과,031-5191-2299,37.28843662,127.0229785,2026-05-12,I,2026-05-15 18:45:29,2026-05-12 16:18:11
3740000,202637400000701264,창룡문 안내소,경기도 수원시 팔달구 지동 261-1,경기도,수원시,관광,KT,PublicWiFi@Suwon,202504,경기도 수원시 팔달구 경수대로 697,경기도 수원시 팔달구 지동 261-1,디지털정책과,031-5191-2299,37.28736922,127.0257523,2026-05-12,I,2026-05-15 18:45:29,2026-05-12 16:18:11
3740000,202637400000701265,창룡문.연무대(03067),경기도 수원시 팔달구 매향동 3-32,경기도,수원시,교통시설,KT,PublicWiFi@Suwon,202504,경기도 수원시 팔달구 창룡대로 105,경기도 수원시 팔달구 매향동 3-32,디지털정책과,031-5191-2299,37.288184,127.02424,2026-05-12,I,2026-05-15 18:45:29,2026-05-12 16:18:11
3740000,202637400000701266,경희대정문(04241),경기도 수원시 영통구 영통동 1024-8,경기도,수원시,교통시설,KT,PublicWiFi@Suwon,202504,경기도 수원시 영통구 덕영대로 1701 (영통동),경기도 수원시 영통구 영통동 1024-8,디지털정책과,031-5191-2299,37.27860593,127.0435064,2026-05-12,I,2026-05-15 18:45:29,2026-05-12 16:18:11
3740000,202637400000701267,효원공원,경기도 수원시 팔달구 인계동 1117,경기도,수원시,편의시설,KT,PublicWiFi@Suwon,202504,경기도 수원시 팔달구 동수원로 397(인계동),경기도 수원시 팔달구 인계동 1117,디지털정책과,031-5191-2299,37.26467365,127.0394443,2026-05-12,I,2026-05-15 18:45:29,2026-05-12 16:18:11
3740000,202637400000701268,수원역.역전시장(03023),경기도 수원시 팔달구 매산로1가 57-42,경기도,수원시,교통시설,KT,PublicWiFi@Suwon,202504,경기도 수원시 팔달구 덕영대로 935 (매산로1가),경기도 수원시 팔달구 매산로1가 57-42,디지털정책과,031-5191-2299,37.26517759,127.0018399,2026-05-12,I,2026-05-15 18:45:29,2026-05-12 16:18:11
3740000,202637400000701269,법원사거리(04042),경기도 수원시 영통구 원천동 76-1,경기도,수원시,교통시설,KT,PublicWiFi@Suwon,202504,경기도 수원시 영통구 원천동 76-1,경기도 수원시 영통구 원천동 76-1,디지털정책과,031-5191-2299,37.27404531,127.0470577,2026-05-12,I,2026-05-15 18:45:29,2026-05-12 16:18:11
3740000,202637400000701270,KT수원지사.국민연금북수원지사(01135),경기도 수원시 장안구 영화동 301-3,경기도,수원시,교통시설,KT,PublicWiFi@Suwon,202504,경기도 수원시 장안구 정조로 956 (영화동),경기도 수원시 장안구 영화동 301-3,디지털정책과,031-5191-2299,37.29270559,127.0116929,2026-05-12,I,2026-05-15 18:45:29,2026-05-12 16:18:11
3740000,202637400000701271,수원전통문화관.장안동(03134),경기도 수원시 팔달구 장안동 33-1,경기도,수원시,교통시설,KT,PublicWiFi@Suwon,202504,경기도 수원시 팔달구 정조로 887 (장안동),경기도 수원시 팔달구 장안동 33-1,디지털정책과,031-5191-2299,37.28710082,127.0145338,2026-05-12,I,2026-05-15 18:45:29,2026-05-12 16:18:11
3740000,202637400000701272,2001아울렛(03135),경기도 수원시 팔달구 인계동 750-82,경기도,수원시,교통시설,KT,PublicWiFi@Suwon,202504,경기도 수원시 팔달구 중부대로 50 (인계동),경기도 수원시 팔달구 인계동 750-82,디지털정책과,031-5191-2299,37.27523471,127.0223791,2026-05-12,I,2026-05-15 18:45:29,2026-05-12 16:18:11
3740000,202637400000701273,아주대학교입구(04238),경기도 수원시 영통구 원천동 27-1,경기도,수원시,교통시설,KT,PublicWiFi@Suwon,202504,경기도 수원시 영통구 아주로 12 (원천동),경기도 수원시 영통구 원천동 27-1,디지털정책과,031-5191-2299,37.27596384,127.0441408,2026-05-12,I,2026-05-15 18:45:29,2026-05-12 16:18:11
3740000,202637400000701274,세무서.도청입구.신용회복위원회(03038),경기도 수원시 팔달구 매산로2가 40-1,경기도,수원시,교통시설,KT,PublicWiFi@Suwon,202504,경기도 수원시 팔달구 매산로 51 (매산로2가),경기도 수원시 팔달구 매산로2가 40-1,디지털정책과,031-5191-2299,37.26918884,127.0068728,2026-05-12,I,2026-05-15 18:45:29,2026-05-12 16:18:11
3740000,202637400000701275,세무서.도청입구(03039),경기도 수원시 팔달구 매산로2가 58-1,경기도,수원시,교통시설,KT,PublicWiFi@Suwon,202504,경기도 수원시 팔달구 매산로 62 (매산로2가),경기도 수원시 팔달구 매산로2가 58-1,디지털정책과,031-5191-2299,37.26895811,127.007892,2026-05-12,I,2026-05-15 18:45:29,2026-05-12 16:18:11
3740000,202637400000701276,망포중학교(04176),경기도 수원시 영통구 망포동 542-11,경기도,수원시,교통시설,KT,PublicWiFi@Suwon,202504,경기도 수원시 영통구 영통로 124 (망포동),경기도 수원시 영통구 망포동 542-11,디지털정책과,031-5191-2299,37.23888964,127.0565791,2026-05-12,I,2026-05-15 18:45:29,2026-05-12 16:18:11
3740000,202637400000701277,가족여성회관.이춘택병원.해움미술관.수원농협(03140),경기도 수원시 팔달구 교동 91-1,경기도,수원시,교통시설,KT,PublicWiFi@Suwon,202504,경기도 수원시 팔달구 매산로 133 (교동),경기도 수원시 팔달구 교동 91-1,디지털정책과,031-5191-2299,37.27225884,127.0149955,2026-05-12,I,2026-05-15 18:45:29,2026-05-12 16:18:11
3740000,202637400000701278,장안공원(01259),경기도 수원시 장안구 영화동 328-3,경기도,수원시,교통시설,KT,PublicWiFi@Suwon,202504,경기도 수원시 장안구 팔달로 255 (영화동),경기도 수원시 장안구 영화동 328-3,디지털정책과,031-5191-2299,37.28878057,127.0126937,2026-05-12,I,2026-05-15 18:45:29,2026-05-12 16:18:11
3740000,202637400000701279,화서시장.화서사거리병무청입구(03031),경기도 수원시 팔달구 화서동 71-146,경기도,수원시,교통시설,KT,PublicWiFi@Suwon,202504,경기도 수원시 팔달구 팔달로130번길 3 (화서동),경기도 수원시 팔달구 화서동 71-146,디지털정책과,031-5191-2299,37.28003747,127.0047224,2026-05-12,I,2026-05-15 18:45:29,2026-05-12 16:18:11
3740000,202637400000701280,선일초등학교(02256),경기도 수원시 권선구 권선동 1276,경기도,수원시,교통시설,KT,PublicWiFi@Suwon,202504,경기도 수원시 권선구 권중로120번길 17 (권선동),경기도 수원시 권선구 권선동 1276,디지털정책과,031-5191-2299,37.2483386,127.0304324,2026-05-12,I,2026-05-15 18:45:29,2026-05-12 16:18:11
3740000,202637400000701281,신병원.대원.거산아파트(02131),경기도 수원시 권선구 고색동 36-13,경기도,수원시,교통시설,KT,PublicWiFi@Suwon,202504,경기도 수원시 권선구 매송고색로 736 (고색동),경기도 수원시 권선구 고색동 36-13,디지털정책과,031-5191-2299,37.25176191,126.9849184,2026-05-12,I,2026-05-15 18:45:29,2026-05-12 16:18:11
3740000,202637400000701282,수원고용복지플러스센터.동수원병원(03130),경기도 수원시 팔달구 인계동 940,경기도,수원시,교통시설,KT,PublicWiFi@Suwon,202504,경기도 수원시 팔달구 중부대로 150 (인계동),경기도 수원시 팔달구 인계동 940,디지털정책과,031-5191-2299,37.27773006,127.0324422,2026-05-12,I,2026-05-15 18:45:29,2026-05-12 16:18:11
3740000,202637400000701283,황골벽산아파트(04169),경기도 수원시 영통구 영통동 1053-2,경기도,수원시,교통시설,KT,PublicWiFi@Suwon,202504,경기도 수원시 영통구 봉영로1744번길 11 (영통동),경기도 수원시 영통구 영통동 1053-2,디지털정책과,031-5191-2299,37.26663699,127.0830531,2026-05-12,I,2026-05-15 18:45:29,2026-05-12 16:18:11
3740000,202637400000701284,고색초교.태산아파트(02124),경기도 수원시 권선구 고색동 381-7,경기도,수원시,교통시설,KT,PublicWiFi@Suwon,202504,,경기도 수원시 권선구 고색동 381-7,디지털정책과,031-5191-2299,37.250446,126.979718,2026-05-12,I,2026-05-15 18:45:29,2026-05-12 16:18:11
3740000,202637400000701285,동수원사거리(03080),경기도 수원시 팔달구 지동 73-5,경기도,수원시,교통시설,KT,PublicWiFi@Suwon,202504,경기도 수원시 팔달구 중부대로 119 (지동),경기도 수원시 팔달구 지동 73-5,디지털정책과,031-5191-2299,37.27840484,127.029371,2026-05-12,I,2026-05-15 18:45:29,2026-05-12 16:18:11
3740000,202637400000701286,경기도보건환경연구원.파장시장.광교산입구(01089),경기도 수원시 장안구 파장동 576-1,경기도,수원시,교통시설,KT,PublicWiFi@Suwon,202504,경기도 수원시 장안구 경수대로 1077 (파장동),경기도 수원시 장안구 파장동 576-1,디지털정책과,031-5191-2299,37.30907246,126.9942877,2026-05-12,I,2026-05-15 18:45:29,2026-05-12 16:18:11
3740000,202637400000701287,수원시청.수원일자리센터(03081),경기도 수원시 팔달구 인계동 1111,경기도,수원시,교통시설,KT,PublicWiFi@Suwon,202504,경기도 수원시 팔달구 효원로 241 (인계동),경기도 수원시 팔달구 인계동 1111,디지털정책과,031-5191-2299,37.26345494,127.0286617,2026-05-12,I,2026-05-15 18:45:29,2026-05-12 16:18:11
3740000,202637400000701288,망포1동 행정복지센터,경기도 수원시 영통구 망포동 484,경기도,수원시,관공서,KT,PublicWiFi@Suwon,202501,경기도 수원시 영통구 영통로90번길 4-16 (망포동),경기도 수원시 영통구 망포동 484,디지털정책과,031-5191-2299,37.23778825,127.0608427,2026-05-12,I,2026-05-15 18:45:29,2026-05-12 16:18:11
3740000,202637400000701289,오목천역.영신여자고교(02054) 스마트정류장,경기도 수원시 권선구 오목천동 469-26,경기도,수원시,교통시설,KT,PublicWiFi@Suwon,202512,,경기도 수원시 권선구 오목천동 469-26,디지털정책과,031-5191-2299,37.242734,126.963185,2026-05-12,I,2026-05-15 18:45:29,2026-05-12 16:18:11
3740000,202637400000701290,능실초등학교.힐스테이트호매실(02931) 스마트정류장,경기도 수원시 권선구 호매실로 1392,경기도,수원시,교통시설,KT,PublicWiFi@Suwon,202512,,경기도 수원시 권선구 호매실로 1392,디지털정책과,031-5191-2299,37.260116,126.957374,2026-05-12,I,2026-05-15 18:45:29,2026-05-12 16:18:11
3740000,202637400000701291,호매실스위첸19단지(02939) 스마트정류장,경기도 수원시 권선구 호매실동 1393,경기도,수원시,교통시설,KT,PublicWiFi@Suwon,202512,경기도 수원시 권선구 호매실로166번길 33 (호매실동),경기도 수원시 권선구 호매실동 1393,디지털정책과,031-5191-2299,37.259999,126.958769,2026-05-12,I,2026-05-15 18:45:29,2026-05-12 16:18:11
3740000,202637400000701292,권선경찰서.권선구청입구(02288) 스마트정류장,경기도 수원시 권선구 탑동 898,경기도,수원시,교통시설,KT,PublicWiFi@Suwon,202512,,경기도 수원시 권선구 탑동 898,디지털정책과,031-5191-2299,37.258788,126.973205,2026-05-12,I,2026-05-15 18:45:29,2026-05-12 16:18:11
3740000,202637400000701293,오현초등학교(02835) 스마트정류장,경기도 수원시 권선구 오목천동 248-10,경기도,수원시,교통시설,KT,PublicWiFi@Suwon,202512,,경기도 수원시 권선구 오목천동 248-10,디지털정책과,031-5191-2299,37.245439,126.96809,2026-05-12,I,2026-05-15 18:45:29,2026-05-12 16:18:11
3740000,202637400000701294,우림.대한아파트(02846) 스마트정류장,경기도 수원시 권선구 고색동 431-3,경기도,수원시,교통시설,KT,PublicWiFi@Suwon,202512,경기도 수원시 권선구 서부로 1529 (고색동),경기도 수원시 권선구 고색동 431-3,디지털정책과,031-5191-2299,37.245768,126.977817,2026-05-12,I,2026-05-15 18:45:29,2026-05-12 16:18:11
3740000,202637400000701295,수원델타원.동아엘텍(02965) 스마트정류장,경기도 수원시 권선구 고색동 1098-2,경기도,수원시,교통시설,KT,PublicWiFi@Suwon,202512,경기도 수원시 권선구 산업로 198 (고색동),경기도 수원시 권선구 고색동 1098-2,디지털정책과,031-5191-2299,37.242329,126.986327,2026-05-12,I,2026-05-15 18:45:29,2026-05-12 16:18:11
3740000,202637400000701296,㈜미경테크.(주)대성후드텍(02963) 스마트정류장,경기도 수원시 권선구 고색동 1068,경기도,수원시,교통시설,KT,PublicWiFi@Suwon,202512,경기도 수원시 권선구 산업로156번길 10 (고색동),경기도 수원시 권선구 고색동 1068,디지털정책과,031-5191-2299,37.241473,126.981195,2026-05-12,I,2026-05-15 18:45:29,2026-05-12 16:18:11
3740000,202637400000701297,만석공원,경기도 수원시 장안구 송죽동 434,경기도,수원시,편의시설,KT,PublicWiFi@Suwon,202602,,경기도 수원시 장안구 송죽동 434,디지털정책과,031-5191-2299,37.298398,126.997872,2026-05-12,I,2026-05-15 18:45:29,2026-05-12 16:18:11
3740000,202637400000701298,샘내공원,경기도 수원시 장안구 천천동 520,경기도,수원시,편의시설,KT,PublicWiFi@Suwon,202602,경기도 수원시 장안구 만석로5번길 21 (천천동),경기도 수원시 장안구 천천동 520,디지털정책과,031-5191-2299,37.29576471,126.9819051,2026-05-12,I,2026-05-15 18:45:29,2026-05-12 16:18:11
3740000,202637400000701299,서호공원,경기도 수원시 팔달구 화서동 436-1,경기도,수원시,편의시설,KT,PublicWiFi@Suwon,202602,경기도 수원시 팔달구 수성로100번길 64 (화서동),경기도 수원시 팔달구 화서동 436-1,디지털정책과,031-5191-2299,37.280438,126.987985,2026-05-12,I,2026-05-15 18:45:29,2026-05-12 16:18:11
3740000,202637400000701300,영통사공원,경기도 수원시 영통구 영통동 1048-3,경기도,수원시,편의시설,KT,PublicWiFi@Suwon,202602,,경기도 수원시 영통구 영통동 1048-3,디지털정책과,031-5191-2299,37.25783542,127.0780384,2026-05-12,I,2026-05-15 18:45:29,2026-05-12 16:18:11
3740000,202637400000701301,탑동공원,경기도 수원시 권선구 탑동 746-1,경기도,수원시,편의시설,KT,PublicWiFi@Suwon,202602,경기도 수원시 권선구 탑동로57번길 35 (탑동),경기도 수원시 권선구 탑동 746-1,디지털정책과,031-5191-2299,37.27311789,126.9720697,2026-05-12,I,2026-05-15 18:45:29,2026-05-12 16:18:11
3740000,202637400000701302,퉁소바위공원,경기도 수원시 장안구 연무동 산23-1,경기도,수원시,편의시설,KT,PublicWiFi@Suwon,202602,,경기도 수원시 장안구 연무동 산23-1,디지털정책과,031-5191-2299,37.291648,127.025104,2026-05-12,I,2026-05-15 18:45:29,2026-05-12 16:18:11
3740000,202637400000701303,못골어린이공원,경기도 수원시 팔달구 지동 473,경기도,수원시,편의시설,KT,PublicWiFi@Suwon,202602,경기도 수원시 팔달구 팔달문로115번길 43 (지동),경기도 수원시 팔달구 지동 473,디지털정책과,031-5191-2299,37.2834799,127.027695,2026-05-12,I,2026-05-15 18:45:29,2026-05-12 16:18:11
3740000,202637400000701304,매봉공원,경기도 수원시 영통구 매탄동 1210,경기도,수원시,편의시설,KT,PublicWiFi@Suwon,202602,경기도 수원시 영통구 동탄원천로1109번길 61 (매탄동),경기도 수원시 영통구 매탄동 1210,디지털정책과,031-5191-2299,37.26961594,127.0550597,2026-05-12,I,2026-05-15 18:45:29,2026-05-12 16:18:11
3740000,202637400000701305,수원시의회,경기도 수원시 팔달구 인계동 1111,경기도,수원시,관공서,SKB,PublicWiFi@Suwon,202602,경기도 수원시 팔달구 효원로 231 (인계동),경기도 수원시 팔달구 인계동 1028,디지털정책과,031-5191-2299,37.26348,127.027296,2026-05-12,I,2026-05-15 18:45:29,2026-05-12 16:18:11
3740000,202637400000701306,경기평생교육학습관,경기도 수원시 권선구 권선동 1234,경기도,수원시,교육시설,LGU+,FREE_U+zone,201301,"경기도 수원시 권선구 권중로 55, 경기도교육청평생학습관 (권선동)",경기도 수원시 권선구 권선동 1234 경기도교육청평생학습관,통신사,031-5191-2299,37.252299,127.032160,2026-05-12,I,2026-05-15 18:45:29,2026-05-12 16:21:20
3740000,202637400000701307,시민상가,경기도 수원시 팔달구 영동 10-18,경기도,수원시,서민·복지시설,KT,Public WiFi Free,201301,"경기도 수원시 팔달구 팔달문로4번길 19, 시민백화점 (영동)",경기도 수원시 팔달구 영동 10-18 시민백화점,통신사,031-5191-2299,37.276345,127.018257,2026-05-12,I,2026-05-15 18:45:29,2026-05-12 16:23:38
